indicator_code,indicator_title,metric,year,value,geo_version,geo_code,geo_name
1.1,"Tỷ lệ hộ nghèo phân theo thành thị, nông thôn và theo vùng, địa phương",rate_percent,2006,3,old_63,1,Hà Nội
1.1,"Tỷ lệ hộ nghèo phân theo thành thị, nông thôn và theo vùng, địa phương",rate_percent,2008,6.6,old_63,1,Hà Nội
1.1,"Tỷ lệ hộ nghèo phân theo thành thị, nông thôn và theo vùng, địa phương",rate_percent,2010,5.3,old_63,1,Hà Nội
1.1,"Tỷ lệ hộ nghèo phân theo thành thị, nông thôn và theo vùng, địa phương",rate_percent,2012,3.6,old_63,1,Hà Nội
1.1,"Tỷ lệ hộ nghèo phân theo thành thị, nông thôn và theo vùng, địa phương",rate_percent,2013,2.9,old_63,1,Hà Nội
1.1,"Tỷ lệ hộ nghèo phân theo thành thị, nông thôn và theo vùng, địa phương",rate_percent,2014,2.3,old_63,1,Hà Nội
1.1,"Tỷ lệ hộ nghèo phân theo thành thị, nông thôn và theo vùng, địa phương",rate_percent,2015,1.8,old_63,1,Hà Nội
1.1,"Tỷ lệ hộ nghèo phân theo thành thị, nông thôn và theo vùng, địa phương",rate_percent,2016,1.3,old_63,1,Hà Nội
1.1,"Tỷ lệ hộ nghèo phân theo thành thị, nông thôn và theo vùng, địa phương",rate_percent,2020,0.49,old_63,1,Hà Nội
1.1,"Tỷ lệ hộ nghèo phân theo thành thị, nông thôn và theo vùng, địa phương",rate_percent,2021,0.42,old_63,1,Hà Nội
1.1,"Tỷ lệ hộ nghèo phân theo thành thị, nông thôn và theo vùng, địa phương",rate_percent,2022,0.14,old_63,1,Hà Nội
1.1,"Tỷ lệ hộ nghèo phân theo thành thị, nông thôn và theo vùng, địa phương",rate_percent,2023,0.1,old_63,1,Hà Nội
1.1,"Tỷ lệ hộ nghèo phân theo thành thị, nông thôn và theo vùng, địa phương",rate_percent,2024,0.1,old_63,1,Hà Nội
1.1,"Tỷ lệ hộ nghèo phân theo thành thị, nông thôn và theo vùng, địa phương",rate_percent,2006,12.6,old_63,26,Vĩnh Phúc
1.1,"Tỷ lệ hộ nghèo phân theo thành thị, nông thôn và theo vùng, địa phương",rate_percent,2008,11.3,old_63,26,Vĩnh Phúc
1.1,"Tỷ lệ hộ nghèo phân theo thành thị, nông thôn và theo vùng, địa phương",rate_percent,2010,10.4,old_63,26,Vĩnh Phúc
1.1,"Tỷ lệ hộ nghèo phân theo thành thị, nông thôn và theo vùng, địa phương",rate_percent,2012,7.3,old_63,26,Vĩnh Phúc
1.1,"Tỷ lệ hộ nghèo phân theo thành thị, nông thôn và theo vùng, địa phương",rate_percent,2013,6,old_63,26,Vĩnh Phúc
1.1,"Tỷ lệ hộ nghèo phân theo thành thị, nông thôn và theo vùng, địa phương",rate_percent,2014,4.9,old_63,26,Vĩnh Phúc
1.1,"Tỷ lệ hộ nghèo phân theo thành thị, nông thôn và theo vùng, địa phương",rate_percent,2015,3.7,old_63,26,Vĩnh Phúc
1.1,"Tỷ lệ hộ nghèo phân theo thành thị, nông thôn và theo vùng, địa phương",rate_percent,2016,2.9,old_63,26,Vĩnh Phúc
1.1,"Tỷ lệ hộ nghèo phân theo thành thị, nông thôn và theo vùng, địa phương",rate_percent,2020,2.48,old_63,26,Vĩnh Phúc
1.1,"Tỷ lệ hộ nghèo phân theo thành thị, nông thôn và theo vùng, địa phương",rate_percent,2021,2.31,old_63,26,Vĩnh Phúc
1.1,"Tỷ lệ hộ nghèo phân theo thành thị, nông thôn và theo vùng, địa phương",rate_percent,2022,1.01,old_63,26,Vĩnh Phúc
1.1,"Tỷ lệ hộ nghèo phân theo thành thị, nông thôn và theo vùng, địa phương",rate_percent,2023,0.73,old_63,26,Vĩnh Phúc
1.1,"Tỷ lệ hộ nghèo phân theo thành thị, nông thôn và theo vùng, địa phương",rate_percent,2024,0.6,old_63,26,Vĩnh Phúc
1.1,"Tỷ lệ hộ nghèo phân theo thành thị, nông thôn và theo vùng, địa phương",rate_percent,2006,8.6,old_63,27,Bắc Ninh
1.1,"Tỷ lệ hộ nghèo phân theo thành thị, nông thôn và theo vùng, địa phương",rate_percent,2008,7.5,old_63,27,Bắc Ninh
1.1,"Tỷ lệ hộ nghèo phân theo thành thị, nông thôn và theo vùng, địa phương",rate_percent,2010,7,old_63,27,Bắc Ninh
1.1,"Tỷ lệ hộ nghèo phân theo thành thị, nông thôn và theo vùng, địa phương",rate_percent,2012,4.5,old_63,27,Bắc Ninh
1.1,"Tỷ lệ hộ nghèo phân theo thành thị, nông thôn và theo vùng, địa phương",rate_percent,2013,3.6,old_63,27,Bắc Ninh
1.1,"Tỷ lệ hộ nghèo phân theo thành thị, nông thôn và theo vùng, địa phương",rate_percent,2014,2.6,old_63,27,Bắc Ninh
1.1,"Tỷ lệ hộ nghèo phân theo thành thị, nông thôn và theo vùng, địa phương",rate_percent,2015,2.1,old_63,27,Bắc Ninh
1.1,"Tỷ lệ hộ nghèo phân theo thành thị, nông thôn và theo vùng, địa phương",rate_percent,2016,1.6,old_63,27,Bắc Ninh
1.1,"Tỷ lệ hộ nghèo phân theo thành thị, nông thôn và theo vùng, địa phương",rate_percent,2020,0.71,old_63,27,Bắc Ninh
1.1,"Tỷ lệ hộ nghèo phân theo thành thị, nông thôn và theo vùng, địa phương",rate_percent,2021,0.6,old_63,27,Bắc Ninh
1.1,"Tỷ lệ hộ nghèo phân theo thành thị, nông thôn và theo vùng, địa phương",rate_percent,2022,0.85,old_63,27,Bắc Ninh
1.1,"Tỷ lệ hộ nghèo phân theo thành thị, nông thôn và theo vùng, địa phương",rate_percent,2023,1,old_63,27,Bắc Ninh
1.1,"Tỷ lệ hộ nghèo phân theo thành thị, nông thôn và theo vùng, địa phương",rate_percent,2024,0.61,old_63,27,Bắc Ninh
1.1,"Tỷ lệ hộ nghèo phân theo thành thị, nông thôn và theo vùng, địa phương",rate_percent,2006,7.9,old_63,22,Quảng Ninh
1.1,"Tỷ lệ hộ nghèo phân theo thành thị, nông thôn và theo vùng, địa phương",rate_percent,2008,6.4,old_63,22,Quảng Ninh
1.1,"Tỷ lệ hộ nghèo phân theo thành thị, nông thôn và theo vùng, địa phương",rate_percent,2010,8,old_63,22,Quảng Ninh
1.1,"Tỷ lệ hộ nghèo phân theo thành thị, nông thôn và theo vùng, địa phương",rate_percent,2012,5.2,old_63,22,Quảng Ninh
1.1,"Tỷ lệ hộ nghèo phân theo thành thị, nông thôn và theo vùng, địa phương",rate_percent,2013,4.3,old_63,22,Quảng Ninh
1.1,"Tỷ lệ hộ nghèo phân theo thành thị, nông thôn và theo vùng, địa phương",rate_percent,2014,4.1,old_63,22,Quảng Ninh
1.1,"Tỷ lệ hộ nghèo phân theo thành thị, nông thôn và theo vùng, địa phương",rate_percent,2015,4,old_63,22,Quảng Ninh
1.1,"Tỷ lệ hộ nghèo phân theo thành thị, nông thôn và theo vùng, địa phương",rate_percent,2016,3.7,old_63,22,Quảng Ninh
1.1,"Tỷ lệ hộ nghèo phân theo thành thị, nông thôn và theo vùng, địa phương",rate_percent,2020,2.13,old_63,22,Quảng Ninh
1.1,"Tỷ lệ hộ nghèo phân theo thành thị, nông thôn và theo vùng, địa phương",rate_percent,2021,1.84,old_63,22,Quảng Ninh
1.1,"Tỷ lệ hộ nghèo phân theo thành thị, nông thôn và theo vùng, địa phương",rate_percent,2022,1.11,old_63,22,Quảng Ninh
1.1,"Tỷ lệ hộ nghèo phân theo thành thị, nông thôn và theo vùng, địa phương",rate_percent,2023,1.09,old_63,22,Quảng Ninh
1.1,"Tỷ lệ hộ nghèo phân theo thành thị, nông thôn và theo vùng, địa phương",rate_percent,2024,0.64,old_63,22,Quảng Ninh
1.1,"Tỷ lệ hộ nghèo phân theo thành thị, nông thôn và theo vùng, địa phương",rate_percent,2006,12.7,old_63,30,Hải Dương
1.1,"Tỷ lệ hộ nghèo phân theo thành thị, nông thôn và theo vùng, địa phương",rate_percent,2008,10.1,old_63,30,Hải Dương
1.1,"Tỷ lệ hộ nghèo phân theo thành thị, nông thôn và theo vùng, địa phương",rate_percent,2010,10.8,old_63,30,Hải Dương
1.1,"Tỷ lệ hộ nghèo phân theo thành thị, nông thôn và theo vùng, địa phương",rate_percent,2012,7.7,old_63,30,Hải Dương
1.1,"Tỷ lệ hộ nghèo phân theo thành thị, nông thôn và theo vùng, địa phương",rate_percent,2013,6.2,old_63,30,Hải Dương
1.1,"Tỷ lệ hộ nghèo phân theo thành thị, nông thôn và theo vùng, địa phương",rate_percent,2014,4.7,old_63,30,Hải Dương
1.1,"Tỷ lệ hộ nghèo phân theo thành thị, nông thôn và theo vùng, địa phương",rate_percent,2015,3.5,old_63,30,Hải Dương
1.1,"Tỷ lệ hộ nghèo phân theo thành thị, nông thôn và theo vùng, địa phương",rate_percent,2016,2.3,old_63,30,Hải Dương
1.1,"Tỷ lệ hộ nghèo phân theo thành thị, nông thôn và theo vùng, địa phương",rate_percent,2020,1.84,old_63,30,Hải Dương
1.1,"Tỷ lệ hộ nghèo phân theo thành thị, nông thôn và theo vùng, địa phương",rate_percent,2021,1.71,old_63,30,Hải Dương
1.1,"Tỷ lệ hộ nghèo phân theo thành thị, nông thôn và theo vùng, địa phương",rate_percent,2022,1.14,old_63,30,Hải Dương
1.1,"Tỷ lệ hộ nghèo phân theo thành thị, nông thôn và theo vùng, địa phương",rate_percent,2023,0.71,old_63,30,Hải Dương
1.1,"Tỷ lệ hộ nghèo phân theo thành thị, nông thôn và theo vùng, địa phương",rate_percent,2024,0.52,old_63,30,Hải Dương
1.1,"Tỷ lệ hộ nghèo phân theo thành thị, nông thôn và theo vùng, địa phương",rate_percent,2006,7.8,old_63,31,Hải Phòng
1.1,"Tỷ lệ hộ nghèo phân theo thành thị, nông thôn và theo vùng, địa phương",rate_percent,2008,6.3,old_63,31,Hải Phòng
1.1,"Tỷ lệ hộ nghèo phân theo thành thị, nông thôn và theo vùng, địa phương",rate_percent,2010,6.5,old_63,31,Hải Phòng
1.1,"Tỷ lệ hộ nghèo phân theo thành thị, nông thôn và theo vùng, địa phương",rate_percent,2012,5.1,old_63,31,Hải Phòng
1.1,"Tỷ lệ hộ nghèo phân theo thành thị, nông thôn và theo vùng, địa phương",rate_percent,2013,4.5,old_63,31,Hải Phòng
1.1,"Tỷ lệ hộ nghèo phân theo thành thị, nông thôn và theo vùng, địa phương",rate_percent,2014,3.8,old_63,31,Hải Phòng
1.1,"Tỷ lệ hộ nghèo phân theo thành thị, nông thôn và theo vùng, địa phương",rate_percent,2015,2.9,old_63,31,Hải Phòng
1.1,"Tỷ lệ hộ nghèo phân theo thành thị, nông thôn và theo vùng, địa phương",rate_percent,2016,2.1,old_63,31,Hải Phòng
1.1,"Tỷ lệ hộ nghèo phân theo thành thị, nông thôn và theo vùng, địa phương",rate_percent,2020,0.95,old_63,31,Hải Phòng
1.1,"Tỷ lệ hộ nghèo phân theo thành thị, nông thôn và theo vùng, địa phương",rate_percent,2021,0.81,old_63,31,Hải Phòng
1.1,"Tỷ lệ hộ nghèo phân theo thành thị, nông thôn và theo vùng, địa phương",rate_percent,2022,0.65,old_63,31,Hải Phòng
1.1,"Tỷ lệ hộ nghèo phân theo thành thị, nông thôn và theo vùng, địa phương",rate_percent,2023,0.29,old_63,31,Hải Phòng
1.1,"Tỷ lệ hộ nghèo phân theo thành thị, nông thôn và theo vùng, địa phương",rate_percent,2024,0.21,old_63,31,Hải Phòng
1.1,"Tỷ lệ hộ nghèo phân theo thành thị, nông thôn và theo vùng, địa phương",rate_percent,2006,11.5,old_63,33,Hưng Yên
1.1,"Tỷ lệ hộ nghèo phân theo thành thị, nông thôn và theo vùng, địa phương",rate_percent,2008,10.3,old_63,33,Hưng Yên
1.1,"Tỷ lệ hộ nghèo phân theo thành thị, nông thôn và theo vùng, địa phương",rate_percent,2010,11.1,old_63,33,Hưng Yên
1.1,"Tỷ lệ hộ nghèo phân theo thành thị, nông thôn và theo vùng, địa phương",rate_percent,2012,7.7,old_63,33,Hưng Yên
1.1,"Tỷ lệ hộ nghèo phân theo thành thị, nông thôn và theo vùng, địa phương",rate_percent,2013,6.3,old_63,33,Hưng Yên
1.1,"Tỷ lệ hộ nghèo phân theo thành thị, nông thôn và theo vùng, địa phương",rate_percent,2014,4.7,old_63,33,Hưng Yên
1.1,"Tỷ lệ hộ nghèo phân theo thành thị, nông thôn và theo vùng, địa phương",rate_percent,2015,3.5,old_63,33,Hưng Yên
1.1,"Tỷ lệ hộ nghèo phân theo thành thị, nông thôn và theo vùng, địa phương",rate_percent,2016,2.6,old_63,33,Hưng Yên
1.1,"Tỷ lệ hộ nghèo phân theo thành thị, nông thôn và theo vùng, địa phương",rate_percent,2020,1.93,old_63,33,Hưng Yên
1.1,"Tỷ lệ hộ nghèo phân theo thành thị, nông thôn và theo vùng, địa phương",rate_percent,2021,1.79,old_63,33,Hưng Yên
1.1,"Tỷ lệ hộ nghèo phân theo thành thị, nông thôn và theo vùng, địa phương",rate_percent,2022,1.67,old_63,33,Hưng Yên
1.1,"Tỷ lệ hộ nghèo phân theo thành thị, nông thôn và theo vùng, địa phương",rate_percent,2023,1.47,old_63,33,Hưng Yên
1.1,"Tỷ lệ hộ nghèo phân theo thành thị, nông thôn và theo vùng, địa phương",rate_percent,2024,0.86,old_63,33,Hưng Yên
1.1,"Tỷ lệ hộ nghèo phân theo thành thị, nông thôn và theo vùng, địa phương",rate_percent,2006,11,old_63,34,Thái Bình
1.1,"Tỷ lệ hộ nghèo phân theo thành thị, nông thôn và theo vùng, địa phương",rate_percent,2008,9.8,old_63,34,Thái Bình
1.1,"Tỷ lệ hộ nghèo phân theo thành thị, nông thôn và theo vùng, địa phương",rate_percent,2010,10.7,old_63,34,Thái Bình
1.1,"Tỷ lệ hộ nghèo phân theo thành thị, nông thôn và theo vùng, địa phương",rate_percent,2012,8,old_63,34,Thái Bình
1.1,"Tỷ lệ hộ nghèo phân theo thành thị, nông thôn và theo vùng, địa phương",rate_percent,2013,6.9,old_63,34,Thái Bình
1.1,"Tỷ lệ hộ nghèo phân theo thành thị, nông thôn và theo vùng, địa phương",rate_percent,2014,5.6,old_63,34,Thái Bình
1.1,"Tỷ lệ hộ nghèo phân theo thành thị, nông thôn và theo vùng, địa phương",rate_percent,2015,4.6,old_63,34,Thái Bình
1.1,"Tỷ lệ hộ nghèo phân theo thành thị, nông thôn và theo vùng, địa phương",rate_percent,2016,3.7,old_63,34,Thái Bình
1.1,"Tỷ lệ hộ nghèo phân theo thành thị, nông thôn và theo vùng, địa phương",rate_percent,2020,2.06,old_63,34,Thái Bình
1.1,"Tỷ lệ hộ nghèo phân theo thành thị, nông thôn và theo vùng, địa phương",rate_percent,2021,1.93,old_63,34,Thái Bình
1.1,"Tỷ lệ hộ nghèo phân theo thành thị, nông thôn và theo vùng, địa phương",rate_percent,2022,1.82,old_63,34,Thái Bình
1.1,"Tỷ lệ hộ nghèo phân theo thành thị, nông thôn và theo vùng, địa phương",rate_percent,2023,1.51,old_63,34,Thái Bình
1.1,"Tỷ lệ hộ nghèo phân theo thành thị, nông thôn và theo vùng, địa phương",rate_percent,2024,1.02,old_63,34,Thái Bình
1.1,"Tỷ lệ hộ nghèo phân theo thành thị, nông thôn và theo vùng, địa phương",rate_percent,2006,12.8,old_63,35,Hà Nam
1.1,"Tỷ lệ hộ nghèo phân theo thành thị, nông thôn và theo vùng, địa phương",rate_percent,2008,11.6,old_63,35,Hà Nam
1.1,"Tỷ lệ hộ nghèo phân theo thành thị, nông thôn và theo vùng, địa phương",rate_percent,2010,12,old_63,35,Hà Nam
1.1,"Tỷ lệ hộ nghèo phân theo thành thị, nông thôn và theo vùng, địa phương",rate_percent,2012,9.1,old_63,35,Hà Nam
1.1,"Tỷ lệ hộ nghèo phân theo thành thị, nông thôn và theo vùng, địa phương",rate_percent,2013,7.9,old_63,35,Hà Nam
1.1,"Tỷ lệ hộ nghèo phân theo thành thị, nông thôn và theo vùng, địa phương",rate_percent,2014,6.6,old_63,35,Hà Nam
1.1,"Tỷ lệ hộ nghèo phân theo thành thị, nông thôn và theo vùng, địa phương",rate_percent,2015,5.5,old_63,35,Hà Nam
1.1,"Tỷ lệ hộ nghèo phân theo thành thị, nông thôn và theo vùng, địa phương",rate_percent,2016,4.4,old_63,35,Hà Nam
1.1,"Tỷ lệ hộ nghèo phân theo thành thị, nông thôn và theo vùng, địa phương",rate_percent,2020,2.1,old_63,35,Hà Nam
1.1,"Tỷ lệ hộ nghèo phân theo thành thị, nông thôn và theo vùng, địa phương",rate_percent,2021,2,old_63,35,Hà Nam
1.1,"Tỷ lệ hộ nghèo phân theo thành thị, nông thôn và theo vùng, địa phương",rate_percent,2022,1.98,old_63,35,Hà Nam
1.1,"Tỷ lệ hộ nghèo phân theo thành thị, nông thôn và theo vùng, địa phương",rate_percent,2023,1.66,old_63,35,Hà Nam
1.1,"Tỷ lệ hộ nghèo phân theo thành thị, nông thôn và theo vùng, địa phương",rate_percent,2024,1.15,old_63,35,Hà Nam
1.1,"Tỷ lệ hộ nghèo phân theo thành thị, nông thôn và theo vùng, địa phương",rate_percent,2006,12,old_63,36,Nam Định
1.1,"Tỷ lệ hộ nghèo phân theo thành thị, nông thôn và theo vùng, địa phương",rate_percent,2008,10.6,old_63,36,Nam Định
1.1,"Tỷ lệ hộ nghèo phân theo thành thị, nông thôn và theo vùng, địa phương",rate_percent,2010,10,old_63,36,Nam Định
1.1,"Tỷ lệ hộ nghèo phân theo thành thị, nông thôn và theo vùng, địa phương",rate_percent,2012,7.1,old_63,36,Nam Định
1.1,"Tỷ lệ hộ nghèo phân theo thành thị, nông thôn và theo vùng, địa phương",rate_percent,2013,6,old_63,36,Nam Định
1.1,"Tỷ lệ hộ nghèo phân theo thành thị, nông thôn và theo vùng, địa phương",rate_percent,2014,4.7,old_63,36,Nam Định
1.1,"Tỷ lệ hộ nghèo phân theo thành thị, nông thôn và theo vùng, địa phương",rate_percent,2015,3.8,old_63,36,Nam Định
1.1,"Tỷ lệ hộ nghèo phân theo thành thị, nông thôn và theo vùng, địa phương",rate_percent,2016,3,old_63,36,Nam Định
1.1,"Tỷ lệ hộ nghèo phân theo thành thị, nông thôn và theo vùng, địa phương",rate_percent,2020,1.98,old_63,36,Nam Định
1.1,"Tỷ lệ hộ nghèo phân theo thành thị, nông thôn và theo vùng, địa phương",rate_percent,2021,1.82,old_63,36,Nam Định
1.1,"Tỷ lệ hộ nghèo phân theo thành thị, nông thôn và theo vùng, địa phương",rate_percent,2022,1.43,old_63,36,Nam Định
1.1,"Tỷ lệ hộ nghèo phân theo thành thị, nông thôn và theo vùng, địa phương",rate_percent,2023,0.99,old_63,36,Nam Định
1.1,"Tỷ lệ hộ nghèo phân theo thành thị, nông thôn và theo vùng, địa phương",rate_percent,2024,0.73,old_63,36,Nam Định
1.1,"Tỷ lệ hộ nghèo phân theo thành thị, nông thôn và theo vùng, địa phương",rate_percent,2006,14.3,old_63,37,Ninh Bình
1.1,"Tỷ lệ hộ nghèo phân theo thành thị, nông thôn và theo vùng, địa phương",rate_percent,2008,13,old_63,37,Ninh Bình
1.1,"Tỷ lệ hộ nghèo phân theo thành thị, nông thôn và theo vùng, địa phương",rate_percent,2010,12.2,old_63,37,Ninh Bình
1.1,"Tỷ lệ hộ nghèo phân theo thành thị, nông thôn và theo vùng, địa phương",rate_percent,2012,9.3,old_63,37,Ninh Bình
1.1,"Tỷ lệ hộ nghèo phân theo thành thị, nông thôn và theo vùng, địa phương",rate_percent,2013,8.1,old_63,37,Ninh Bình
1.1,"Tỷ lệ hộ nghèo phân theo thành thị, nông thôn và theo vùng, địa phương",rate_percent,2014,6.6,old_63,37,Ninh Bình
1.1,"Tỷ lệ hộ nghèo phân theo thành thị, nông thôn và theo vùng, địa phương",rate_percent,2015,5.5,old_63,37,Ninh Bình
1.1,"Tỷ lệ hộ nghèo phân theo thành thị, nông thôn và theo vùng, địa phương",rate_percent,2016,4.3,old_63,37,Ninh Bình
1.1,"Tỷ lệ hộ nghèo phân theo thành thị, nông thôn và theo vùng, địa phương",rate_percent,2020,2.06,old_63,37,Ninh Bình
1.1,"Tỷ lệ hộ nghèo phân theo thành thị, nông thôn và theo vùng, địa phương",rate_percent,2021,2,old_63,37,Ninh Bình
1.1,"Tỷ lệ hộ nghèo phân theo thành thị, nông thôn và theo vùng, địa phương",rate_percent,2022,1.69,old_63,37,Ninh Bình
1.1,"Tỷ lệ hộ nghèo phân theo thành thị, nông thôn và theo vùng, địa phương",rate_percent,2023,1.07,old_63,37,Ninh Bình
1.1,"Tỷ lệ hộ nghèo phân theo thành thị, nông thôn và theo vùng, địa phương",rate_percent,2024,0.82,old_63,37,Ninh Bình
1.1,"Tỷ lệ hộ nghèo phân theo thành thị, nông thôn và theo vùng, địa phương",rate_percent,2006,41.5,old_63,2,Hà Giang
1.1,"Tỷ lệ hộ nghèo phân theo thành thị, nông thôn và theo vùng, địa phương",rate_percent,2008,37.6,old_63,2,Hà Giang
1.1,"Tỷ lệ hộ nghèo phân theo thành thị, nông thôn và theo vùng, địa phương",rate_percent,2010,50,old_63,2,Hà Giang
1.1,"Tỷ lệ hộ nghèo phân theo thành thị, nông thôn và theo vùng, địa phương",rate_percent,2012,38.5,old_63,2,Hà Giang
1.1,"Tỷ lệ hộ nghèo phân theo thành thị, nông thôn và theo vùng, địa phương",rate_percent,2013,33.8,old_63,2,Hà Giang
1.1,"Tỷ lệ hộ nghèo phân theo thành thị, nông thôn và theo vùng, địa phương",rate_percent,2014,28.2,old_63,2,Hà Giang
1.1,"Tỷ lệ hộ nghèo phân theo thành thị, nông thôn và theo vùng, địa phương",rate_percent,2015,24.2,old_63,2,Hà Giang
1.1,"Tỷ lệ hộ nghèo phân theo thành thị, nông thôn và theo vùng, địa phương",rate_percent,2016,20.8,old_63,2,Hà Giang
1.1,"Tỷ lệ hộ nghèo phân theo thành thị, nông thôn và theo vùng, địa phương",rate_percent,2020,26.98,old_63,2,Hà Giang
1.1,"Tỷ lệ hộ nghèo phân theo thành thị, nông thôn và theo vùng, địa phương",rate_percent,2021,25.04,old_63,2,Hà Giang
1.1,"Tỷ lệ hộ nghèo phân theo thành thị, nông thôn và theo vùng, địa phương",rate_percent,2022,31.64,old_63,2,Hà Giang
1.1,"Tỷ lệ hộ nghèo phân theo thành thị, nông thôn và theo vùng, địa phương",rate_percent,2023,29.07,old_63,2,Hà Giang
1.1,"Tỷ lệ hộ nghèo phân theo thành thị, nông thôn và theo vùng, địa phương",rate_percent,2024,22.33,old_63,2,Hà Giang
1.1,"Tỷ lệ hộ nghèo phân theo thành thị, nông thôn và theo vùng, địa phương",rate_percent,2006,38,old_63,4,Cao Bằng
1.1,"Tỷ lệ hộ nghèo phân theo thành thị, nông thôn và theo vùng, địa phương",rate_percent,2008,35.6,old_63,4,Cao Bằng
1.1,"Tỷ lệ hộ nghèo phân theo thành thị, nông thôn và theo vùng, địa phương",rate_percent,2010,38.1,old_63,4,Cao Bằng
1.1,"Tỷ lệ hộ nghèo phân theo thành thị, nông thôn và theo vùng, địa phương",rate_percent,2012,32.9,old_63,4,Cao Bằng
1.1,"Tỷ lệ hộ nghèo phân theo thành thị, nông thôn và theo vùng, địa phương",rate_percent,2013,30.6,old_63,4,Cao Bằng
1.1,"Tỷ lệ hộ nghèo phân theo thành thị, nông thôn và theo vùng, địa phương",rate_percent,2014,27,old_63,4,Cao Bằng
1.1,"Tỷ lệ hộ nghèo phân theo thành thị, nông thôn và theo vùng, địa phương",rate_percent,2015,24.4,old_63,4,Cao Bằng
1.1,"Tỷ lệ hộ nghèo phân theo thành thị, nông thôn và theo vùng, địa phương",rate_percent,2016,21.9,old_63,4,Cao Bằng
1.1,"Tỷ lệ hộ nghèo phân theo thành thị, nông thôn và theo vùng, địa phương",rate_percent,2020,25.97,old_63,4,Cao Bằng
1.1,"Tỷ lệ hộ nghèo phân theo thành thị, nông thôn và theo vùng, địa phương",rate_percent,2021,24.47,old_63,4,Cao Bằng
1.1,"Tỷ lệ hộ nghèo phân theo thành thị, nông thôn và theo vùng, địa phương",rate_percent,2022,23.62,old_63,4,Cao Bằng
1.1,"Tỷ lệ hộ nghèo phân theo thành thị, nông thôn và theo vùng, địa phương",rate_percent,2023,21.24,old_63,4,Cao Bằng
1.1,"Tỷ lệ hộ nghèo phân theo thành thị, nông thôn và theo vùng, địa phương",rate_percent,2024,17.01,old_63,4,Cao Bằng
1.1,"Tỷ lệ hộ nghèo phân theo thành thị, nông thôn và theo vùng, địa phương",rate_percent,2006,39.2,old_63,6,Bắc Kạn
1.1,"Tỷ lệ hộ nghèo phân theo thành thị, nông thôn và theo vùng, địa phương",rate_percent,2008,36.8,old_63,6,Bắc Kạn
1.1,"Tỷ lệ hộ nghèo phân theo thành thị, nông thôn và theo vùng, địa phương",rate_percent,2010,32.1,old_63,6,Bắc Kạn
1.1,"Tỷ lệ hộ nghèo phân theo thành thị, nông thôn và theo vùng, địa phương",rate_percent,2012,24.3,old_63,6,Bắc Kạn
1.1,"Tỷ lệ hộ nghèo phân theo thành thị, nông thôn và theo vùng, địa phương",rate_percent,2013,21.2,old_63,6,Bắc Kạn
1.1,"Tỷ lệ hộ nghèo phân theo thành thị, nông thôn và theo vùng, địa phương",rate_percent,2014,19,old_63,6,Bắc Kạn
1.1,"Tỷ lệ hộ nghèo phân theo thành thị, nông thôn và theo vùng, địa phương",rate_percent,2015,17.1,old_63,6,Bắc Kạn
1.1,"Tỷ lệ hộ nghèo phân theo thành thị, nông thôn và theo vùng, địa phương",rate_percent,2016,15.8,old_63,6,Bắc Kạn
1.1,"Tỷ lệ hộ nghèo phân theo thành thị, nông thôn và theo vùng, địa phương",rate_percent,2020,21.47,old_63,6,Bắc Kạn
1.1,"Tỷ lệ hộ nghèo phân theo thành thị, nông thôn và theo vùng, địa phương",rate_percent,2021,20.62,old_63,6,Bắc Kạn
1.1,"Tỷ lệ hộ nghèo phân theo thành thị, nông thôn và theo vùng, địa phương",rate_percent,2022,20.1,old_63,6,Bắc Kạn
1.1,"Tỷ lệ hộ nghèo phân theo thành thị, nông thôn và theo vùng, địa phương",rate_percent,2023,16.67,old_63,6,Bắc Kạn
1.1,"Tỷ lệ hộ nghèo phân theo thành thị, nông thôn và theo vùng, địa phương",rate_percent,2024,11.3,old_63,6,Bắc Kạn
1.1,"Tỷ lệ hộ nghèo phân theo thành thị, nông thôn và theo vùng, địa phương",rate_percent,2006,22.4,old_63,8,Tuyên Quang
1.1,"Tỷ lệ hộ nghèo phân theo thành thị, nông thôn và theo vùng, địa phương",rate_percent,2008,20.6,old_63,8,Tuyên Quang
1.1,"Tỷ lệ hộ nghèo phân theo thành thị, nông thôn và theo vùng, địa phương",rate_percent,2010,28.8,old_63,8,Tuyên Quang
1.1,"Tỷ lệ hộ nghèo phân theo thành thị, nông thôn và theo vùng, địa phương",rate_percent,2012,24.9,old_63,8,Tuyên Quang
1.1,"Tỷ lệ hộ nghèo phân theo thành thị, nông thôn và theo vùng, địa phương",rate_percent,2013,23.9,old_63,8,Tuyên Quang
1.1,"Tỷ lệ hộ nghèo phân theo thành thị, nông thôn và theo vùng, địa phương",rate_percent,2014,18.6,old_63,8,Tuyên Quang
1.1,"Tỷ lệ hộ nghèo phân theo thành thị, nông thôn và theo vùng, địa phương",rate_percent,2015,14.7,old_63,8,Tuyên Quang
1.1,"Tỷ lệ hộ nghèo phân theo thành thị, nông thôn và theo vùng, địa phương",rate_percent,2016,12,old_63,8,Tuyên Quang
1.1,"Tỷ lệ hộ nghèo phân theo thành thị, nông thôn và theo vùng, địa phương",rate_percent,2020,12.9,old_63,8,Tuyên Quang
1.1,"Tỷ lệ hộ nghèo phân theo thành thị, nông thôn và theo vùng, địa phương",rate_percent,2021,11.9,old_63,8,Tuyên Quang
1.1,"Tỷ lệ hộ nghèo phân theo thành thị, nông thôn và theo vùng, địa phương",rate_percent,2022,10.27,old_63,8,Tuyên Quang
1.1,"Tỷ lệ hộ nghèo phân theo thành thị, nông thôn và theo vùng, địa phương",rate_percent,2023,7.1,old_63,8,Tuyên Quang
1.1,"Tỷ lệ hộ nghèo phân theo thành thị, nông thôn và theo vùng, địa phương",rate_percent,2024,5.02,old_63,8,Tuyên Quang
1.1,"Tỷ lệ hộ nghèo phân theo thành thị, nông thôn và theo vùng, địa phương",rate_percent,2006,35.6,old_63,10,Lào Cai
1.1,"Tỷ lệ hộ nghèo phân theo thành thị, nông thôn và theo vùng, địa phương",rate_percent,2008,33.2,old_63,10,Lào Cai
1.1,"Tỷ lệ hộ nghèo phân theo thành thị, nông thôn và theo vùng, địa phương",rate_percent,2010,40,old_63,10,Lào Cai
1.1,"Tỷ lệ hộ nghèo phân theo thành thị, nông thôn và theo vùng, địa phương",rate_percent,2012,32.9,old_63,10,Lào Cai
1.1,"Tỷ lệ hộ nghèo phân theo thành thị, nông thôn và theo vùng, địa phương",rate_percent,2013,29.7,old_63,10,Lào Cai
1.1,"Tỷ lệ hộ nghèo phân theo thành thị, nông thôn và theo vùng, địa phương",rate_percent,2014,25.3,old_63,10,Lào Cai
1.1,"Tỷ lệ hộ nghèo phân theo thành thị, nông thôn và theo vùng, địa phương",rate_percent,2015,21.4,old_63,10,Lào Cai
1.1,"Tỷ lệ hộ nghèo phân theo thành thị, nông thôn và theo vùng, địa phương",rate_percent,2016,18.1,old_63,10,Lào Cai
1.1,"Tỷ lệ hộ nghèo phân theo thành thị, nông thôn và theo vùng, địa phương",rate_percent,2020,15.38,old_63,10,Lào Cai
1.1,"Tỷ lệ hộ nghèo phân theo thành thị, nông thôn và theo vùng, địa phương",rate_percent,2021,14.83,old_63,10,Lào Cai
1.1,"Tỷ lệ hộ nghèo phân theo thành thị, nông thôn và theo vùng, địa phương",rate_percent,2022,15.57,old_63,10,Lào Cai
1.1,"Tỷ lệ hộ nghèo phân theo thành thị, nông thôn và theo vùng, địa phương",rate_percent,2023,13.68,old_63,10,Lào Cai
1.1,"Tỷ lệ hộ nghèo phân theo thành thị, nông thôn và theo vùng, địa phương",rate_percent,2024,9.06,old_63,10,Lào Cai
1.1,"Tỷ lệ hộ nghèo phân theo thành thị, nông thôn và theo vùng, địa phương",rate_percent,2006,22.1,old_63,15,Yên Bái
1.1,"Tỷ lệ hộ nghèo phân theo thành thị, nông thôn và theo vùng, địa phương",rate_percent,2008,20.4,old_63,15,Yên Bái
1.1,"Tỷ lệ hộ nghèo phân theo thành thị, nông thôn và theo vùng, địa phương",rate_percent,2010,26.5,old_63,15,Yên Bái
1.1,"Tỷ lệ hộ nghèo phân theo thành thị, nông thôn và theo vùng, địa phương",rate_percent,2012,24,old_63,15,Yên Bái
1.1,"Tỷ lệ hộ nghèo phân theo thành thị, nông thôn và theo vùng, địa phương",rate_percent,2013,23.5,old_63,15,Yên Bái
1.1,"Tỷ lệ hộ nghèo phân theo thành thị, nông thôn và theo vùng, địa phương",rate_percent,2014,21.4,old_63,15,Yên Bái
1.1,"Tỷ lệ hộ nghèo phân theo thành thị, nông thôn và theo vùng, địa phương",rate_percent,2015,19.7,old_63,15,Yên Bái
1.1,"Tỷ lệ hộ nghèo phân theo thành thị, nông thôn và theo vùng, địa phương",rate_percent,2016,17.5,old_63,15,Yên Bái
1.1,"Tỷ lệ hộ nghèo phân theo thành thị, nông thôn và theo vùng, địa phương",rate_percent,2020,15.06,old_63,15,Yên Bái
1.1,"Tỷ lệ hộ nghèo phân theo thành thị, nông thôn và theo vùng, địa phương",rate_percent,2021,14.02,old_63,15,Yên Bái
1.1,"Tỷ lệ hộ nghèo phân theo thành thị, nông thôn và theo vùng, địa phương",rate_percent,2022,16.57,old_63,15,Yên Bái
1.1,"Tỷ lệ hộ nghèo phân theo thành thị, nông thôn và theo vùng, địa phương",rate_percent,2023,10.6,old_63,15,Yên Bái
1.1,"Tỷ lệ hộ nghèo phân theo thành thị, nông thôn và theo vùng, địa phương",rate_percent,2024,7.81,old_63,15,Yên Bái
1.1,"Tỷ lệ hộ nghèo phân theo thành thị, nông thôn và theo vùng, địa phương",rate_percent,2006,18.6,old_63,19,Thái Nguyên
1.1,"Tỷ lệ hộ nghèo phân theo thành thị, nông thôn và theo vùng, địa phương",rate_percent,2008,16.5,old_63,19,Thái Nguyên
1.1,"Tỷ lệ hộ nghèo phân theo thành thị, nông thôn và theo vùng, địa phương",rate_percent,2010,19,old_63,19,Thái Nguyên
1.1,"Tỷ lệ hộ nghèo phân theo thành thị, nông thôn và theo vùng, địa phương",rate_percent,2012,15.1,old_63,19,Thái Nguyên
1.1,"Tỷ lệ hộ nghèo phân theo thành thị, nông thôn và theo vùng, địa phương",rate_percent,2013,13.3,old_63,19,Thái Nguyên
1.1,"Tỷ lệ hộ nghèo phân theo thành thị, nông thôn và theo vùng, địa phương",rate_percent,2014,11.1,old_63,19,Thái Nguyên
1.1,"Tỷ lệ hộ nghèo phân theo thành thị, nông thôn và theo vùng, địa phương",rate_percent,2015,9.1,old_63,19,Thái Nguyên
1.1,"Tỷ lệ hộ nghèo phân theo thành thị, nông thôn và theo vùng, địa phương",rate_percent,2016,7.1,old_63,19,Thái Nguyên
1.1,"Tỷ lệ hộ nghèo phân theo thành thị, nông thôn và theo vùng, địa phương",rate_percent,2020,4.09,old_63,19,Thái Nguyên
1.1,"Tỷ lệ hộ nghèo phân theo thành thị, nông thôn và theo vùng, địa phương",rate_percent,2021,3.67,old_63,19,Thái Nguyên
1.1,"Tỷ lệ hộ nghèo phân theo thành thị, nông thôn và theo vùng, địa phương",rate_percent,2022,2.15,old_63,19,Thái Nguyên
1.1,"Tỷ lệ hộ nghèo phân theo thành thị, nông thôn và theo vùng, địa phương",rate_percent,2023,1.73,old_63,19,Thái Nguyên
1.1,"Tỷ lệ hộ nghèo phân theo thành thị, nông thôn và theo vùng, địa phương",rate_percent,2024,1.17,old_63,19,Thái Nguyên
1.1,"Tỷ lệ hộ nghèo phân theo thành thị, nông thôn và theo vùng, địa phương",rate_percent,2006,21,old_63,20,Lạng Sơn
1.1,"Tỷ lệ hộ nghèo phân theo thành thị, nông thôn và theo vùng, địa phương",rate_percent,2008,19.3,old_63,20,Lạng Sơn
1.1,"Tỷ lệ hộ nghèo phân theo thành thị, nông thôn và theo vùng, địa phương",rate_percent,2010,27.5,old_63,20,Lạng Sơn
1.1,"Tỷ lệ hộ nghèo phân theo thành thị, nông thôn và theo vùng, địa phương",rate_percent,2012,22.5,old_63,20,Lạng Sơn
1.1,"Tỷ lệ hộ nghèo phân theo thành thị, nông thôn và theo vùng, địa phương",rate_percent,2013,20.4,old_63,20,Lạng Sơn
1.1,"Tỷ lệ hộ nghèo phân theo thành thị, nông thôn và theo vùng, địa phương",rate_percent,2014,18,old_63,20,Lạng Sơn
1.1,"Tỷ lệ hộ nghèo phân theo thành thị, nông thôn và theo vùng, địa phương",rate_percent,2015,16.2,old_63,20,Lạng Sơn
1.1,"Tỷ lệ hộ nghèo phân theo thành thị, nông thôn và theo vùng, địa phương",rate_percent,2016,14.5,old_63,20,Lạng Sơn
1.1,"Tỷ lệ hộ nghèo phân theo thành thị, nông thôn và theo vùng, địa phương",rate_percent,2020,12.26,old_63,20,Lạng Sơn
1.1,"Tỷ lệ hộ nghèo phân theo thành thị, nông thôn và theo vùng, địa phương",rate_percent,2021,10.69,old_63,20,Lạng Sơn
1.1,"Tỷ lệ hộ nghèo phân theo thành thị, nông thôn và theo vùng, địa phương",rate_percent,2022,7.91,old_63,20,Lạng Sơn
1.1,"Tỷ lệ hộ nghèo phân theo thành thị, nông thôn và theo vùng, địa phương",rate_percent,2023,6.07,old_63,20,Lạng Sơn
1.1,"Tỷ lệ hộ nghèo phân theo thành thị, nông thôn và theo vùng, địa phương",rate_percent,2024,4.07,old_63,20,Lạng Sơn
1.1,"Tỷ lệ hộ nghèo phân theo thành thị, nông thôn và theo vùng, địa phương",rate_percent,2006,19.3,old_63,24,Bắc Giang
1.1,"Tỷ lệ hộ nghèo phân theo thành thị, nông thôn và theo vùng, địa phương",rate_percent,2008,17.5,old_63,24,Bắc Giang
1.1,"Tỷ lệ hộ nghèo phân theo thành thị, nông thôn và theo vùng, địa phương",rate_percent,2010,19.2,old_63,24,Bắc Giang
1.1,"Tỷ lệ hộ nghèo phân theo thành thị, nông thôn và theo vùng, địa phương",rate_percent,2012,14.1,old_63,24,Bắc Giang
1.1,"Tỷ lệ hộ nghèo phân theo thành thị, nông thôn và theo vùng, địa phương",rate_percent,2013,12.1,old_63,24,Bắc Giang
1.1,"Tỷ lệ hộ nghèo phân theo thành thị, nông thôn và theo vùng, địa phương",rate_percent,2014,9.8,old_63,24,Bắc Giang
1.1,"Tỷ lệ hộ nghèo phân theo thành thị, nông thôn và theo vùng, địa phương",rate_percent,2015,7.9,old_63,24,Bắc Giang
1.1,"Tỷ lệ hộ nghèo phân theo thành thị, nông thôn và theo vùng, địa phương",rate_percent,2016,6.3,old_63,24,Bắc Giang
1.1,"Tỷ lệ hộ nghèo phân theo thành thị, nông thôn và theo vùng, địa phương",rate_percent,2020,2.81,old_63,24,Bắc Giang
1.1,"Tỷ lệ hộ nghèo phân theo thành thị, nông thôn và theo vùng, địa phương",rate_percent,2021,2.6,old_63,24,Bắc Giang
1.1,"Tỷ lệ hộ nghèo phân theo thành thị, nông thôn và theo vùng, địa phương",rate_percent,2022,2.03,old_63,24,Bắc Giang
1.1,"Tỷ lệ hộ nghèo phân theo thành thị, nông thôn và theo vùng, địa phương",rate_percent,2023,1.5,old_63,24,Bắc Giang
1.1,"Tỷ lệ hộ nghèo phân theo thành thị, nông thôn và theo vùng, địa phương",rate_percent,2024,0.95,old_63,24,Bắc Giang
1.1,"Tỷ lệ hộ nghèo phân theo thành thị, nông thôn và theo vùng, địa phương",rate_percent,2006,18.8,old_63,25,Phú Thọ
1.1,"Tỷ lệ hộ nghèo phân theo thành thị, nông thôn và theo vùng, địa phương",rate_percent,2008,16.7,old_63,25,Phú Thọ
1.1,"Tỷ lệ hộ nghèo phân theo thành thị, nông thôn và theo vùng, địa phương",rate_percent,2010,19.2,old_63,25,Phú Thọ
1.1,"Tỷ lệ hộ nghèo phân theo thành thị, nông thôn và theo vùng, địa phương",rate_percent,2012,14.1,old_63,25,Phú Thọ
1.1,"Tỷ lệ hộ nghèo phân theo thành thị, nông thôn và theo vùng, địa phương",rate_percent,2013,12,old_63,25,Phú Thọ
1.1,"Tỷ lệ hộ nghèo phân theo thành thị, nông thôn và theo vùng, địa phương",rate_percent,2014,9.7,old_63,25,Phú Thọ
1.1,"Tỷ lệ hộ nghèo phân theo thành thị, nông thôn và theo vùng, địa phương",rate_percent,2015,8,old_63,25,Phú Thọ
1.1,"Tỷ lệ hộ nghèo phân theo thành thị, nông thôn và theo vùng, địa phương",rate_percent,2016,6.3,old_63,25,Phú Thọ
1.1,"Tỷ lệ hộ nghèo phân theo thành thị, nông thôn và theo vùng, địa phương",rate_percent,2020,5.84,old_63,25,Phú Thọ
1.1,"Tỷ lệ hộ nghèo phân theo thành thị, nông thôn và theo vùng, địa phương",rate_percent,2021,5.61,old_63,25,Phú Thọ
1.1,"Tỷ lệ hộ nghèo phân theo thành thị, nông thôn và theo vùng, địa phương",rate_percent,2022,4.06,old_63,25,Phú Thọ
1.1,"Tỷ lệ hộ nghèo phân theo thành thị, nông thôn và theo vùng, địa phương",rate_percent,2023,3.66,old_63,25,Phú Thọ
1.1,"Tỷ lệ hộ nghèo phân theo thành thị, nông thôn và theo vùng, địa phương",rate_percent,2024,2.53,old_63,25,Phú Thọ
1.1,"Tỷ lệ hộ nghèo phân theo thành thị, nông thôn và theo vùng, địa phương",rate_percent,2006,42.9,old_63,11,Điện Biên
1.1,"Tỷ lệ hộ nghèo phân theo thành thị, nông thôn và theo vùng, địa phương",rate_percent,2008,39.3,old_63,11,Điện Biên
1.1,"Tỷ lệ hộ nghèo phân theo thành thị, nông thôn và theo vùng, địa phương",rate_percent,2010,50.8,old_63,11,Điện Biên
1.1,"Tỷ lệ hộ nghèo phân theo thành thị, nông thôn và theo vùng, địa phương",rate_percent,2012,42.3,old_63,11,Điện Biên
1.1,"Tỷ lệ hộ nghèo phân theo thành thị, nông thôn và theo vùng, địa phương",rate_percent,2013,38.6,old_63,11,Điện Biên
1.1,"Tỷ lệ hộ nghèo phân theo thành thị, nông thôn và theo vùng, địa phương",rate_percent,2014,33,old_63,11,Điện Biên
1.1,"Tỷ lệ hộ nghèo phân theo thành thị, nông thôn và theo vùng, địa phương",rate_percent,2015,29.1,old_63,11,Điện Biên
1.1,"Tỷ lệ hộ nghèo phân theo thành thị, nông thôn và theo vùng, địa phương",rate_percent,2016,26.1,old_63,11,Điện Biên
1.1,"Tỷ lệ hộ nghèo phân theo thành thị, nông thôn và theo vùng, địa phương",rate_percent,2020,36.74,old_63,11,Điện Biên
1.1,"Tỷ lệ hộ nghèo phân theo thành thị, nông thôn và theo vùng, địa phương",rate_percent,2021,34.52,old_63,11,Điện Biên
1.1,"Tỷ lệ hộ nghèo phân theo thành thị, nông thôn và theo vùng, địa phương",rate_percent,2022,33.58,old_63,11,Điện Biên
1.1,"Tỷ lệ hộ nghèo phân theo thành thị, nông thôn và theo vùng, địa phương",rate_percent,2023,29.55,old_63,11,Điện Biên
1.1,"Tỷ lệ hộ nghèo phân theo thành thị, nông thôn và theo vùng, địa phương",rate_percent,2024,23.17,old_63,11,Điện Biên
1.1,"Tỷ lệ hộ nghèo phân theo thành thị, nông thôn và theo vùng, địa phương",rate_percent,2006,58.2,old_63,12,Lai Châu
1.1,"Tỷ lệ hộ nghèo phân theo thành thị, nông thôn và theo vùng, địa phương",rate_percent,2008,53.7,old_63,12,Lai Châu
1.1,"Tỷ lệ hộ nghèo phân theo thành thị, nông thôn và theo vùng, địa phương",rate_percent,2010,50.2,old_63,12,Lai Châu
1.1,"Tỷ lệ hộ nghèo phân theo thành thị, nông thôn và theo vùng, địa phương",rate_percent,2012,43.5,old_63,12,Lai Châu
1.1,"Tỷ lệ hộ nghèo phân theo thành thị, nông thôn và theo vùng, địa phương",rate_percent,2013,40.6,old_63,12,Lai Châu
1.1,"Tỷ lệ hộ nghèo phân theo thành thị, nông thôn và theo vùng, địa phương",rate_percent,2014,35.3,old_63,12,Lai Châu
1.1,"Tỷ lệ hộ nghèo phân theo thành thị, nông thôn và theo vùng, địa phương",rate_percent,2015,31.5,old_63,12,Lai Châu
1.1,"Tỷ lệ hộ nghèo phân theo thành thị, nông thôn và theo vùng, địa phương",rate_percent,2016,27.9,old_63,12,Lai Châu
1.1,"Tỷ lệ hộ nghèo phân theo thành thị, nông thôn và theo vùng, địa phương",rate_percent,2020,30.83,old_63,12,Lai Châu
1.1,"Tỷ lệ hộ nghèo phân theo thành thị, nông thôn và theo vùng, địa phương",rate_percent,2021,27.9,old_63,12,Lai Châu
1.1,"Tỷ lệ hộ nghèo phân theo thành thị, nông thôn và theo vùng, địa phương",rate_percent,2022,30.31,old_63,12,Lai Châu
1.1,"Tỷ lệ hộ nghèo phân theo thành thị, nông thôn và theo vùng, địa phương",rate_percent,2023,28.12,old_63,12,Lai Châu
1.1,"Tỷ lệ hộ nghèo phân theo thành thị, nông thôn và theo vùng, địa phương",rate_percent,2024,21.8,old_63,12,Lai Châu
1.1,"Tỷ lệ hộ nghèo phân theo thành thị, nông thôn và theo vùng, địa phương",rate_percent,2006,39,old_63,14,Sơn La
1.1,"Tỷ lệ hộ nghèo phân theo thành thị, nông thôn và theo vùng, địa phương",rate_percent,2008,36.3,old_63,14,Sơn La
1.1,"Tỷ lệ hộ nghèo phân theo thành thị, nông thôn và theo vùng, địa phương",rate_percent,2010,37.9,old_63,14,Sơn La
1.1,"Tỷ lệ hộ nghèo phân theo thành thị, nông thôn và theo vùng, địa phương",rate_percent,2012,32,old_63,14,Sơn La
1.1,"Tỷ lệ hộ nghèo phân theo thành thị, nông thôn và theo vùng, địa phương",rate_percent,2013,29.4,old_63,14,Sơn La
1.1,"Tỷ lệ hộ nghèo phân theo thành thị, nông thôn và theo vùng, địa phương",rate_percent,2014,25.5,old_63,14,Sơn La
1.1,"Tỷ lệ hộ nghèo phân theo thành thị, nông thôn và theo vùng, địa phương",rate_percent,2015,22.6,old_63,14,Sơn La
1.1,"Tỷ lệ hộ nghèo phân theo thành thị, nông thôn và theo vùng, địa phương",rate_percent,2016,20,old_63,14,Sơn La
1.1,"Tỷ lệ hộ nghèo phân theo thành thị, nông thôn và theo vùng, địa phương",rate_percent,2020,30.53,old_63,14,Sơn La
1.1,"Tỷ lệ hộ nghèo phân theo thành thị, nông thôn và theo vùng, địa phương",rate_percent,2021,28.61,old_63,14,Sơn La
1.1,"Tỷ lệ hộ nghèo phân theo thành thị, nông thôn và theo vùng, địa phương",rate_percent,2022,23.88,old_63,14,Sơn La
1.1,"Tỷ lệ hộ nghèo phân theo thành thị, nông thôn và theo vùng, địa phương",rate_percent,2023,19.79,old_63,14,Sơn La
1.1,"Tỷ lệ hộ nghèo phân theo thành thị, nông thôn và theo vùng, địa phương",rate_percent,2024,14.5,old_63,14,Sơn La
1.1,"Tỷ lệ hộ nghèo phân theo thành thị, nông thôn và theo vùng, địa phương",rate_percent,2006,32.5,old_63,17,Hoà Bình
1.1,"Tỷ lệ hộ nghèo phân theo thành thị, nông thôn và theo vùng, địa phương",rate_percent,2008,28.6,old_63,17,Hoà Bình
1.1,"Tỷ lệ hộ nghèo phân theo thành thị, nông thôn và theo vùng, địa phương",rate_percent,2010,30.8,old_63,17,Hoà Bình
1.1,"Tỷ lệ hộ nghèo phân theo thành thị, nông thôn và theo vùng, địa phương",rate_percent,2012,24.5,old_63,17,Hoà Bình
1.1,"Tỷ lệ hộ nghèo phân theo thành thị, nông thôn và theo vùng, địa phương",rate_percent,2013,21.8,old_63,17,Hoà Bình
1.1,"Tỷ lệ hộ nghèo phân theo thành thị, nông thôn và theo vùng, địa phương",rate_percent,2014,18.3,old_63,17,Hoà Bình
1.1,"Tỷ lệ hộ nghèo phân theo thành thị, nông thôn và theo vùng, địa phương",rate_percent,2015,15.7,old_63,17,Hoà Bình
1.1,"Tỷ lệ hộ nghèo phân theo thành thị, nông thôn và theo vùng, địa phương",rate_percent,2016,13.4,old_63,17,Hoà Bình
1.1,"Tỷ lệ hộ nghèo phân theo thành thị, nông thôn và theo vùng, địa phương",rate_percent,2020,9.09,old_63,17,Hoà Bình
1.1,"Tỷ lệ hộ nghèo phân theo thành thị, nông thôn và theo vùng, địa phương",rate_percent,2021,8.19,old_63,17,Hoà Bình
1.1,"Tỷ lệ hộ nghèo phân theo thành thị, nông thôn và theo vùng, địa phương",rate_percent,2022,7.94,old_63,17,Hoà Bình
1.1,"Tỷ lệ hộ nghèo phân theo thành thị, nông thôn và theo vùng, địa phương",rate_percent,2023,6.03,old_63,17,Hoà Bình
1.1,"Tỷ lệ hộ nghèo phân theo thành thị, nông thôn và theo vùng, địa phương",rate_percent,2024,3.57,old_63,17,Hoà Bình
1.1,"Tỷ lệ hộ nghèo phân theo thành thị, nông thôn và theo vùng, địa phương",rate_percent,2006,27.5,old_63,38,Thanh Hóa
1.1,"Tỷ lệ hộ nghèo phân theo thành thị, nông thôn và theo vùng, địa phương",rate_percent,2008,24.9,old_63,38,Thanh Hóa
1.1,"Tỷ lệ hộ nghèo phân theo thành thị, nông thôn và theo vùng, địa phương",rate_percent,2010,25.4,old_63,38,Thanh Hóa
1.1,"Tỷ lệ hộ nghèo phân theo thành thị, nông thôn và theo vùng, địa phương",rate_percent,2012,19.9,old_63,38,Thanh Hóa
1.1,"Tỷ lệ hộ nghèo phân theo thành thị, nông thôn và theo vùng, địa phương",rate_percent,2013,17.5,old_63,38,Thanh Hóa
1.1,"Tỷ lệ hộ nghèo phân theo thành thị, nông thôn và theo vùng, địa phương",rate_percent,2014,14.5,old_63,38,Thanh Hóa
1.1,"Tỷ lệ hộ nghèo phân theo thành thị, nông thôn và theo vùng, địa phương",rate_percent,2015,12,old_63,38,Thanh Hóa
1.1,"Tỷ lệ hộ nghèo phân theo thành thị, nông thôn và theo vùng, địa phương",rate_percent,2016,9.6,old_63,38,Thanh Hóa
1.1,"Tỷ lệ hộ nghèo phân theo thành thị, nông thôn và theo vùng, địa phương",rate_percent,2020,7.01,old_63,38,Thanh Hóa
1.1,"Tỷ lệ hộ nghèo phân theo thành thị, nông thôn và theo vùng, địa phương",rate_percent,2021,6.29,old_63,38,Thanh Hóa
1.1,"Tỷ lệ hộ nghèo phân theo thành thị, nông thôn và theo vùng, địa phương",rate_percent,2022,5.21,old_63,38,Thanh Hóa
1.1,"Tỷ lệ hộ nghèo phân theo thành thị, nông thôn và theo vùng, địa phương",rate_percent,2023,3.9,old_63,38,Thanh Hóa
1.1,"Tỷ lệ hộ nghèo phân theo thành thị, nông thôn và theo vùng, địa phương",rate_percent,2024,2.68,old_63,38,Thanh Hóa
1.1,"Tỷ lệ hộ nghèo phân theo thành thị, nông thôn và theo vùng, địa phương",rate_percent,2006,26,old_63,40,Nghệ An
1.1,"Tỷ lệ hộ nghèo phân theo thành thị, nông thôn và theo vùng, địa phương",rate_percent,2008,22.5,old_63,40,Nghệ An
1.1,"Tỷ lệ hộ nghèo phân theo thành thị, nông thôn và theo vùng, địa phương",rate_percent,2010,24.8,old_63,40,Nghệ An
1.1,"Tỷ lệ hộ nghèo phân theo thành thị, nông thôn và theo vùng, địa phương",rate_percent,2012,19.8,old_63,40,Nghệ An
1.1,"Tỷ lệ hộ nghèo phân theo thành thị, nông thôn và theo vùng, địa phương",rate_percent,2013,17.4,old_63,40,Nghệ An
1.1,"Tỷ lệ hộ nghèo phân theo thành thị, nông thôn và theo vùng, địa phương",rate_percent,2014,14.4,old_63,40,Nghệ An
1.1,"Tỷ lệ hộ nghèo phân theo thành thị, nông thôn và theo vùng, địa phương",rate_percent,2015,12.3,old_63,40,Nghệ An
1.1,"Tỷ lệ hộ nghèo phân theo thành thị, nông thôn và theo vùng, địa phương",rate_percent,2016,10.4,old_63,40,Nghệ An
1.1,"Tỷ lệ hộ nghèo phân theo thành thị, nông thôn và theo vùng, địa phương",rate_percent,2020,10.88,old_63,40,Nghệ An
1.1,"Tỷ lệ hộ nghèo phân theo thành thị, nông thôn và theo vùng, địa phương",rate_percent,2021,9.53,old_63,40,Nghệ An
1.1,"Tỷ lệ hộ nghèo phân theo thành thị, nông thôn và theo vùng, địa phương",rate_percent,2022,6.22,old_63,40,Nghệ An
1.1,"Tỷ lệ hộ nghèo phân theo thành thị, nông thôn và theo vùng, địa phương",rate_percent,2023,4.72,old_63,40,Nghệ An
1.1,"Tỷ lệ hộ nghèo phân theo thành thị, nông thôn và theo vùng, địa phương",rate_percent,2024,3.22,old_63,40,Nghệ An
1.1,"Tỷ lệ hộ nghèo phân theo thành thị, nông thôn và theo vùng, địa phương",rate_percent,2006,31.5,old_63,42,Hà Tĩnh
1.1,"Tỷ lệ hộ nghèo phân theo thành thị, nông thôn và theo vùng, địa phương",rate_percent,2008,26.5,old_63,42,Hà Tĩnh
1.1,"Tỷ lệ hộ nghèo phân theo thành thị, nông thôn và theo vùng, địa phương",rate_percent,2010,26.1,old_63,42,Hà Tĩnh
1.1,"Tỷ lệ hộ nghèo phân theo thành thị, nông thôn và theo vùng, địa phương",rate_percent,2012,20.7,old_63,42,Hà Tĩnh
1.1,"Tỷ lệ hộ nghèo phân theo thành thị, nông thôn và theo vùng, địa phương",rate_percent,2013,18.5,old_63,42,Hà Tĩnh
1.1,"Tỷ lệ hộ nghèo phân theo thành thị, nông thôn và theo vùng, địa phương",rate_percent,2014,15.6,old_63,42,Hà Tĩnh
1.1,"Tỷ lệ hộ nghèo phân theo thành thị, nông thôn và theo vùng, địa phương",rate_percent,2015,13.3,old_63,42,Hà Tĩnh
1.1,"Tỷ lệ hộ nghèo phân theo thành thị, nông thôn và theo vùng, địa phương",rate_percent,2016,11,old_63,42,Hà Tĩnh
1.1,"Tỷ lệ hộ nghèo phân theo thành thị, nông thôn và theo vùng, địa phương",rate_percent,2020,6.53,old_63,42,Hà Tĩnh
1.1,"Tỷ lệ hộ nghèo phân theo thành thị, nông thôn và theo vùng, địa phương",rate_percent,2021,5.88,old_63,42,Hà Tĩnh
1.1,"Tỷ lệ hộ nghèo phân theo thành thị, nông thôn và theo vùng, địa phương",rate_percent,2022,3.83,old_63,42,Hà Tĩnh
1.1,"Tỷ lệ hộ nghèo phân theo thành thị, nông thôn và theo vùng, địa phương",rate_percent,2023,2.9,old_63,42,Hà Tĩnh
1.1,"Tỷ lệ hộ nghèo phân theo thành thị, nông thôn và theo vùng, địa phương",rate_percent,2024,1.92,old_63,42,Hà Tĩnh
1.1,"Tỷ lệ hộ nghèo phân theo thành thị, nông thôn và theo vùng, địa phương",rate_percent,2006,26.5,old_63,44,Quảng Bình
1.1,"Tỷ lệ hộ nghèo phân theo thành thị, nông thôn và theo vùng, địa phương",rate_percent,2008,21.9,old_63,44,Quảng Bình
1.1,"Tỷ lệ hộ nghèo phân theo thành thị, nông thôn và theo vùng, địa phương",rate_percent,2010,25.2,old_63,44,Quảng Bình
1.1,"Tỷ lệ hộ nghèo phân theo thành thị, nông thôn và theo vùng, địa phương",rate_percent,2012,19.6,old_63,44,Quảng Bình
1.1,"Tỷ lệ hộ nghèo phân theo thành thị, nông thôn và theo vùng, địa phương",rate_percent,2013,17.3,old_63,44,Quảng Bình
1.1,"Tỷ lệ hộ nghèo phân theo thành thị, nông thôn và theo vùng, địa phương",rate_percent,2014,14.5,old_63,44,Quảng Bình
1.1,"Tỷ lệ hộ nghèo phân theo thành thị, nông thôn và theo vùng, địa phương",rate_percent,2015,12.5,old_63,44,Quảng Bình
1.1,"Tỷ lệ hộ nghèo phân theo thành thị, nông thôn và theo vùng, địa phương",rate_percent,2016,10.6,old_63,44,Quảng Bình
1.1,"Tỷ lệ hộ nghèo phân theo thành thị, nông thôn và theo vùng, địa phương",rate_percent,2020,8.84,old_63,44,Quảng Bình
1.1,"Tỷ lệ hộ nghèo phân theo thành thị, nông thôn và theo vùng, địa phương",rate_percent,2021,7.66,old_63,44,Quảng Bình
1.1,"Tỷ lệ hộ nghèo phân theo thành thị, nông thôn và theo vùng, địa phương",rate_percent,2022,6.33,old_63,44,Quảng Bình
1.1,"Tỷ lệ hộ nghèo phân theo thành thị, nông thôn và theo vùng, địa phương",rate_percent,2023,5,old_63,44,Quảng Bình
1.1,"Tỷ lệ hộ nghèo phân theo thành thị, nông thôn và theo vùng, địa phương",rate_percent,2024,3.44,old_63,44,Quảng Bình
1.1,"Tỷ lệ hộ nghèo phân theo thành thị, nông thôn và theo vùng, địa phương",rate_percent,2006,28.5,old_63,45,Quảng Trị
1.1,"Tỷ lệ hộ nghèo phân theo thành thị, nông thôn và theo vùng, địa phương",rate_percent,2008,25.9,old_63,45,Quảng Trị
1.1,"Tỷ lệ hộ nghèo phân theo thành thị, nông thôn và theo vùng, địa phương",rate_percent,2010,25.1,old_63,45,Quảng Trị
1.1,"Tỷ lệ hộ nghèo phân theo thành thị, nông thôn và theo vùng, địa phương",rate_percent,2012,18.6,old_63,45,Quảng Trị
1.1,"Tỷ lệ hộ nghèo phân theo thành thị, nông thôn và theo vùng, địa phương",rate_percent,2013,16.1,old_63,45,Quảng Trị
1.1,"Tỷ lệ hộ nghèo phân theo thành thị, nông thôn và theo vùng, địa phương",rate_percent,2014,13.1,old_63,45,Quảng Trị
1.1,"Tỷ lệ hộ nghèo phân theo thành thị, nông thôn và theo vùng, địa phương",rate_percent,2015,10.7,old_63,45,Quảng Trị
1.1,"Tỷ lệ hộ nghèo phân theo thành thị, nông thôn và theo vùng, địa phương",rate_percent,2016,9.1,old_63,45,Quảng Trị
1.1,"Tỷ lệ hộ nghèo phân theo thành thị, nông thôn và theo vùng, địa phương",rate_percent,2020,9.15,old_63,45,Quảng Trị
1.1,"Tỷ lệ hộ nghèo phân theo thành thị, nông thôn và theo vùng, địa phương",rate_percent,2021,8.14,old_63,45,Quảng Trị
1.1,"Tỷ lệ hộ nghèo phân theo thành thị, nông thôn và theo vùng, địa phương",rate_percent,2022,9.51,old_63,45,Quảng Trị
1.1,"Tỷ lệ hộ nghèo phân theo thành thị, nông thôn và theo vùng, địa phương",rate_percent,2023,7.01,old_63,45,Quảng Trị
1.1,"Tỷ lệ hộ nghèo phân theo thành thị, nông thôn và theo vùng, địa phương",rate_percent,2024,5.6,old_63,45,Quảng Trị
1.1,"Tỷ lệ hộ nghèo phân theo thành thị, nông thôn và theo vùng, địa phương",rate_percent,2006,16.4,old_63,46,Thừa Thiên Huế
1.1,"Tỷ lệ hộ nghèo phân theo thành thị, nông thôn và theo vùng, địa phương",rate_percent,2008,13.7,old_63,46,Thừa Thiên Huế
1.1,"Tỷ lệ hộ nghèo phân theo thành thị, nông thôn và theo vùng, địa phương",rate_percent,2010,12.8,old_63,46,Thừa Thiên Huế
1.1,"Tỷ lệ hộ nghèo phân theo thành thị, nông thôn và theo vùng, địa phương",rate_percent,2012,8.9,old_63,46,Thừa Thiên Huế
1.1,"Tỷ lệ hộ nghèo phân theo thành thị, nông thôn và theo vùng, địa phương",rate_percent,2013,7.4,old_63,46,Thừa Thiên Huế
1.1,"Tỷ lệ hộ nghèo phân theo thành thị, nông thôn và theo vùng, địa phương",rate_percent,2014,6,old_63,46,Thừa Thiên Huế
1.1,"Tỷ lệ hộ nghèo phân theo thành thị, nông thôn và theo vùng, địa phương",rate_percent,2015,4.7,old_63,46,Thừa Thiên Huế
1.1,"Tỷ lệ hộ nghèo phân theo thành thị, nông thôn và theo vùng, địa phương",rate_percent,2016,3.7,old_63,46,Thừa Thiên Huế
1.1,"Tỷ lệ hộ nghèo phân theo thành thị, nông thôn và theo vùng, địa phương",rate_percent,2020,3.5,old_63,46,Thừa Thiên Huế
1.1,"Tỷ lệ hộ nghèo phân theo thành thị, nông thôn và theo vùng, địa phương",rate_percent,2021,3.02,old_63,46,Thừa Thiên Huế
1.1,"Tỷ lệ hộ nghèo phân theo thành thị, nông thôn và theo vùng, địa phương",rate_percent,2022,3.93,old_63,46,Thừa Thiên Huế
1.1,"Tỷ lệ hộ nghèo phân theo thành thị, nông thôn và theo vùng, địa phương",rate_percent,2023,3.31,old_63,46,Thừa Thiên Huế
1.1,"Tỷ lệ hộ nghèo phân theo thành thị, nông thôn và theo vùng, địa phương",rate_percent,2024,2.31,old_63,46,Thừa Thiên Huế
1.1,"Tỷ lệ hộ nghèo phân theo thành thị, nông thôn và theo vùng, địa phương",rate_percent,2006,4,old_63,48,Đà Nẵng
1.1,"Tỷ lệ hộ nghèo phân theo thành thị, nông thôn và theo vùng, địa phương",rate_percent,2008,3.5,old_63,48,Đà Nẵng
1.1,"Tỷ lệ hộ nghèo phân theo thành thị, nông thôn và theo vùng, địa phương",rate_percent,2010,5.1,old_63,48,Đà Nẵng
1.1,"Tỷ lệ hộ nghèo phân theo thành thị, nông thôn và theo vùng, địa phương",rate_percent,2012,2.5,old_63,48,Đà Nẵng
1.1,"Tỷ lệ hộ nghèo phân theo thành thị, nông thôn và theo vùng, địa phương",rate_percent,2013,1.6,old_63,48,Đà Nẵng
1.1,"Tỷ lệ hộ nghèo phân theo thành thị, nông thôn và theo vùng, địa phương",rate_percent,2014,1.2,old_63,48,Đà Nẵng
1.1,"Tỷ lệ hộ nghèo phân theo thành thị, nông thôn và theo vùng, địa phương",rate_percent,2015,0.8,old_63,48,Đà Nẵng
1.1,"Tỷ lệ hộ nghèo phân theo thành thị, nông thôn và theo vùng, địa phương",rate_percent,2016,0.5,old_63,48,Đà Nẵng
1.1,"Tỷ lệ hộ nghèo phân theo thành thị, nông thôn và theo vùng, địa phương",rate_percent,2020,0.51,old_63,48,Đà Nẵng
1.1,"Tỷ lệ hộ nghèo phân theo thành thị, nông thôn và theo vùng, địa phương",rate_percent,2021,0.38,old_63,48,Đà Nẵng
1.1,"Tỷ lệ hộ nghèo phân theo thành thị, nông thôn và theo vùng, địa phương",rate_percent,2022,0.93,old_63,48,Đà Nẵng
1.1,"Tỷ lệ hộ nghèo phân theo thành thị, nông thôn và theo vùng, địa phương",rate_percent,2023,0.9,old_63,48,Đà Nẵng
1.1,"Tỷ lệ hộ nghèo phân theo thành thị, nông thôn và theo vùng, địa phương",rate_percent,2024,0.56,old_63,48,Đà Nẵng
1.1,"Tỷ lệ hộ nghèo phân theo thành thị, nông thôn và theo vùng, địa phương",rate_percent,2006,22.8,old_63,49,Quảng Nam
1.1,"Tỷ lệ hộ nghèo phân theo thành thị, nông thôn và theo vùng, địa phương",rate_percent,2008,19.6,old_63,49,Quảng Nam
1.1,"Tỷ lệ hộ nghèo phân theo thành thị, nông thôn và theo vùng, địa phương",rate_percent,2010,24,old_63,49,Quảng Nam
1.1,"Tỷ lệ hộ nghèo phân theo thành thị, nông thôn và theo vùng, địa phương",rate_percent,2012,18.2,old_63,49,Quảng Nam
1.1,"Tỷ lệ hộ nghèo phân theo thành thị, nông thôn và theo vùng, địa phương",rate_percent,2013,15.8,old_63,49,Quảng Nam
1.1,"Tỷ lệ hộ nghèo phân theo thành thị, nông thôn và theo vùng, địa phương",rate_percent,2014,13,old_63,49,Quảng Nam
1.1,"Tỷ lệ hộ nghèo phân theo thành thị, nông thôn và theo vùng, địa phương",rate_percent,2015,10.6,old_63,49,Quảng Nam
1.1,"Tỷ lệ hộ nghèo phân theo thành thị, nông thôn và theo vùng, địa phương",rate_percent,2016,8.4,old_63,49,Quảng Nam
1.1,"Tỷ lệ hộ nghèo phân theo thành thị, nông thôn và theo vùng, địa phương",rate_percent,2020,8.12,old_63,49,Quảng Nam
1.1,"Tỷ lệ hộ nghèo phân theo thành thị, nông thôn và theo vùng, địa phương",rate_percent,2021,6.96,old_63,49,Quảng Nam
1.1,"Tỷ lệ hộ nghèo phân theo thành thị, nông thôn và theo vùng, địa phương",rate_percent,2022,7.53,old_63,49,Quảng Nam
1.1,"Tỷ lệ hộ nghèo phân theo thành thị, nông thôn và theo vùng, địa phương",rate_percent,2023,5.44,old_63,49,Quảng Nam
1.1,"Tỷ lệ hộ nghèo phân theo thành thị, nông thôn và theo vùng, địa phương",rate_percent,2024,3.37,old_63,49,Quảng Nam
1.1,"Tỷ lệ hộ nghèo phân theo thành thị, nông thôn và theo vùng, địa phương",rate_percent,2006,22.5,old_63,51,Quảng Ngãi
1.1,"Tỷ lệ hộ nghèo phân theo thành thị, nông thôn và theo vùng, địa phương",rate_percent,2008,19.5,old_63,51,Quảng Ngãi
1.1,"Tỷ lệ hộ nghèo phân theo thành thị, nông thôn và theo vùng, địa phương",rate_percent,2010,22.8,old_63,51,Quảng Ngãi
1.1,"Tỷ lệ hộ nghèo phân theo thành thị, nông thôn và theo vùng, địa phương",rate_percent,2012,17.6,old_63,51,Quảng Ngãi
1.1,"Tỷ lệ hộ nghèo phân theo thành thị, nông thôn và theo vùng, địa phương",rate_percent,2013,15.4,old_63,51,Quảng Ngãi
1.1,"Tỷ lệ hộ nghèo phân theo thành thị, nông thôn và theo vùng, địa phương",rate_percent,2014,12.9,old_63,51,Quảng Ngãi
1.1,"Tỷ lệ hộ nghèo phân theo thành thị, nông thôn và theo vùng, địa phương",rate_percent,2015,11,old_63,51,Quảng Ngãi
1.1,"Tỷ lệ hộ nghèo phân theo thành thị, nông thôn và theo vùng, địa phương",rate_percent,2016,9.2,old_63,51,Quảng Ngãi
1.1,"Tỷ lệ hộ nghèo phân theo thành thị, nông thôn và theo vùng, địa phương",rate_percent,2020,7.45,old_63,51,Quảng Ngãi
1.1,"Tỷ lệ hộ nghèo phân theo thành thị, nông thôn và theo vùng, địa phương",rate_percent,2021,6.78,old_63,51,Quảng Ngãi
1.1,"Tỷ lệ hộ nghèo phân theo thành thị, nông thôn và theo vùng, địa phương",rate_percent,2022,6.58,old_63,51,Quảng Ngãi
1.1,"Tỷ lệ hộ nghèo phân theo thành thị, nông thôn và theo vùng, địa phương",rate_percent,2023,5.18,old_63,51,Quảng Ngãi
1.1,"Tỷ lệ hộ nghèo phân theo thành thị, nông thôn và theo vùng, địa phương",rate_percent,2024,3.66,old_63,51,Quảng Ngãi
1.1,"Tỷ lệ hộ nghèo phân theo thành thị, nông thôn và theo vùng, địa phương",rate_percent,2006,16,old_63,52,Bình Định
1.1,"Tỷ lệ hộ nghèo phân theo thành thị, nông thôn và theo vùng, địa phương",rate_percent,2008,14.2,old_63,52,Bình Định
1.1,"Tỷ lệ hộ nghèo phân theo thành thị, nông thôn và theo vùng, địa phương",rate_percent,2010,16,old_63,52,Bình Định
1.1,"Tỷ lệ hộ nghèo phân theo thành thị, nông thôn và theo vùng, địa phương",rate_percent,2012,13.6,old_63,52,Bình Định
1.1,"Tỷ lệ hộ nghèo phân theo thành thị, nông thôn và theo vùng, địa phương",rate_percent,2013,12.5,old_63,52,Bình Định
1.1,"Tỷ lệ hộ nghèo phân theo thành thị, nông thôn và theo vùng, địa phương",rate_percent,2014,10.7,old_63,52,Bình Định
1.1,"Tỷ lệ hộ nghèo phân theo thành thị, nông thôn và theo vùng, địa phương",rate_percent,2015,9.1,old_63,52,Bình Định
1.1,"Tỷ lệ hộ nghèo phân theo thành thị, nông thôn và theo vùng, địa phương",rate_percent,2016,7.5,old_63,52,Bình Định
1.1,"Tỷ lệ hộ nghèo phân theo thành thị, nông thôn và theo vùng, địa phương",rate_percent,2020,4.08,old_63,52,Bình Định
1.1,"Tỷ lệ hộ nghèo phân theo thành thị, nông thôn và theo vùng, địa phương",rate_percent,2021,3.62,old_63,52,Bình Định
1.1,"Tỷ lệ hộ nghèo phân theo thành thị, nông thôn và theo vùng, địa phương",rate_percent,2022,4.01,old_63,52,Bình Định
1.1,"Tỷ lệ hộ nghèo phân theo thành thị, nông thôn và theo vùng, địa phương",rate_percent,2023,2.37,old_63,52,Bình Định
1.1,"Tỷ lệ hộ nghèo phân theo thành thị, nông thôn và theo vùng, địa phương",rate_percent,2024,1.56,old_63,52,Bình Định
1.1,"Tỷ lệ hộ nghèo phân theo thành thị, nông thôn và theo vùng, địa phương",rate_percent,2006,18.5,old_63,54,Phú Yên
1.1,"Tỷ lệ hộ nghèo phân theo thành thị, nông thôn và theo vùng, địa phương",rate_percent,2008,16.3,old_63,54,Phú Yên
1.1,"Tỷ lệ hộ nghèo phân theo thành thị, nông thôn và theo vùng, địa phương",rate_percent,2010,19,old_63,54,Phú Yên
1.1,"Tỷ lệ hộ nghèo phân theo thành thị, nông thôn và theo vùng, địa phương",rate_percent,2012,16.3,old_63,54,Phú Yên
1.1,"Tỷ lệ hộ nghèo phân theo thành thị, nông thôn và theo vùng, địa phương",rate_percent,2013,15.3,old_63,54,Phú Yên
1.1,"Tỷ lệ hộ nghèo phân theo thành thị, nông thôn và theo vùng, địa phương",rate_percent,2014,12.5,old_63,54,Phú Yên
1.1,"Tỷ lệ hộ nghèo phân theo thành thị, nông thôn và theo vùng, địa phương",rate_percent,2015,9.3,old_63,54,Phú Yên
1.1,"Tỷ lệ hộ nghèo phân theo thành thị, nông thôn và theo vùng, địa phương",rate_percent,2016,6.4,old_63,54,Phú Yên
1.1,"Tỷ lệ hộ nghèo phân theo thành thị, nông thôn và theo vùng, địa phương",rate_percent,2020,5.55,old_63,54,Phú Yên
1.1,"Tỷ lệ hộ nghèo phân theo thành thị, nông thôn và theo vùng, địa phương",rate_percent,2021,5.05,old_63,54,Phú Yên
1.1,"Tỷ lệ hộ nghèo phân theo thành thị, nông thôn và theo vùng, địa phương",rate_percent,2022,6.51,old_63,54,Phú Yên
1.1,"Tỷ lệ hộ nghèo phân theo thành thị, nông thôn và theo vùng, địa phương",rate_percent,2023,4.98,old_63,54,Phú Yên
1.1,"Tỷ lệ hộ nghèo phân theo thành thị, nông thôn và theo vùng, địa phương",rate_percent,2024,3.35,old_63,54,Phú Yên
1.1,"Tỷ lệ hộ nghèo phân theo thành thị, nông thôn và theo vùng, địa phương",rate_percent,2006,11,old_63,56,Khánh Hòa
1.1,"Tỷ lệ hộ nghèo phân theo thành thị, nông thôn và theo vùng, địa phương",rate_percent,2008,9.1,old_63,56,Khánh Hòa
1.1,"Tỷ lệ hộ nghèo phân theo thành thị, nông thôn và theo vùng, địa phương",rate_percent,2010,9.5,old_63,56,Khánh Hòa
1.1,"Tỷ lệ hộ nghèo phân theo thành thị, nông thôn và theo vùng, địa phương",rate_percent,2012,8,old_63,56,Khánh Hòa
1.1,"Tỷ lệ hộ nghèo phân theo thành thị, nông thôn và theo vùng, địa phương",rate_percent,2013,7.3,old_63,56,Khánh Hòa
1.1,"Tỷ lệ hộ nghèo phân theo thành thị, nông thôn và theo vùng, địa phương",rate_percent,2014,6.2,old_63,56,Khánh Hòa
1.1,"Tỷ lệ hộ nghèo phân theo thành thị, nông thôn và theo vùng, địa phương",rate_percent,2015,5,old_63,56,Khánh Hòa
1.1,"Tỷ lệ hộ nghèo phân theo thành thị, nông thôn và theo vùng, địa phương",rate_percent,2016,3.8,old_63,56,Khánh Hòa
1.1,"Tỷ lệ hộ nghèo phân theo thành thị, nông thôn và theo vùng, địa phương",rate_percent,2020,2.45,old_63,56,Khánh Hòa
1.1,"Tỷ lệ hộ nghèo phân theo thành thị, nông thôn và theo vùng, địa phương",rate_percent,2021,2.19,old_63,56,Khánh Hòa
1.1,"Tỷ lệ hộ nghèo phân theo thành thị, nông thôn và theo vùng, địa phương",rate_percent,2022,3.06,old_63,56,Khánh Hòa
1.1,"Tỷ lệ hộ nghèo phân theo thành thị, nông thôn và theo vùng, địa phương",rate_percent,2023,2.39,old_63,56,Khánh Hòa
1.1,"Tỷ lệ hộ nghèo phân theo thành thị, nông thôn và theo vùng, địa phương",rate_percent,2024,1.52,old_63,56,Khánh Hòa
1.1,"Tỷ lệ hộ nghèo phân theo thành thị, nông thôn và theo vùng, địa phương",rate_percent,2006,22.3,old_63,58,Ninh Thuận
1.1,"Tỷ lệ hộ nghèo phân theo thành thị, nông thôn và theo vùng, địa phương",rate_percent,2008,19.3,old_63,58,Ninh Thuận
1.1,"Tỷ lệ hộ nghèo phân theo thành thị, nông thôn và theo vùng, địa phương",rate_percent,2010,19,old_63,58,Ninh Thuận
1.1,"Tỷ lệ hộ nghèo phân theo thành thị, nông thôn và theo vùng, địa phương",rate_percent,2012,14,old_63,58,Ninh Thuận
1.1,"Tỷ lệ hộ nghèo phân theo thành thị, nông thôn và theo vùng, địa phương",rate_percent,2013,12.2,old_63,58,Ninh Thuận
1.1,"Tỷ lệ hộ nghèo phân theo thành thị, nông thôn và theo vùng, địa phương",rate_percent,2014,9.9,old_63,58,Ninh Thuận
1.1,"Tỷ lệ hộ nghèo phân theo thành thị, nông thôn và theo vùng, địa phương",rate_percent,2015,8.2,old_63,58,Ninh Thuận
1.1,"Tỷ lệ hộ nghèo phân theo thành thị, nông thôn và theo vùng, địa phương",rate_percent,2016,6.5,old_63,58,Ninh Thuận
1.1,"Tỷ lệ hộ nghèo phân theo thành thị, nông thôn và theo vùng, địa phương",rate_percent,2020,8.96,old_63,58,Ninh Thuận
1.1,"Tỷ lệ hộ nghèo phân theo thành thị, nông thôn và theo vùng, địa phương",rate_percent,2021,8.41,old_63,58,Ninh Thuận
1.1,"Tỷ lệ hộ nghèo phân theo thành thị, nông thôn và theo vùng, địa phương",rate_percent,2022,9.05,old_63,58,Ninh Thuận
1.1,"Tỷ lệ hộ nghèo phân theo thành thị, nông thôn và theo vùng, địa phương",rate_percent,2023,8.04,old_63,58,Ninh Thuận
1.1,"Tỷ lệ hộ nghèo phân theo thành thị, nông thôn và theo vùng, địa phương",rate_percent,2024,6.55,old_63,58,Ninh Thuận
1.1,"Tỷ lệ hộ nghèo phân theo thành thị, nông thôn và theo vùng, địa phương",rate_percent,2006,11,old_63,60,Bình Thuận
1.1,"Tỷ lệ hộ nghèo phân theo thành thị, nông thôn và theo vùng, địa phương",rate_percent,2008,9.2,old_63,60,Bình Thuận
1.1,"Tỷ lệ hộ nghèo phân theo thành thị, nông thôn và theo vùng, địa phương",rate_percent,2010,10.1,old_63,60,Bình Thuận
1.1,"Tỷ lệ hộ nghèo phân theo thành thị, nông thôn và theo vùng, địa phương",rate_percent,2012,7.7,old_63,60,Bình Thuận
1.1,"Tỷ lệ hộ nghèo phân theo thành thị, nông thôn và theo vùng, địa phương",rate_percent,2013,6.6,old_63,60,Bình Thuận
1.1,"Tỷ lệ hộ nghèo phân theo thành thị, nông thôn và theo vùng, địa phương",rate_percent,2014,5.3,old_63,60,Bình Thuận
1.1,"Tỷ lệ hộ nghèo phân theo thành thị, nông thôn và theo vùng, địa phương",rate_percent,2015,3.8,old_63,60,Bình Thuận
1.1,"Tỷ lệ hộ nghèo phân theo thành thị, nông thôn và theo vùng, địa phương",rate_percent,2016,2.3,old_63,60,Bình Thuận
1.1,"Tỷ lệ hộ nghèo phân theo thành thị, nông thôn và theo vùng, địa phương",rate_percent,2020,1.65,old_63,60,Bình Thuận
1.1,"Tỷ lệ hộ nghèo phân theo thành thị, nông thôn và theo vùng, địa phương",rate_percent,2021,1.32,old_63,60,Bình Thuận
1.1,"Tỷ lệ hộ nghèo phân theo thành thị, nông thôn và theo vùng, địa phương",rate_percent,2022,2.85,old_63,60,Bình Thuận
1.1,"Tỷ lệ hộ nghèo phân theo thành thị, nông thôn và theo vùng, địa phương",rate_percent,2023,1.17,old_63,60,Bình Thuận
1.1,"Tỷ lệ hộ nghèo phân theo thành thị, nông thôn và theo vùng, địa phương",rate_percent,2024,0.63,old_63,60,Bình Thuận
1.1,"Tỷ lệ hộ nghèo phân theo thành thị, nông thôn và theo vùng, địa phương",rate_percent,2006,31.2,old_63,62,Kon Tum
1.1,"Tỷ lệ hộ nghèo phân theo thành thị, nông thôn và theo vùng, địa phương",rate_percent,2008,26.7,old_63,62,Kon Tum
1.1,"Tỷ lệ hộ nghèo phân theo thành thị, nông thôn và theo vùng, địa phương",rate_percent,2010,31.9,old_63,62,Kon Tum
1.1,"Tỷ lệ hộ nghèo phân theo thành thị, nông thôn và theo vùng, địa phương",rate_percent,2012,24.6,old_63,62,Kon Tum
1.1,"Tỷ lệ hộ nghèo phân theo thành thị, nông thôn và theo vùng, địa phương",rate_percent,2013,22.1,old_63,62,Kon Tum
1.1,"Tỷ lệ hộ nghèo phân theo thành thị, nông thôn và theo vùng, địa phương",rate_percent,2014,19,old_63,62,Kon Tum
1.1,"Tỷ lệ hộ nghèo phân theo thành thị, nông thôn và theo vùng, địa phương",rate_percent,2015,16.5,old_63,62,Kon Tum
1.1,"Tỷ lệ hộ nghèo phân theo thành thị, nông thôn và theo vùng, địa phương",rate_percent,2016,14.2,old_63,62,Kon Tum
1.1,"Tỷ lệ hộ nghèo phân theo thành thị, nông thôn và theo vùng, địa phương",rate_percent,2020,22.03,old_63,62,Kon Tum
1.1,"Tỷ lệ hộ nghèo phân theo thành thị, nông thôn và theo vùng, địa phương",rate_percent,2021,20.64,old_63,62,Kon Tum
1.1,"Tỷ lệ hộ nghèo phân theo thành thị, nông thôn và theo vùng, địa phương",rate_percent,2022,19.26,old_63,62,Kon Tum
1.1,"Tỷ lệ hộ nghèo phân theo thành thị, nông thôn và theo vùng, địa phương",rate_percent,2023,16.01,old_63,62,Kon Tum
1.1,"Tỷ lệ hộ nghèo phân theo thành thị, nông thôn và theo vùng, địa phương",rate_percent,2024,10.85,old_63,62,Kon Tum
1.1,"Tỷ lệ hộ nghèo phân theo thành thị, nông thôn và theo vùng, địa phương",rate_percent,2006,26.7,old_63,64,Gia Lai
1.1,"Tỷ lệ hộ nghèo phân theo thành thị, nông thôn và theo vùng, địa phương",rate_percent,2008,23.7,old_63,64,Gia Lai
1.1,"Tỷ lệ hộ nghèo phân theo thành thị, nông thôn và theo vùng, địa phương",rate_percent,2010,25.9,old_63,64,Gia Lai
1.1,"Tỷ lệ hộ nghèo phân theo thành thị, nông thôn và theo vùng, địa phương",rate_percent,2012,22.4,old_63,64,Gia Lai
1.1,"Tỷ lệ hộ nghèo phân theo thành thị, nông thôn và theo vùng, địa phương",rate_percent,2013,20.8,old_63,64,Gia Lai
1.1,"Tỷ lệ hộ nghèo phân theo thành thị, nông thôn và theo vùng, địa phương",rate_percent,2014,18.1,old_63,64,Gia Lai
1.1,"Tỷ lệ hộ nghèo phân theo thành thị, nông thôn và theo vùng, địa phương",rate_percent,2015,15.7,old_63,64,Gia Lai
1.1,"Tỷ lệ hộ nghèo phân theo thành thị, nông thôn và theo vùng, địa phương",rate_percent,2016,13.5,old_63,64,Gia Lai
1.1,"Tỷ lệ hộ nghèo phân theo thành thị, nông thôn và theo vùng, địa phương",rate_percent,2020,18.4,old_63,64,Gia Lai
1.1,"Tỷ lệ hộ nghèo phân theo thành thị, nông thôn và theo vùng, địa phương",rate_percent,2021,16.89,old_63,64,Gia Lai
1.1,"Tỷ lệ hộ nghèo phân theo thành thị, nông thôn và theo vùng, địa phương",rate_percent,2022,18.1,old_63,64,Gia Lai
1.1,"Tỷ lệ hộ nghèo phân theo thành thị, nông thôn và theo vùng, địa phương",rate_percent,2023,14.82,old_63,64,Gia Lai
1.1,"Tỷ lệ hộ nghèo phân theo thành thị, nông thôn và theo vùng, địa phương",rate_percent,2024,10.08,old_63,64,Gia Lai
1.1,"Tỷ lệ hộ nghèo phân theo thành thị, nông thôn và theo vùng, địa phương",rate_percent,2006,24.3,old_63,66,Đắk Lắk
1.1,"Tỷ lệ hộ nghèo phân theo thành thị, nông thôn và theo vùng, địa phương",rate_percent,2008,21.3,old_63,66,Đắk Lắk
1.1,"Tỷ lệ hộ nghèo phân theo thành thị, nông thôn và theo vùng, địa phương",rate_percent,2010,21.9,old_63,66,Đắk Lắk
1.1,"Tỷ lệ hộ nghèo phân theo thành thị, nông thôn và theo vùng, địa phương",rate_percent,2012,17.3,old_63,66,Đắk Lắk
1.1,"Tỷ lệ hộ nghèo phân theo thành thị, nông thôn và theo vùng, địa phương",rate_percent,2013,15.3,old_63,66,Đắk Lắk
1.1,"Tỷ lệ hộ nghèo phân theo thành thị, nông thôn và theo vùng, địa phương",rate_percent,2014,12.6,old_63,66,Đắk Lắk
1.1,"Tỷ lệ hộ nghèo phân theo thành thị, nông thôn và theo vùng, địa phương",rate_percent,2015,10,old_63,66,Đắk Lắk
1.1,"Tỷ lệ hộ nghèo phân theo thành thị, nông thôn và theo vùng, địa phương",rate_percent,2016,7.3,old_63,66,Đắk Lắk
1.1,"Tỷ lệ hộ nghèo phân theo thành thị, nông thôn và theo vùng, địa phương",rate_percent,2020,7.81,old_63,66,Đắk Lắk
1.1,"Tỷ lệ hộ nghèo phân theo thành thị, nông thôn và theo vùng, địa phương",rate_percent,2021,7.03,old_63,66,Đắk Lắk
1.1,"Tỷ lệ hộ nghèo phân theo thành thị, nông thôn và theo vùng, địa phương",rate_percent,2022,8.18,old_63,66,Đắk Lắk
1.1,"Tỷ lệ hộ nghèo phân theo thành thị, nông thôn và theo vùng, địa phương",rate_percent,2023,7.07,old_63,66,Đắk Lắk
1.1,"Tỷ lệ hộ nghèo phân theo thành thị, nông thôn và theo vùng, địa phương",rate_percent,2024,4.75,old_63,66,Đắk Lắk
1.1,"Tỷ lệ hộ nghèo phân theo thành thị, nông thôn và theo vùng, địa phương",rate_percent,2006,26.5,old_63,67,Đắk Nông
1.1,"Tỷ lệ hộ nghèo phân theo thành thị, nông thôn và theo vùng, địa phương",rate_percent,2008,23.3,old_63,67,Đắk Nông
1.1,"Tỷ lệ hộ nghèo phân theo thành thị, nông thôn và theo vùng, địa phương",rate_percent,2010,28.3,old_63,67,Đắk Nông
1.1,"Tỷ lệ hộ nghèo phân theo thành thị, nông thôn và theo vùng, địa phương",rate_percent,2012,23.3,old_63,67,Đắk Nông
1.1,"Tỷ lệ hộ nghèo phân theo thành thị, nông thôn và theo vùng, địa phương",rate_percent,2013,21.6,old_63,67,Đắk Nông
1.1,"Tỷ lệ hộ nghèo phân theo thành thị, nông thôn và theo vùng, địa phương",rate_percent,2014,18.4,old_63,67,Đắk Nông
1.1,"Tỷ lệ hộ nghèo phân theo thành thị, nông thôn và theo vùng, địa phương",rate_percent,2015,15.7,old_63,67,Đắk Nông
1.1,"Tỷ lệ hộ nghèo phân theo thành thị, nông thôn và theo vùng, địa phương",rate_percent,2016,12.8,old_63,67,Đắk Nông
1.1,"Tỷ lệ hộ nghèo phân theo thành thị, nông thôn và theo vùng, địa phương",rate_percent,2020,9.03,old_63,67,Đắk Nông
1.1,"Tỷ lệ hộ nghèo phân theo thành thị, nông thôn và theo vùng, địa phương",rate_percent,2021,8.23,old_63,67,Đắk Nông
1.1,"Tỷ lệ hộ nghèo phân theo thành thị, nông thôn và theo vùng, địa phương",rate_percent,2022,9.74,old_63,67,Đắk Nông
1.1,"Tỷ lệ hộ nghèo phân theo thành thị, nông thôn và theo vùng, địa phương",rate_percent,2023,8.74,old_63,67,Đắk Nông
1.1,"Tỷ lệ hộ nghèo phân theo thành thị, nông thôn và theo vùng, địa phương",rate_percent,2024,6,old_63,67,Đắk Nông
1.1,"Tỷ lệ hộ nghèo phân theo thành thị, nông thôn và theo vùng, địa phương",rate_percent,2006,18.3,old_63,68,Lâm Đồng
1.1,"Tỷ lệ hộ nghèo phân theo thành thị, nông thôn và theo vùng, địa phương",rate_percent,2008,15.8,old_63,68,Lâm Đồng
1.1,"Tỷ lệ hộ nghèo phân theo thành thị, nông thôn và theo vùng, địa phương",rate_percent,2010,13.1,old_63,68,Lâm Đồng
1.1,"Tỷ lệ hộ nghèo phân theo thành thị, nông thôn và theo vùng, địa phương",rate_percent,2012,10.4,old_63,68,Lâm Đồng
1.1,"Tỷ lệ hộ nghèo phân theo thành thị, nông thôn và theo vùng, địa phương",rate_percent,2013,9.3,old_63,68,Lâm Đồng
1.1,"Tỷ lệ hộ nghèo phân theo thành thị, nông thôn và theo vùng, địa phương",rate_percent,2014,7.8,old_63,68,Lâm Đồng
1.1,"Tỷ lệ hộ nghèo phân theo thành thị, nông thôn và theo vùng, địa phương",rate_percent,2015,6,old_63,68,Lâm Đồng
1.1,"Tỷ lệ hộ nghèo phân theo thành thị, nông thôn và theo vùng, địa phương",rate_percent,2016,4.5,old_63,68,Lâm Đồng
1.1,"Tỷ lệ hộ nghèo phân theo thành thị, nông thôn và theo vùng, địa phương",rate_percent,2020,4.02,old_63,68,Lâm Đồng
1.1,"Tỷ lệ hộ nghèo phân theo thành thị, nông thôn và theo vùng, địa phương",rate_percent,2021,3.34,old_63,68,Lâm Đồng
1.1,"Tỷ lệ hộ nghèo phân theo thành thị, nông thôn và theo vùng, địa phương",rate_percent,2022,3.61,old_63,68,Lâm Đồng
1.1,"Tỷ lệ hộ nghèo phân theo thành thị, nông thôn và theo vùng, địa phương",rate_percent,2023,2.91,old_63,68,Lâm Đồng
1.1,"Tỷ lệ hộ nghèo phân theo thành thị, nông thôn và theo vùng, địa phương",rate_percent,2024,1.86,old_63,68,Lâm Đồng
1.1,"Tỷ lệ hộ nghèo phân theo thành thị, nông thôn và theo vùng, địa phương",rate_percent,2006,10.5,old_63,70,Bình Phước
1.1,"Tỷ lệ hộ nghèo phân theo thành thị, nông thôn và theo vùng, địa phương",rate_percent,2008,9.1,old_63,70,Bình Phước
1.1,"Tỷ lệ hộ nghèo phân theo thành thị, nông thôn và theo vùng, địa phương",rate_percent,2010,9.4,old_63,70,Bình Phước
1.1,"Tỷ lệ hộ nghèo phân theo thành thị, nông thôn và theo vùng, địa phương",rate_percent,2012,7.8,old_63,70,Bình Phước
1.1,"Tỷ lệ hộ nghèo phân theo thành thị, nông thôn và theo vùng, địa phương",rate_percent,2013,7,old_63,70,Bình Phước
1.1,"Tỷ lệ hộ nghèo phân theo thành thị, nông thôn và theo vùng, địa phương",rate_percent,2014,6.7,old_63,70,Bình Phước
1.1,"Tỷ lệ hộ nghèo phân theo thành thị, nông thôn và theo vùng, địa phương",rate_percent,2015,6,old_63,70,Bình Phước
1.1,"Tỷ lệ hộ nghèo phân theo thành thị, nông thôn và theo vùng, địa phương",rate_percent,2016,5.1,old_63,70,Bình Phước
1.1,"Tỷ lệ hộ nghèo phân theo thành thị, nông thôn và theo vùng, địa phương",rate_percent,2020,3.02,old_63,70,Bình Phước
1.1,"Tỷ lệ hộ nghèo phân theo thành thị, nông thôn và theo vùng, địa phương",rate_percent,2021,2.72,old_63,70,Bình Phước
1.1,"Tỷ lệ hộ nghèo phân theo thành thị, nông thôn và theo vùng, địa phương",rate_percent,2022,2.21,old_63,70,Bình Phước
1.1,"Tỷ lệ hộ nghèo phân theo thành thị, nông thôn và theo vùng, địa phương",rate_percent,2023,1.73,old_63,70,Bình Phước
1.1,"Tỷ lệ hộ nghèo phân theo thành thị, nông thôn và theo vùng, địa phương",rate_percent,2024,1.19,old_63,70,Bình Phước
1.1,"Tỷ lệ hộ nghèo phân theo thành thị, nông thôn và theo vùng, địa phương",rate_percent,2006,7,old_63,72,Tây Ninh
1.1,"Tỷ lệ hộ nghèo phân theo thành thị, nông thôn và theo vùng, địa phương",rate_percent,2008,6,old_63,72,Tây Ninh
1.1,"Tỷ lệ hộ nghèo phân theo thành thị, nông thôn và theo vùng, địa phương",rate_percent,2010,6,old_63,72,Tây Ninh
1.1,"Tỷ lệ hộ nghèo phân theo thành thị, nông thôn và theo vùng, địa phương",rate_percent,2012,4.4,old_63,72,Tây Ninh
1.1,"Tỷ lệ hộ nghèo phân theo thành thị, nông thôn và theo vùng, địa phương",rate_percent,2013,3.7,old_63,72,Tây Ninh
1.1,"Tỷ lệ hộ nghèo phân theo thành thị, nông thôn và theo vùng, địa phương",rate_percent,2014,2.9,old_63,72,Tây Ninh
1.1,"Tỷ lệ hộ nghèo phân theo thành thị, nông thôn và theo vùng, địa phương",rate_percent,2015,2.1,old_63,72,Tây Ninh
1.1,"Tỷ lệ hộ nghèo phân theo thành thị, nông thôn và theo vùng, địa phương",rate_percent,2016,1.5,old_63,72,Tây Ninh
1.1,"Tỷ lệ hộ nghèo phân theo thành thị, nông thôn và theo vùng, địa phương",rate_percent,2020,1.08,old_63,72,Tây Ninh
1.1,"Tỷ lệ hộ nghèo phân theo thành thị, nông thôn và theo vùng, địa phương",rate_percent,2021,0.84,old_63,72,Tây Ninh
1.1,"Tỷ lệ hộ nghèo phân theo thành thị, nông thôn và theo vùng, địa phương",rate_percent,2022,1.23,old_63,72,Tây Ninh
1.1,"Tỷ lệ hộ nghèo phân theo thành thị, nông thôn và theo vùng, địa phương",rate_percent,2023,0.75,old_63,72,Tây Ninh
1.1,"Tỷ lệ hộ nghèo phân theo thành thị, nông thôn và theo vùng, địa phương",rate_percent,2024,0.55,old_63,72,Tây Ninh
1.1,"Tỷ lệ hộ nghèo phân theo thành thị, nông thôn và theo vùng, địa phương",rate_percent,2006,0.5,old_63,74,Bình Dương
1.1,"Tỷ lệ hộ nghèo phân theo thành thị, nông thôn và theo vùng, địa phương",rate_percent,2008,0.4,old_63,74,Bình Dương
1.1,"Tỷ lệ hộ nghèo phân theo thành thị, nông thôn và theo vùng, địa phương",rate_percent,2010,0.5,old_63,74,Bình Dương
1.1,"Tỷ lệ hộ nghèo phân theo thành thị, nông thôn và theo vùng, địa phương",rate_percent,2012,0.14,old_63,74,Bình Dương
1.1,"Tỷ lệ hộ nghèo phân theo thành thị, nông thôn và theo vùng, địa phương",rate_percent,2013,0.07,old_63,74,Bình Dương
1.1,"Tỷ lệ hộ nghèo phân theo thành thị, nông thôn và theo vùng, địa phương",rate_percent,2014,0.03,old_63,74,Bình Dương
1.1,"Tỷ lệ hộ nghèo phân theo thành thị, nông thôn và theo vùng, địa phương",rate_percent,2015,0.01,old_63,74,Bình Dương
1.1,"Tỷ lệ hộ nghèo phân theo thành thị, nông thôn và theo vùng, địa phương",rate_percent,2016,0.01,old_63,74,Bình Dương
1.1,"Tỷ lệ hộ nghèo phân theo thành thị, nông thôn và theo vùng, địa phương",rate_percent,2020,0.12,old_63,74,Bình Dương
1.1,"Tỷ lệ hộ nghèo phân theo thành thị, nông thôn và theo vùng, địa phương",rate_percent,2021,0,old_63,74,Bình Dương
1.1,"Tỷ lệ hộ nghèo phân theo thành thị, nông thôn và theo vùng, địa phương",rate_percent,2022,0.12,old_63,74,Bình Dương
1.1,"Tỷ lệ hộ nghèo phân theo thành thị, nông thôn và theo vùng, địa phương",rate_percent,2023,0.13,old_63,74,Bình Dương
1.1,"Tỷ lệ hộ nghèo phân theo thành thị, nông thôn và theo vùng, địa phương",rate_percent,2024,0.12,old_63,74,Bình Dương
1.1,"Tỷ lệ hộ nghèo phân theo thành thị, nông thôn và theo vùng, địa phương",rate_percent,2006,5,old_63,75,Đồng Nai
1.1,"Tỷ lệ hộ nghèo phân theo thành thị, nông thôn và theo vùng, địa phương",rate_percent,2008,4.3,old_63,75,Đồng Nai
1.1,"Tỷ lệ hộ nghèo phân theo thành thị, nông thôn và theo vùng, địa phương",rate_percent,2010,3.7,old_63,75,Đồng Nai
1.1,"Tỷ lệ hộ nghèo phân theo thành thị, nông thôn và theo vùng, địa phương",rate_percent,2012,2.3,old_63,75,Đồng Nai
1.1,"Tỷ lệ hộ nghèo phân theo thành thị, nông thôn và theo vùng, địa phương",rate_percent,2013,1.8,old_63,75,Đồng Nai
1.1,"Tỷ lệ hộ nghèo phân theo thành thị, nông thôn và theo vùng, địa phương",rate_percent,2014,1.2,old_63,75,Đồng Nai
1.1,"Tỷ lệ hộ nghèo phân theo thành thị, nông thôn và theo vùng, địa phương",rate_percent,2015,0.8,old_63,75,Đồng Nai
1.1,"Tỷ lệ hộ nghèo phân theo thành thị, nông thôn và theo vùng, địa phương",rate_percent,2016,0.5,old_63,75,Đồng Nai
1.1,"Tỷ lệ hộ nghèo phân theo thành thị, nông thôn và theo vùng, địa phương",rate_percent,2020,0.25,old_63,75,Đồng Nai
1.1,"Tỷ lệ hộ nghèo phân theo thành thị, nông thôn và theo vùng, địa phương",rate_percent,2021,0.3,old_63,75,Đồng Nai
1.1,"Tỷ lệ hộ nghèo phân theo thành thị, nông thôn và theo vùng, địa phương",rate_percent,2022,0.68,old_63,75,Đồng Nai
1.1,"Tỷ lệ hộ nghèo phân theo thành thị, nông thôn và theo vùng, địa phương",rate_percent,2023,0.49,old_63,75,Đồng Nai
1.1,"Tỷ lệ hộ nghèo phân theo thành thị, nông thôn và theo vùng, địa phương",rate_percent,2024,0.27,old_63,75,Đồng Nai
1.1,"Tỷ lệ hộ nghèo phân theo thành thị, nông thôn và theo vùng, địa phương",rate_percent,2006,7,old_63,77,Bà Rịa - Vũng Tàu
1.1,"Tỷ lệ hộ nghèo phân theo thành thị, nông thôn và theo vùng, địa phương",rate_percent,2008,6.3,old_63,77,Bà Rịa - Vũng Tàu
1.1,"Tỷ lệ hộ nghèo phân theo thành thị, nông thôn và theo vùng, địa phương",rate_percent,2010,6.8,old_63,77,Bà Rịa - Vũng Tàu
1.1,"Tỷ lệ hộ nghèo phân theo thành thị, nông thôn và theo vùng, địa phương",rate_percent,2012,3.4,old_63,77,Bà Rịa - Vũng Tàu
1.1,"Tỷ lệ hộ nghèo phân theo thành thị, nông thôn và theo vùng, địa phương",rate_percent,2013,2.2,old_63,77,Bà Rịa - Vũng Tàu
1.1,"Tỷ lệ hộ nghèo phân theo thành thị, nông thôn và theo vùng, địa phương",rate_percent,2014,1.3,old_63,77,Bà Rịa - Vũng Tàu
1.1,"Tỷ lệ hộ nghèo phân theo thành thị, nông thôn và theo vùng, địa phương",rate_percent,2015,0.7,old_63,77,Bà Rịa - Vũng Tàu
1.1,"Tỷ lệ hộ nghèo phân theo thành thị, nông thôn và theo vùng, địa phương",rate_percent,2016,0.8,old_63,77,Bà Rịa - Vũng Tàu
1.1,"Tỷ lệ hộ nghèo phân theo thành thị, nông thôn và theo vùng, địa phương",rate_percent,2020,0.47,old_63,77,Bà Rịa - Vũng Tàu
1.1,"Tỷ lệ hộ nghèo phân theo thành thị, nông thôn và theo vùng, địa phương",rate_percent,2021,0.23,old_63,77,Bà Rịa - Vũng Tàu
1.1,"Tỷ lệ hộ nghèo phân theo thành thị, nông thôn và theo vùng, địa phương",rate_percent,2022,0.82,old_63,77,Bà Rịa - Vũng Tàu
1.1,"Tỷ lệ hộ nghèo phân theo thành thị, nông thôn và theo vùng, địa phương",rate_percent,2023,0.6,old_63,77,Bà Rịa - Vũng Tàu
1.1,"Tỷ lệ hộ nghèo phân theo thành thị, nông thôn và theo vùng, địa phương",rate_percent,2024,0.43,old_63,77,Bà Rịa - Vũng Tàu
1.1,"Tỷ lệ hộ nghèo phân theo thành thị, nông thôn và theo vùng, địa phương",rate_percent,2006,0.5,old_63,79,TP. Hồ Chí Minh
1.1,"Tỷ lệ hộ nghèo phân theo thành thị, nông thôn và theo vùng, địa phương",rate_percent,2008,0.3,old_63,79,TP. Hồ Chí Minh
1.1,"Tỷ lệ hộ nghèo phân theo thành thị, nông thôn và theo vùng, địa phương",rate_percent,2010,0.3,old_63,79,TP. Hồ Chí Minh
1.1,"Tỷ lệ hộ nghèo phân theo thành thị, nông thôn và theo vùng, địa phương",rate_percent,2012,0.05,old_63,79,TP. Hồ Chí Minh
1.1,"Tỷ lệ hộ nghèo phân theo thành thị, nông thôn và theo vùng, địa phương",rate_percent,2013,0.02,old_63,79,TP. Hồ Chí Minh
1.1,"Tỷ lệ hộ nghèo phân theo thành thị, nông thôn và theo vùng, địa phương",rate_percent,2014,0.01,old_63,79,TP. Hồ Chí Minh
1.1,"Tỷ lệ hộ nghèo phân theo thành thị, nông thôn và theo vùng, địa phương",rate_percent,2015,0.01,old_63,79,TP. Hồ Chí Minh
1.1,"Tỷ lệ hộ nghèo phân theo thành thị, nông thôn và theo vùng, địa phương",rate_percent,2020,0,old_63,79,TP. Hồ Chí Minh
1.1,"Tỷ lệ hộ nghèo phân theo thành thị, nông thôn và theo vùng, địa phương",rate_percent,2021,0,old_63,79,TP. Hồ Chí Minh
1.1,"Tỷ lệ hộ nghèo phân theo thành thị, nông thôn và theo vùng, địa phương",rate_percent,2022,0,old_63,79,TP. Hồ Chí Minh
1.1,"Tỷ lệ hộ nghèo phân theo thành thị, nông thôn và theo vùng, địa phương",rate_percent,2023,0,old_63,79,TP. Hồ Chí Minh
1.1,"Tỷ lệ hộ nghèo phân theo thành thị, nông thôn và theo vùng, địa phương",rate_percent,2024,0,old_63,79,TP. Hồ Chí Minh
1.1,"Tỷ lệ hộ nghèo phân theo thành thị, nông thôn và theo vùng, địa phương",rate_percent,2006,8.7,old_63,80,Long An
1.1,"Tỷ lệ hộ nghèo phân theo thành thị, nông thôn và theo vùng, địa phương",rate_percent,2008,7.7,old_63,80,Long An
1.1,"Tỷ lệ hộ nghèo phân theo thành thị, nông thôn và theo vùng, địa phương",rate_percent,2010,7.5,old_63,80,Long An
1.1,"Tỷ lệ hộ nghèo phân theo thành thị, nông thôn và theo vùng, địa phương",rate_percent,2012,6.3,old_63,80,Long An
1.1,"Tỷ lệ hộ nghèo phân theo thành thị, nông thôn và theo vùng, địa phương",rate_percent,2013,6,old_63,80,Long An
1.1,"Tỷ lệ hộ nghèo phân theo thành thị, nông thôn và theo vùng, địa phương",rate_percent,2014,5.4,old_63,80,Long An
1.1,"Tỷ lệ hộ nghèo phân theo thành thị, nông thôn và theo vùng, địa phương",rate_percent,2015,5,old_63,80,Long An
1.1,"Tỷ lệ hộ nghèo phân theo thành thị, nông thôn và theo vùng, địa phương",rate_percent,2016,4.2,old_63,80,Long An
1.1,"Tỷ lệ hộ nghèo phân theo thành thị, nông thôn và theo vùng, địa phương",rate_percent,2020,2,old_63,80,Long An
1.1,"Tỷ lệ hộ nghèo phân theo thành thị, nông thôn và theo vùng, địa phương",rate_percent,2021,1.7,old_63,80,Long An
1.1,"Tỷ lệ hộ nghèo phân theo thành thị, nông thôn và theo vùng, địa phương",rate_percent,2022,2.29,old_63,80,Long An
1.1,"Tỷ lệ hộ nghèo phân theo thành thị, nông thôn và theo vùng, địa phương",rate_percent,2023,1.7,old_63,80,Long An
1.1,"Tỷ lệ hộ nghèo phân theo thành thị, nông thôn và theo vùng, địa phương",rate_percent,2024,1.17,old_63,80,Long An
1.1,"Tỷ lệ hộ nghèo phân theo thành thị, nông thôn và theo vùng, địa phương",rate_percent,2006,13.2,old_63,82,Tiền Giang
1.1,"Tỷ lệ hộ nghèo phân theo thành thị, nông thôn và theo vùng, địa phương",rate_percent,2008,10.6,old_63,82,Tiền Giang
1.1,"Tỷ lệ hộ nghèo phân theo thành thị, nông thôn và theo vùng, địa phương",rate_percent,2010,10.6,old_63,82,Tiền Giang
1.1,"Tỷ lệ hộ nghèo phân theo thành thị, nông thôn và theo vùng, địa phương",rate_percent,2012,9,old_63,82,Tiền Giang
1.1,"Tỷ lệ hộ nghèo phân theo thành thị, nông thôn và theo vùng, địa phương",rate_percent,2013,8.3,old_63,82,Tiền Giang
1.1,"Tỷ lệ hộ nghèo phân theo thành thị, nông thôn và theo vùng, địa phương",rate_percent,2014,7.1,old_63,82,Tiền Giang
1.1,"Tỷ lệ hộ nghèo phân theo thành thị, nông thôn và theo vùng, địa phương",rate_percent,2015,6.3,old_63,82,Tiền Giang
1.1,"Tỷ lệ hộ nghèo phân theo thành thị, nông thôn và theo vùng, địa phương",rate_percent,2016,5.3,old_63,82,Tiền Giang
1.1,"Tỷ lệ hộ nghèo phân theo thành thị, nông thôn và theo vùng, địa phương",rate_percent,2020,2.01,old_63,82,Tiền Giang
1.1,"Tỷ lệ hộ nghèo phân theo thành thị, nông thôn và theo vùng, địa phương",rate_percent,2021,1.7,old_63,82,Tiền Giang
1.1,"Tỷ lệ hộ nghèo phân theo thành thị, nông thôn và theo vùng, địa phương",rate_percent,2022,2.26,old_63,82,Tiền Giang
1.1,"Tỷ lệ hộ nghèo phân theo thành thị, nông thôn và theo vùng, địa phương",rate_percent,2023,1.12,old_63,82,Tiền Giang
1.1,"Tỷ lệ hộ nghèo phân theo thành thị, nông thôn và theo vùng, địa phương",rate_percent,2024,0.72,old_63,82,Tiền Giang
1.1,"Tỷ lệ hộ nghèo phân theo thành thị, nông thôn và theo vùng, địa phương",rate_percent,2006,16.2,old_63,83,Bến Tre
1.1,"Tỷ lệ hộ nghèo phân theo thành thị, nông thôn và theo vùng, địa phương",rate_percent,2008,14.2,old_63,83,Bến Tre
1.1,"Tỷ lệ hộ nghèo phân theo thành thị, nông thôn và theo vùng, địa phương",rate_percent,2010,15.4,old_63,83,Bến Tre
1.1,"Tỷ lệ hộ nghèo phân theo thành thị, nông thôn và theo vùng, địa phương",rate_percent,2012,12.9,old_63,83,Bến Tre
1.1,"Tỷ lệ hộ nghèo phân theo thành thị, nông thôn và theo vùng, địa phương",rate_percent,2013,11.9,old_63,83,Bến Tre
1.1,"Tỷ lệ hộ nghèo phân theo thành thị, nông thôn và theo vùng, địa phương",rate_percent,2014,10.2,old_63,83,Bến Tre
1.1,"Tỷ lệ hộ nghèo phân theo thành thị, nông thôn và theo vùng, địa phương",rate_percent,2015,8.6,old_63,83,Bến Tre
1.1,"Tỷ lệ hộ nghèo phân theo thành thị, nông thôn và theo vùng, địa phương",rate_percent,2016,7.1,old_63,83,Bến Tre
1.1,"Tỷ lệ hộ nghèo phân theo thành thị, nông thôn và theo vùng, địa phương",rate_percent,2020,4.96,old_63,83,Bến Tre
1.1,"Tỷ lệ hộ nghèo phân theo thành thị, nông thôn và theo vùng, địa phương",rate_percent,2021,4.59,old_63,83,Bến Tre
1.1,"Tỷ lệ hộ nghèo phân theo thành thị, nông thôn và theo vùng, địa phương",rate_percent,2022,3.85,old_63,83,Bến Tre
1.1,"Tỷ lệ hộ nghèo phân theo thành thị, nông thôn và theo vùng, địa phương",rate_percent,2023,2.42,old_63,83,Bến Tre
1.1,"Tỷ lệ hộ nghèo phân theo thành thị, nông thôn và theo vùng, địa phương",rate_percent,2024,1.69,old_63,83,Bến Tre
1.1,"Tỷ lệ hộ nghèo phân theo thành thị, nông thôn và theo vùng, địa phương",rate_percent,2006,21.8,old_63,84,Trà Vinh
1.1,"Tỷ lệ hộ nghèo phân theo thành thị, nông thôn và theo vùng, địa phương",rate_percent,2008,19,old_63,84,Trà Vinh
1.1,"Tỷ lệ hộ nghèo phân theo thành thị, nông thôn và theo vùng, địa phương",rate_percent,2010,23.2,old_63,84,Trà Vinh
1.1,"Tỷ lệ hộ nghèo phân theo thành thị, nông thôn và theo vùng, địa phương",rate_percent,2012,18.3,old_63,84,Trà Vinh
1.1,"Tỷ lệ hộ nghèo phân theo thành thị, nông thôn và theo vùng, địa phương",rate_percent,2013,16.4,old_63,84,Trà Vinh
1.1,"Tỷ lệ hộ nghèo phân theo thành thị, nông thôn và theo vùng, địa phương",rate_percent,2014,13.9,old_63,84,Trà Vinh
1.1,"Tỷ lệ hộ nghèo phân theo thành thị, nông thôn và theo vùng, địa phương",rate_percent,2015,12,old_63,84,Trà Vinh
1.1,"Tỷ lệ hộ nghèo phân theo thành thị, nông thôn và theo vùng, địa phương",rate_percent,2016,10,old_63,84,Trà Vinh
1.1,"Tỷ lệ hộ nghèo phân theo thành thị, nông thôn và theo vùng, địa phương",rate_percent,2020,7.4,old_63,84,Trà Vinh
1.1,"Tỷ lệ hộ nghèo phân theo thành thị, nông thôn và theo vùng, địa phương",rate_percent,2021,6.55,old_63,84,Trà Vinh
1.1,"Tỷ lệ hộ nghèo phân theo thành thị, nông thôn và theo vùng, địa phương",rate_percent,2022,7.04,old_63,84,Trà Vinh
1.1,"Tỷ lệ hộ nghèo phân theo thành thị, nông thôn và theo vùng, địa phương",rate_percent,2023,6.04,old_63,84,Trà Vinh
1.1,"Tỷ lệ hộ nghèo phân theo thành thị, nông thôn và theo vùng, địa phương",rate_percent,2024,4,old_63,84,Trà Vinh
1.1,"Tỷ lệ hộ nghèo phân theo thành thị, nông thôn và theo vùng, địa phương",rate_percent,2006,11,old_63,86,Vĩnh Long
1.1,"Tỷ lệ hộ nghèo phân theo thành thị, nông thôn và theo vùng, địa phương",rate_percent,2008,9.8,old_63,86,Vĩnh Long
1.1,"Tỷ lệ hộ nghèo phân theo thành thị, nông thôn và theo vùng, địa phương",rate_percent,2010,9.5,old_63,86,Vĩnh Long
1.1,"Tỷ lệ hộ nghèo phân theo thành thị, nông thôn và theo vùng, địa phương",rate_percent,2012,8,old_63,86,Vĩnh Long
1.1,"Tỷ lệ hộ nghèo phân theo thành thị, nông thôn và theo vùng, địa phương",rate_percent,2013,7.4,old_63,86,Vĩnh Long
1.1,"Tỷ lệ hộ nghèo phân theo thành thị, nông thôn và theo vùng, địa phương",rate_percent,2014,6.3,old_63,86,Vĩnh Long
1.1,"Tỷ lệ hộ nghèo phân theo thành thị, nông thôn và theo vùng, địa phương",rate_percent,2015,5.4,old_63,86,Vĩnh Long
1.1,"Tỷ lệ hộ nghèo phân theo thành thị, nông thôn và theo vùng, địa phương",rate_percent,2016,4.3,old_63,86,Vĩnh Long
1.1,"Tỷ lệ hộ nghèo phân theo thành thị, nông thôn và theo vùng, địa phương",rate_percent,2020,5.07,old_63,86,Vĩnh Long
1.1,"Tỷ lệ hộ nghèo phân theo thành thị, nông thôn và theo vùng, địa phương",rate_percent,2021,4.56,old_63,86,Vĩnh Long
1.1,"Tỷ lệ hộ nghèo phân theo thành thị, nông thôn và theo vùng, địa phương",rate_percent,2022,3.55,old_63,86,Vĩnh Long
1.1,"Tỷ lệ hộ nghèo phân theo thành thị, nông thôn và theo vùng, địa phương",rate_percent,2023,2.57,old_63,86,Vĩnh Long
1.1,"Tỷ lệ hộ nghèo phân theo thành thị, nông thôn và theo vùng, địa phương",rate_percent,2024,1.83,old_63,86,Vĩnh Long
1.1,"Tỷ lệ hộ nghèo phân theo thành thị, nông thôn và theo vùng, địa phương",rate_percent,2006,12.1,old_63,87,Đồng Tháp
1.1,"Tỷ lệ hộ nghèo phân theo thành thị, nông thôn và theo vùng, địa phương",rate_percent,2008,10.6,old_63,87,Đồng Tháp
1.1,"Tỷ lệ hộ nghèo phân theo thành thị, nông thôn và theo vùng, địa phương",rate_percent,2010,14.4,old_63,87,Đồng Tháp
1.1,"Tỷ lệ hộ nghèo phân theo thành thị, nông thôn và theo vùng, địa phương",rate_percent,2012,11.6,old_63,87,Đồng Tháp
1.1,"Tỷ lệ hộ nghèo phân theo thành thị, nông thôn và theo vùng, địa phương",rate_percent,2013,10.2,old_63,87,Đồng Tháp
1.1,"Tỷ lệ hộ nghèo phân theo thành thị, nông thôn và theo vùng, địa phương",rate_percent,2014,8.6,old_63,87,Đồng Tháp
1.1,"Tỷ lệ hộ nghèo phân theo thành thị, nông thôn và theo vùng, địa phương",rate_percent,2015,7.2,old_63,87,Đồng Tháp
1.1,"Tỷ lệ hộ nghèo phân theo thành thị, nông thôn và theo vùng, địa phương",rate_percent,2016,5.8,old_63,87,Đồng Tháp
1.1,"Tỷ lệ hộ nghèo phân theo thành thị, nông thôn và theo vùng, địa phương",rate_percent,2020,4.02,old_63,87,Đồng Tháp
1.1,"Tỷ lệ hộ nghèo phân theo thành thị, nông thôn và theo vùng, địa phương",rate_percent,2021,3.72,old_63,87,Đồng Tháp
1.1,"Tỷ lệ hộ nghèo phân theo thành thị, nông thôn và theo vùng, địa phương",rate_percent,2022,3.11,old_63,87,Đồng Tháp
1.1,"Tỷ lệ hộ nghèo phân theo thành thị, nông thôn và theo vùng, địa phương",rate_percent,2023,2.2,old_63,87,Đồng Tháp
1.1,"Tỷ lệ hộ nghèo phân theo thành thị, nông thôn và theo vùng, địa phương",rate_percent,2024,1.44,old_63,87,Đồng Tháp
1.1,"Tỷ lệ hộ nghèo phân theo thành thị, nông thôn và theo vùng, địa phương",rate_percent,2006,9.7,old_63,89,An Giang
1.1,"Tỷ lệ hộ nghèo phân theo thành thị, nông thôn và theo vùng, địa phương",rate_percent,2008,8.5,old_63,89,An Giang
1.1,"Tỷ lệ hộ nghèo phân theo thành thị, nông thôn và theo vùng, địa phương",rate_percent,2010,9.2,old_63,89,An Giang
1.1,"Tỷ lệ hộ nghèo phân theo thành thị, nông thôn và theo vùng, địa phương",rate_percent,2012,7.1,old_63,89,An Giang
1.1,"Tỷ lệ hộ nghèo phân theo thành thị, nông thôn và theo vùng, địa phương",rate_percent,2013,6.2,old_63,89,An Giang
1.1,"Tỷ lệ hộ nghèo phân theo thành thị, nông thôn và theo vùng, địa phương",rate_percent,2014,5,old_63,89,An Giang
1.1,"Tỷ lệ hộ nghèo phân theo thành thị, nông thôn và theo vùng, địa phương",rate_percent,2015,3.9,old_63,89,An Giang
1.1,"Tỷ lệ hộ nghèo phân theo thành thị, nông thôn và theo vùng, địa phương",rate_percent,2016,2.7,old_63,89,An Giang
1.1,"Tỷ lệ hộ nghèo phân theo thành thị, nông thôn và theo vùng, địa phương",rate_percent,2020,3.98,old_63,89,An Giang
1.1,"Tỷ lệ hộ nghèo phân theo thành thị, nông thôn và theo vùng, địa phương",rate_percent,2021,3.51,old_63,89,An Giang
1.1,"Tỷ lệ hộ nghèo phân theo thành thị, nông thôn và theo vùng, địa phương",rate_percent,2022,4.64,old_63,89,An Giang
1.1,"Tỷ lệ hộ nghèo phân theo thành thị, nông thôn và theo vùng, địa phương",rate_percent,2023,3.71,old_63,89,An Giang
1.1,"Tỷ lệ hộ nghèo phân theo thành thị, nông thôn và theo vùng, địa phương",rate_percent,2024,2.53,old_63,89,An Giang
1.1,"Tỷ lệ hộ nghèo phân theo thành thị, nông thôn và theo vùng, địa phương",rate_percent,2006,10.8,old_63,91,Kiên Giang
1.1,"Tỷ lệ hộ nghèo phân theo thành thị, nông thôn và theo vùng, địa phương",rate_percent,2008,9.3,old_63,91,Kiên Giang
1.1,"Tỷ lệ hộ nghèo phân theo thành thị, nông thôn và theo vùng, địa phương",rate_percent,2010,9.3,old_63,91,Kiên Giang
1.1,"Tỷ lệ hộ nghèo phân theo thành thị, nông thôn và theo vùng, địa phương",rate_percent,2012,6.6,old_63,91,Kiên Giang
1.1,"Tỷ lệ hộ nghèo phân theo thành thị, nông thôn và theo vùng, địa phương",rate_percent,2013,5.6,old_63,91,Kiên Giang
1.1,"Tỷ lệ hộ nghèo phân theo thành thị, nông thôn và theo vùng, địa phương",rate_percent,2014,4.5,old_63,91,Kiên Giang
1.1,"Tỷ lệ hộ nghèo phân theo thành thị, nông thôn và theo vùng, địa phương",rate_percent,2015,3.6,old_63,91,Kiên Giang
1.1,"Tỷ lệ hộ nghèo phân theo thành thị, nông thôn và theo vùng, địa phương",rate_percent,2016,2.7,old_63,91,Kiên Giang
1.1,"Tỷ lệ hộ nghèo phân theo thành thị, nông thôn và theo vùng, địa phương",rate_percent,2020,4.08,old_63,91,Kiên Giang
1.1,"Tỷ lệ hộ nghèo phân theo thành thị, nông thôn và theo vùng, địa phương",rate_percent,2021,3.61,old_63,91,Kiên Giang
1.1,"Tỷ lệ hộ nghèo phân theo thành thị, nông thôn và theo vùng, địa phương",rate_percent,2022,4.09,old_63,91,Kiên Giang
1.1,"Tỷ lệ hộ nghèo phân theo thành thị, nông thôn và theo vùng, địa phương",rate_percent,2023,3.38,old_63,91,Kiên Giang
1.1,"Tỷ lệ hộ nghèo phân theo thành thị, nông thôn và theo vùng, địa phương",rate_percent,2024,2.24,old_63,91,Kiên Giang
1.1,"Tỷ lệ hộ nghèo phân theo thành thị, nông thôn và theo vùng, địa phương",rate_percent,2006,7.5,old_63,92,Cần Thơ
1.1,"Tỷ lệ hộ nghèo phân theo thành thị, nông thôn và theo vùng, địa phương",rate_percent,2008,7,old_63,92,Cần Thơ
1.1,"Tỷ lệ hộ nghèo phân theo thành thị, nông thôn và theo vùng, địa phương",rate_percent,2010,7.2,old_63,92,Cần Thơ
1.1,"Tỷ lệ hộ nghèo phân theo thành thị, nông thôn và theo vùng, địa phương",rate_percent,2012,5.9,old_63,92,Cần Thơ
1.1,"Tỷ lệ hộ nghèo phân theo thành thị, nông thôn và theo vùng, địa phương",rate_percent,2013,5.3,old_63,92,Cần Thơ
1.1,"Tỷ lệ hộ nghèo phân theo thành thị, nông thôn và theo vùng, địa phương",rate_percent,2014,4.5,old_63,92,Cần Thơ
1.1,"Tỷ lệ hộ nghèo phân theo thành thị, nông thôn và theo vùng, địa phương",rate_percent,2015,3.1,old_63,92,Cần Thơ
1.1,"Tỷ lệ hộ nghèo phân theo thành thị, nông thôn và theo vùng, địa phương",rate_percent,2016,1.7,old_63,92,Cần Thơ
1.1,"Tỷ lệ hộ nghèo phân theo thành thị, nông thôn và theo vùng, địa phương",rate_percent,2020,1.98,old_63,92,Cần Thơ
1.1,"Tỷ lệ hộ nghèo phân theo thành thị, nông thôn và theo vùng, địa phương",rate_percent,2021,1.8,old_63,92,Cần Thơ
1.1,"Tỷ lệ hộ nghèo phân theo thành thị, nông thôn và theo vùng, địa phương",rate_percent,2022,1.01,old_63,92,Cần Thơ
1.1,"Tỷ lệ hộ nghèo phân theo thành thị, nông thôn và theo vùng, địa phương",rate_percent,2023,0.87,old_63,92,Cần Thơ
1.1,"Tỷ lệ hộ nghèo phân theo thành thị, nông thôn và theo vùng, địa phương",rate_percent,2024,0.6,old_63,92,Cần Thơ
1.1,"Tỷ lệ hộ nghèo phân theo thành thị, nông thôn và theo vùng, địa phương",rate_percent,2006,15,old_63,93,Hậu Giang
1.1,"Tỷ lệ hộ nghèo phân theo thành thị, nông thôn và theo vùng, địa phương",rate_percent,2008,13.3,old_63,93,Hậu Giang
1.1,"Tỷ lệ hộ nghèo phân theo thành thị, nông thôn và theo vùng, địa phương",rate_percent,2010,17.3,old_63,93,Hậu Giang
1.1,"Tỷ lệ hộ nghèo phân theo thành thị, nông thôn và theo vùng, địa phương",rate_percent,2012,15,old_63,93,Hậu Giang
1.1,"Tỷ lệ hộ nghèo phân theo thành thị, nông thôn và theo vùng, địa phương",rate_percent,2013,14,old_63,93,Hậu Giang
1.1,"Tỷ lệ hộ nghèo phân theo thành thị, nông thôn và theo vùng, địa phương",rate_percent,2014,12.4,old_63,93,Hậu Giang
1.1,"Tỷ lệ hộ nghèo phân theo thành thị, nông thôn và theo vùng, địa phương",rate_percent,2015,9.9,old_63,93,Hậu Giang
1.1,"Tỷ lệ hộ nghèo phân theo thành thị, nông thôn và theo vùng, địa phương",rate_percent,2016,7.7,old_63,93,Hậu Giang
1.1,"Tỷ lệ hộ nghèo phân theo thành thị, nông thôn và theo vùng, địa phương",rate_percent,2020,5.6,old_63,93,Hậu Giang
1.1,"Tỷ lệ hộ nghèo phân theo thành thị, nông thôn và theo vùng, địa phương",rate_percent,2021,5.24,old_63,93,Hậu Giang
1.1,"Tỷ lệ hộ nghèo phân theo thành thị, nông thôn và theo vùng, địa phương",rate_percent,2022,5.3,old_63,93,Hậu Giang
1.1,"Tỷ lệ hộ nghèo phân theo thành thị, nông thôn và theo vùng, địa phương",rate_percent,2023,3.88,old_63,93,Hậu Giang
1.1,"Tỷ lệ hộ nghèo phân theo thành thị, nông thôn và theo vùng, địa phương",rate_percent,2024,2.81,old_63,93,Hậu Giang
1.1,"Tỷ lệ hộ nghèo phân theo thành thị, nông thôn và theo vùng, địa phương",rate_percent,2006,19.5,old_63,94,Sóc Trăng
1.1,"Tỷ lệ hộ nghèo phân theo thành thị, nông thôn và theo vùng, địa phương",rate_percent,2008,17.9,old_63,94,Sóc Trăng
1.1,"Tỷ lệ hộ nghèo phân theo thành thị, nông thôn và theo vùng, địa phương",rate_percent,2010,22.1,old_63,94,Sóc Trăng
1.1,"Tỷ lệ hộ nghèo phân theo thành thị, nông thôn và theo vùng, địa phương",rate_percent,2012,19,old_63,94,Sóc Trăng
1.1,"Tỷ lệ hộ nghèo phân theo thành thị, nông thôn và theo vùng, địa phương",rate_percent,2013,17.7,old_63,94,Sóc Trăng
1.1,"Tỷ lệ hộ nghèo phân theo thành thị, nông thôn và theo vùng, địa phương",rate_percent,2014,15.6,old_63,94,Sóc Trăng
1.1,"Tỷ lệ hộ nghèo phân theo thành thị, nông thôn và theo vùng, địa phương",rate_percent,2015,12,old_63,94,Sóc Trăng
1.1,"Tỷ lệ hộ nghèo phân theo thành thị, nông thôn và theo vùng, địa phương",rate_percent,2016,8.7,old_63,94,Sóc Trăng
1.1,"Tỷ lệ hộ nghèo phân theo thành thị, nông thôn và theo vùng, địa phương",rate_percent,2020,4.98,old_63,94,Sóc Trăng
1.1,"Tỷ lệ hộ nghèo phân theo thành thị, nông thôn và theo vùng, địa phương",rate_percent,2021,4.69,old_63,94,Sóc Trăng
1.1,"Tỷ lệ hộ nghèo phân theo thành thị, nông thôn và theo vùng, địa phương",rate_percent,2022,6.11,old_63,94,Sóc Trăng
1.1,"Tỷ lệ hộ nghèo phân theo thành thị, nông thôn và theo vùng, địa phương",rate_percent,2023,4.95,old_63,94,Sóc Trăng
1.1,"Tỷ lệ hộ nghèo phân theo thành thị, nông thôn và theo vùng, địa phương",rate_percent,2024,3.43,old_63,94,Sóc Trăng
1.1,"Tỷ lệ hộ nghèo phân theo thành thị, nông thôn và theo vùng, địa phương",rate_percent,2006,15.7,old_63,95,Bạc Liêu
1.1,"Tỷ lệ hộ nghèo phân theo thành thị, nông thôn và theo vùng, địa phương",rate_percent,2008,13.9,old_63,95,Bạc Liêu
1.1,"Tỷ lệ hộ nghèo phân theo thành thị, nông thôn và theo vùng, địa phương",rate_percent,2010,13.3,old_63,95,Bạc Liêu
1.1,"Tỷ lệ hộ nghèo phân theo thành thị, nông thôn và theo vùng, địa phương",rate_percent,2012,11.5,old_63,95,Bạc Liêu
1.1,"Tỷ lệ hộ nghèo phân theo thành thị, nông thôn và theo vùng, địa phương",rate_percent,2013,10.7,old_63,95,Bạc Liêu
1.1,"Tỷ lệ hộ nghèo phân theo thành thị, nông thôn và theo vùng, địa phương",rate_percent,2014,9.5,old_63,95,Bạc Liêu
1.1,"Tỷ lệ hộ nghèo phân theo thành thị, nông thôn và theo vùng, địa phương",rate_percent,2015,8.4,old_63,95,Bạc Liêu
1.1,"Tỷ lệ hộ nghèo phân theo thành thị, nông thôn và theo vùng, địa phương",rate_percent,2016,6.9,old_63,95,Bạc Liêu
1.1,"Tỷ lệ hộ nghèo phân theo thành thị, nông thôn và theo vùng, địa phương",rate_percent,2020,6.67,old_63,95,Bạc Liêu
1.1,"Tỷ lệ hộ nghèo phân theo thành thị, nông thôn và theo vùng, địa phương",rate_percent,2021,5.81,old_63,95,Bạc Liêu
1.1,"Tỷ lệ hộ nghèo phân theo thành thị, nông thôn và theo vùng, địa phương",rate_percent,2022,5.24,old_63,95,Bạc Liêu
1.1,"Tỷ lệ hộ nghèo phân theo thành thị, nông thôn và theo vùng, địa phương",rate_percent,2023,4.29,old_63,95,Bạc Liêu
1.1,"Tỷ lệ hộ nghèo phân theo thành thị, nông thôn và theo vùng, địa phương",rate_percent,2024,2.86,old_63,95,Bạc Liêu
1.1,"Tỷ lệ hộ nghèo phân theo thành thị, nông thôn và theo vùng, địa phương",rate_percent,2006,14,old_63,96,Cà Mau
1.1,"Tỷ lệ hộ nghèo phân theo thành thị, nông thôn và theo vùng, địa phương",rate_percent,2008,12.7,old_63,96,Cà Mau
1.1,"Tỷ lệ hộ nghèo phân theo thành thị, nông thôn và theo vùng, địa phương",rate_percent,2010,12.3,old_63,96,Cà Mau
1.1,"Tỷ lệ hộ nghèo phân theo thành thị, nông thôn và theo vùng, địa phương",rate_percent,2012,7.8,old_63,96,Cà Mau
1.1,"Tỷ lệ hộ nghèo phân theo thành thị, nông thôn và theo vùng, địa phương",rate_percent,2013,6.6,old_63,96,Cà Mau
1.1,"Tỷ lệ hộ nghèo phân theo thành thị, nông thôn và theo vùng, địa phương",rate_percent,2014,5.7,old_63,96,Cà Mau
1.1,"Tỷ lệ hộ nghèo phân theo thành thị, nông thôn và theo vùng, địa phương",rate_percent,2015,4.7,old_63,96,Cà Mau
1.1,"Tỷ lệ hộ nghèo phân theo thành thị, nông thôn và theo vùng, địa phương",rate_percent,2016,4,old_63,96,Cà Mau
1.1,"Tỷ lệ hộ nghèo phân theo thành thị, nông thôn và theo vùng, địa phương",rate_percent,2020,5.92,old_63,96,Cà Mau
1.1,"Tỷ lệ hộ nghèo phân theo thành thị, nông thôn và theo vùng, địa phương",rate_percent,2021,5.22,old_63,96,Cà Mau
1.1,"Tỷ lệ hộ nghèo phân theo thành thị, nông thôn và theo vùng, địa phương",rate_percent,2022,6.38,old_63,96,Cà Mau
1.1,"Tỷ lệ hộ nghèo phân theo thành thị, nông thôn và theo vùng, địa phương",rate_percent,2023,5.25,old_63,96,Cà Mau
1.1,"Tỷ lệ hộ nghèo phân theo thành thị, nông thôn và theo vùng, địa phương",rate_percent,2024,3.54,old_63,96,Cà Mau
1.1.M,"Tỷ lệ hộ nghèo phân theo thành thị, nông thôn và theo vùng, địa phương",rate_percent,2006,3,new_34,1,Hà Nội
1.1.M,"Tỷ lệ hộ nghèo phân theo thành thị, nông thôn và theo vùng, địa phương",rate_percent,2008,6.6,new_34,1,Hà Nội
1.1.M,"Tỷ lệ hộ nghèo phân theo thành thị, nông thôn và theo vùng, địa phương",rate_percent,2010,5.3,new_34,1,Hà Nội
1.1.M,"Tỷ lệ hộ nghèo phân theo thành thị, nông thôn và theo vùng, địa phương",rate_percent,2012,3.6,new_34,1,Hà Nội
1.1.M,"Tỷ lệ hộ nghèo phân theo thành thị, nông thôn và theo vùng, địa phương",rate_percent,2013,2.9,new_34,1,Hà Nội
1.1.M,"Tỷ lệ hộ nghèo phân theo thành thị, nông thôn và theo vùng, địa phương",rate_percent,2014,2.3,new_34,1,Hà Nội
1.1.M,"Tỷ lệ hộ nghèo phân theo thành thị, nông thôn và theo vùng, địa phương",rate_percent,2015,1.8,new_34,1,Hà Nội
1.1.M,"Tỷ lệ hộ nghèo phân theo thành thị, nông thôn và theo vùng, địa phương",rate_percent,2016,1.3,new_34,1,Hà Nội
1.1.M,"Tỷ lệ hộ nghèo phân theo thành thị, nông thôn và theo vùng, địa phương",rate_percent,2020,0.49,new_34,1,Hà Nội
1.1.M,"Tỷ lệ hộ nghèo phân theo thành thị, nông thôn và theo vùng, địa phương",rate_percent,2021,0.42,new_34,1,Hà Nội
1.1.M,"Tỷ lệ hộ nghèo phân theo thành thị, nông thôn và theo vùng, địa phương",rate_percent,2022,0.14,new_34,1,Hà Nội
1.1.M,"Tỷ lệ hộ nghèo phân theo thành thị, nông thôn và theo vùng, địa phương",rate_percent,2023,0.1,new_34,1,Hà Nội
1.1.M,"Tỷ lệ hộ nghèo phân theo thành thị, nông thôn và theo vùng, địa phương",rate_percent,2024,0.1,new_34,1,Hà Nội
1.1.M,"Tỷ lệ hộ nghèo phân theo thành thị, nông thôn và theo vùng, địa phương",rate_percent,2006,13.95,new_34,24,Bắc Ninh
1.1.M,"Tỷ lệ hộ nghèo phân theo thành thị, nông thôn và theo vùng, địa phương",rate_percent,2008,12.5,new_34,24,Bắc Ninh
1.1.M,"Tỷ lệ hộ nghèo phân theo thành thị, nông thôn và theo vùng, địa phương",rate_percent,2010,13.1,new_34,24,Bắc Ninh
1.1.M,"Tỷ lệ hộ nghèo phân theo thành thị, nông thôn và theo vùng, địa phương",rate_percent,2012,9.3,new_34,24,Bắc Ninh
1.1.M,"Tỷ lệ hộ nghèo phân theo thành thị, nông thôn và theo vùng, địa phương",rate_percent,2013,7.85,new_34,24,Bắc Ninh
1.1.M,"Tỷ lệ hộ nghèo phân theo thành thị, nông thôn và theo vùng, địa phương",rate_percent,2014,6.2,new_34,24,Bắc Ninh
1.1.M,"Tỷ lệ hộ nghèo phân theo thành thị, nông thôn và theo vùng, địa phương",rate_percent,2015,5,new_34,24,Bắc Ninh
1.1.M,"Tỷ lệ hộ nghèo phân theo thành thị, nông thôn và theo vùng, địa phương",rate_percent,2016,3.95,new_34,24,Bắc Ninh
1.1.M,"Tỷ lệ hộ nghèo phân theo thành thị, nông thôn và theo vùng, địa phương",rate_percent,2020,1.76,new_34,24,Bắc Ninh
1.1.M,"Tỷ lệ hộ nghèo phân theo thành thị, nông thôn và theo vùng, địa phương",rate_percent,2021,1.6,new_34,24,Bắc Ninh
1.1.M,"Tỷ lệ hộ nghèo phân theo thành thị, nông thôn và theo vùng, địa phương",rate_percent,2022,1.44,new_34,24,Bắc Ninh
1.1.M,"Tỷ lệ hộ nghèo phân theo thành thị, nông thôn và theo vùng, địa phương",rate_percent,2023,1.25,new_34,24,Bắc Ninh
1.1.M,"Tỷ lệ hộ nghèo phân theo thành thị, nông thôn và theo vùng, địa phương",rate_percent,2024,0.78,new_34,24,Bắc Ninh
1.1.M,"Tỷ lệ hộ nghèo phân theo thành thị, nông thôn và theo vùng, địa phương",rate_percent,2006,7.9,new_34,22,Quảng Ninh
1.1.M,"Tỷ lệ hộ nghèo phân theo thành thị, nông thôn và theo vùng, địa phương",rate_percent,2008,6.4,new_34,22,Quảng Ninh
1.1.M,"Tỷ lệ hộ nghèo phân theo thành thị, nông thôn và theo vùng, địa phương",rate_percent,2010,8,new_34,22,Quảng Ninh
1.1.M,"Tỷ lệ hộ nghèo phân theo thành thị, nông thôn và theo vùng, địa phương",rate_percent,2012,5.2,new_34,22,Quảng Ninh
1.1.M,"Tỷ lệ hộ nghèo phân theo thành thị, nông thôn và theo vùng, địa phương",rate_percent,2013,4.3,new_34,22,Quảng Ninh
1.1.M,"Tỷ lệ hộ nghèo phân theo thành thị, nông thôn và theo vùng, địa phương",rate_percent,2014,4.1,new_34,22,Quảng Ninh
1.1.M,"Tỷ lệ hộ nghèo phân theo thành thị, nông thôn và theo vùng, địa phương",rate_percent,2015,4,new_34,22,Quảng Ninh
1.1.M,"Tỷ lệ hộ nghèo phân theo thành thị, nông thôn và theo vùng, địa phương",rate_percent,2016,3.7,new_34,22,Quảng Ninh
1.1.M,"Tỷ lệ hộ nghèo phân theo thành thị, nông thôn và theo vùng, địa phương",rate_percent,2020,2.13,new_34,22,Quảng Ninh
1.1.M,"Tỷ lệ hộ nghèo phân theo thành thị, nông thôn và theo vùng, địa phương",rate_percent,2021,1.84,new_34,22,Quảng Ninh
1.1.M,"Tỷ lệ hộ nghèo phân theo thành thị, nông thôn và theo vùng, địa phương",rate_percent,2022,1.11,new_34,22,Quảng Ninh
1.1.M,"Tỷ lệ hộ nghèo phân theo thành thị, nông thôn và theo vùng, địa phương",rate_percent,2023,1.09,new_34,22,Quảng Ninh
1.1.M,"Tỷ lệ hộ nghèo phân theo thành thị, nông thôn và theo vùng, địa phương",rate_percent,2024,0.64,new_34,22,Quảng Ninh
1.1.M,"Tỷ lệ hộ nghèo phân theo thành thị, nông thôn và theo vùng, địa phương",rate_percent,2006,10.25,new_34,31,Hải Phòng
1.1.M,"Tỷ lệ hộ nghèo phân theo thành thị, nông thôn và theo vùng, địa phương",rate_percent,2008,8.2,new_34,31,Hải Phòng
1.1.M,"Tỷ lệ hộ nghèo phân theo thành thị, nông thôn và theo vùng, địa phương",rate_percent,2010,8.65,new_34,31,Hải Phòng
1.1.M,"Tỷ lệ hộ nghèo phân theo thành thị, nông thôn và theo vùng, địa phương",rate_percent,2012,6.4,new_34,31,Hải Phòng
1.1.M,"Tỷ lệ hộ nghèo phân theo thành thị, nông thôn và theo vùng, địa phương",rate_percent,2013,5.35,new_34,31,Hải Phòng
1.1.M,"Tỷ lệ hộ nghèo phân theo thành thị, nông thôn và theo vùng, địa phương",rate_percent,2014,4.25,new_34,31,Hải Phòng
1.1.M,"Tỷ lệ hộ nghèo phân theo thành thị, nông thôn và theo vùng, địa phương",rate_percent,2015,3.2,new_34,31,Hải Phòng
1.1.M,"Tỷ lệ hộ nghèo phân theo thành thị, nông thôn và theo vùng, địa phương",rate_percent,2016,2.2,new_34,31,Hải Phòng
1.1.M,"Tỷ lệ hộ nghèo phân theo thành thị, nông thôn và theo vùng, địa phương",rate_percent,2020,1.395,new_34,31,Hải Phòng
1.1.M,"Tỷ lệ hộ nghèo phân theo thành thị, nông thôn và theo vùng, địa phương",rate_percent,2021,1.26,new_34,31,Hải Phòng
1.1.M,"Tỷ lệ hộ nghèo phân theo thành thị, nông thôn và theo vùng, địa phương",rate_percent,2022,0.895,new_34,31,Hải Phòng
1.1.M,"Tỷ lệ hộ nghèo phân theo thành thị, nông thôn và theo vùng, địa phương",rate_percent,2023,0.5,new_34,31,Hải Phòng
1.1.M,"Tỷ lệ hộ nghèo phân theo thành thị, nông thôn và theo vùng, địa phương",rate_percent,2024,0.365,new_34,31,Hải Phòng
1.1.M,"Tỷ lệ hộ nghèo phân theo thành thị, nông thôn và theo vùng, địa phương",rate_percent,2006,11.25,new_34,33,Hưng Yên
1.1.M,"Tỷ lệ hộ nghèo phân theo thành thị, nông thôn và theo vùng, địa phương",rate_percent,2008,10.05,new_34,33,Hưng Yên
1.1.M,"Tỷ lệ hộ nghèo phân theo thành thị, nông thôn và theo vùng, địa phương",rate_percent,2010,10.9,new_34,33,Hưng Yên
1.1.M,"Tỷ lệ hộ nghèo phân theo thành thị, nông thôn và theo vùng, địa phương",rate_percent,2012,7.85,new_34,33,Hưng Yên
1.1.M,"Tỷ lệ hộ nghèo phân theo thành thị, nông thôn và theo vùng, địa phương",rate_percent,2013,6.6,new_34,33,Hưng Yên
1.1.M,"Tỷ lệ hộ nghèo phân theo thành thị, nông thôn và theo vùng, địa phương",rate_percent,2014,5.15,new_34,33,Hưng Yên
1.1.M,"Tỷ lệ hộ nghèo phân theo thành thị, nông thôn và theo vùng, địa phương",rate_percent,2015,4.05,new_34,33,Hưng Yên
1.1.M,"Tỷ lệ hộ nghèo phân theo thành thị, nông thôn và theo vùng, địa phương",rate_percent,2016,3.15,new_34,33,Hưng Yên
1.1.M,"Tỷ lệ hộ nghèo phân theo thành thị, nông thôn và theo vùng, địa phương",rate_percent,2020,1.995,new_34,33,Hưng Yên
1.1.M,"Tỷ lệ hộ nghèo phân theo thành thị, nông thôn và theo vùng, địa phương",rate_percent,2021,1.86,new_34,33,Hưng Yên
1.1.M,"Tỷ lệ hộ nghèo phân theo thành thị, nông thôn và theo vùng, địa phương",rate_percent,2022,1.745,new_34,33,Hưng Yên
1.1.M,"Tỷ lệ hộ nghèo phân theo thành thị, nông thôn và theo vùng, địa phương",rate_percent,2023,1.49,new_34,33,Hưng Yên
1.1.M,"Tỷ lệ hộ nghèo phân theo thành thị, nông thôn và theo vùng, địa phương",rate_percent,2024,0.94,new_34,33,Hưng Yên
1.1.M,"Tỷ lệ hộ nghèo phân theo thành thị, nông thôn và theo vùng, địa phương",rate_percent,2006,13.03333333,new_34,37,Ninh Bình
1.1.M,"Tỷ lệ hộ nghèo phân theo thành thị, nông thôn và theo vùng, địa phương",rate_percent,2008,11.73333333,new_34,37,Ninh Bình
1.1.M,"Tỷ lệ hộ nghèo phân theo thành thị, nông thôn và theo vùng, địa phương",rate_percent,2010,11.4,new_34,37,Ninh Bình
1.1.M,"Tỷ lệ hộ nghèo phân theo thành thị, nông thôn và theo vùng, địa phương",rate_percent,2012,8.5,new_34,37,Ninh Bình
1.1.M,"Tỷ lệ hộ nghèo phân theo thành thị, nông thôn và theo vùng, địa phương",rate_percent,2013,7.333333333,new_34,37,Ninh Bình
1.1.M,"Tỷ lệ hộ nghèo phân theo thành thị, nông thôn và theo vùng, địa phương",rate_percent,2014,5.966666667,new_34,37,Ninh Bình
1.1.M,"Tỷ lệ hộ nghèo phân theo thành thị, nông thôn và theo vùng, địa phương",rate_percent,2015,4.933333333,new_34,37,Ninh Bình
1.1.M,"Tỷ lệ hộ nghèo phân theo thành thị, nông thôn và theo vùng, địa phương",rate_percent,2016,3.9,new_34,37,Ninh Bình
1.1.M,"Tỷ lệ hộ nghèo phân theo thành thị, nông thôn và theo vùng, địa phương",rate_percent,2020,2.046666667,new_34,37,Ninh Bình
1.1.M,"Tỷ lệ hộ nghèo phân theo thành thị, nông thôn và theo vùng, địa phương",rate_percent,2021,1.94,new_34,37,Ninh Bình
1.1.M,"Tỷ lệ hộ nghèo phân theo thành thị, nông thôn và theo vùng, địa phương",rate_percent,2022,1.7,new_34,37,Ninh Bình
1.1.M,"Tỷ lệ hộ nghèo phân theo thành thị, nông thôn và theo vùng, địa phương",rate_percent,2023,1.24,new_34,37,Ninh Bình
1.1.M,"Tỷ lệ hộ nghèo phân theo thành thị, nông thôn và theo vùng, địa phương",rate_percent,2024,0.9,new_34,37,Ninh Bình
1.1.M,"Tỷ lệ hộ nghèo phân theo thành thị, nông thôn và theo vùng, địa phương",rate_percent,2006,38,new_34,4,Cao Bằng
1.1.M,"Tỷ lệ hộ nghèo phân theo thành thị, nông thôn và theo vùng, địa phương",rate_percent,2008,35.6,new_34,4,Cao Bằng
1.1.M,"Tỷ lệ hộ nghèo phân theo thành thị, nông thôn và theo vùng, địa phương",rate_percent,2010,38.1,new_34,4,Cao Bằng
1.1.M,"Tỷ lệ hộ nghèo phân theo thành thị, nông thôn và theo vùng, địa phương",rate_percent,2012,32.9,new_34,4,Cao Bằng
1.1.M,"Tỷ lệ hộ nghèo phân theo thành thị, nông thôn và theo vùng, địa phương",rate_percent,2013,30.6,new_34,4,Cao Bằng
1.1.M,"Tỷ lệ hộ nghèo phân theo thành thị, nông thôn và theo vùng, địa phương",rate_percent,2014,27,new_34,4,Cao Bằng
1.1.M,"Tỷ lệ hộ nghèo phân theo thành thị, nông thôn và theo vùng, địa phương",rate_percent,2015,24.4,new_34,4,Cao Bằng
1.1.M,"Tỷ lệ hộ nghèo phân theo thành thị, nông thôn và theo vùng, địa phương",rate_percent,2016,21.9,new_34,4,Cao Bằng
1.1.M,"Tỷ lệ hộ nghèo phân theo thành thị, nông thôn và theo vùng, địa phương",rate_percent,2020,25.97,new_34,4,Cao Bằng
1.1.M,"Tỷ lệ hộ nghèo phân theo thành thị, nông thôn và theo vùng, địa phương",rate_percent,2021,24.47,new_34,4,Cao Bằng
1.1.M,"Tỷ lệ hộ nghèo phân theo thành thị, nông thôn và theo vùng, địa phương",rate_percent,2022,23.62,new_34,4,Cao Bằng
1.1.M,"Tỷ lệ hộ nghèo phân theo thành thị, nông thôn và theo vùng, địa phương",rate_percent,2023,21.24,new_34,4,Cao Bằng
1.1.M,"Tỷ lệ hộ nghèo phân theo thành thị, nông thôn và theo vùng, địa phương",rate_percent,2024,17.01,new_34,4,Cao Bằng
1.1.M,"Tỷ lệ hộ nghèo phân theo thành thị, nông thôn và theo vùng, địa phương",rate_percent,2006,31.95,new_34,8,Tuyên Quang
1.1.M,"Tỷ lệ hộ nghèo phân theo thành thị, nông thôn và theo vùng, địa phương",rate_percent,2008,29.1,new_34,8,Tuyên Quang
1.1.M,"Tỷ lệ hộ nghèo phân theo thành thị, nông thôn và theo vùng, địa phương",rate_percent,2010,39.4,new_34,8,Tuyên Quang
1.1.M,"Tỷ lệ hộ nghèo phân theo thành thị, nông thôn và theo vùng, địa phương",rate_percent,2012,31.7,new_34,8,Tuyên Quang
1.1.M,"Tỷ lệ hộ nghèo phân theo thành thị, nông thôn và theo vùng, địa phương",rate_percent,2013,28.85,new_34,8,Tuyên Quang
1.1.M,"Tỷ lệ hộ nghèo phân theo thành thị, nông thôn và theo vùng, địa phương",rate_percent,2014,23.4,new_34,8,Tuyên Quang
1.1.M,"Tỷ lệ hộ nghèo phân theo thành thị, nông thôn và theo vùng, địa phương",rate_percent,2015,19.45,new_34,8,Tuyên Quang
1.1.M,"Tỷ lệ hộ nghèo phân theo thành thị, nông thôn và theo vùng, địa phương",rate_percent,2016,16.4,new_34,8,Tuyên Quang
1.1.M,"Tỷ lệ hộ nghèo phân theo thành thị, nông thôn và theo vùng, địa phương",rate_percent,2020,19.94,new_34,8,Tuyên Quang
1.1.M,"Tỷ lệ hộ nghèo phân theo thành thị, nông thôn và theo vùng, địa phương",rate_percent,2021,18.47,new_34,8,Tuyên Quang
1.1.M,"Tỷ lệ hộ nghèo phân theo thành thị, nông thôn và theo vùng, địa phương",rate_percent,2022,20.955,new_34,8,Tuyên Quang
1.1.M,"Tỷ lệ hộ nghèo phân theo thành thị, nông thôn và theo vùng, địa phương",rate_percent,2023,18.085,new_34,8,Tuyên Quang
1.1.M,"Tỷ lệ hộ nghèo phân theo thành thị, nông thôn và theo vùng, địa phương",rate_percent,2024,13.675,new_34,8,Tuyên Quang
1.1.M,"Tỷ lệ hộ nghèo phân theo thành thị, nông thôn và theo vùng, địa phương",rate_percent,2006,28.85,new_34,15,Lào Cai
1.1.M,"Tỷ lệ hộ nghèo phân theo thành thị, nông thôn và theo vùng, địa phương",rate_percent,2008,26.8,new_34,15,Lào Cai
1.1.M,"Tỷ lệ hộ nghèo phân theo thành thị, nông thôn và theo vùng, địa phương",rate_percent,2010,33.25,new_34,15,Lào Cai
1.1.M,"Tỷ lệ hộ nghèo phân theo thành thị, nông thôn và theo vùng, địa phương",rate_percent,2012,28.45,new_34,15,Lào Cai
1.1.M,"Tỷ lệ hộ nghèo phân theo thành thị, nông thôn và theo vùng, địa phương",rate_percent,2013,26.6,new_34,15,Lào Cai
1.1.M,"Tỷ lệ hộ nghèo phân theo thành thị, nông thôn và theo vùng, địa phương",rate_percent,2014,23.35,new_34,15,Lào Cai
1.1.M,"Tỷ lệ hộ nghèo phân theo thành thị, nông thôn và theo vùng, địa phương",rate_percent,2015,20.55,new_34,15,Lào Cai
1.1.M,"Tỷ lệ hộ nghèo phân theo thành thị, nông thôn và theo vùng, địa phương",rate_percent,2016,17.8,new_34,15,Lào Cai
1.1.M,"Tỷ lệ hộ nghèo phân theo thành thị, nông thôn và theo vùng, địa phương",rate_percent,2020,15.22,new_34,15,Lào Cai
1.1.M,"Tỷ lệ hộ nghèo phân theo thành thị, nông thôn và theo vùng, địa phương",rate_percent,2021,14.425,new_34,15,Lào Cai
1.1.M,"Tỷ lệ hộ nghèo phân theo thành thị, nông thôn và theo vùng, địa phương",rate_percent,2022,16.07,new_34,15,Lào Cai
1.1.M,"Tỷ lệ hộ nghèo phân theo thành thị, nông thôn và theo vùng, địa phương",rate_percent,2023,12.14,new_34,15,Lào Cai
1.1.M,"Tỷ lệ hộ nghèo phân theo thành thị, nông thôn và theo vùng, địa phương",rate_percent,2024,8.435,new_34,15,Lào Cai
1.1.M,"Tỷ lệ hộ nghèo phân theo thành thị, nông thôn và theo vùng, địa phương",rate_percent,2006,28.9,new_34,19,Thái Nguyên
1.1.M,"Tỷ lệ hộ nghèo phân theo thành thị, nông thôn và theo vùng, địa phương",rate_percent,2008,26.65,new_34,19,Thái Nguyên
1.1.M,"Tỷ lệ hộ nghèo phân theo thành thị, nông thôn và theo vùng, địa phương",rate_percent,2010,25.55,new_34,19,Thái Nguyên
1.1.M,"Tỷ lệ hộ nghèo phân theo thành thị, nông thôn và theo vùng, địa phương",rate_percent,2012,19.7,new_34,19,Thái Nguyên
1.1.M,"Tỷ lệ hộ nghèo phân theo thành thị, nông thôn và theo vùng, địa phương",rate_percent,2013,17.25,new_34,19,Thái Nguyên
1.1.M,"Tỷ lệ hộ nghèo phân theo thành thị, nông thôn và theo vùng, địa phương",rate_percent,2014,15.05,new_34,19,Thái Nguyên
1.1.M,"Tỷ lệ hộ nghèo phân theo thành thị, nông thôn và theo vùng, địa phương",rate_percent,2015,13.1,new_34,19,Thái Nguyên
1.1.M,"Tỷ lệ hộ nghèo phân theo thành thị, nông thôn và theo vùng, địa phương",rate_percent,2016,11.45,new_34,19,Thái Nguyên
1.1.M,"Tỷ lệ hộ nghèo phân theo thành thị, nông thôn và theo vùng, địa phương",rate_percent,2020,12.78,new_34,19,Thái Nguyên
1.1.M,"Tỷ lệ hộ nghèo phân theo thành thị, nông thôn và theo vùng, địa phương",rate_percent,2021,12.145,new_34,19,Thái Nguyên
1.1.M,"Tỷ lệ hộ nghèo phân theo thành thị, nông thôn và theo vùng, địa phương",rate_percent,2022,11.125,new_34,19,Thái Nguyên
1.1.M,"Tỷ lệ hộ nghèo phân theo thành thị, nông thôn và theo vùng, địa phương",rate_percent,2023,9.2,new_34,19,Thái Nguyên
1.1.M,"Tỷ lệ hộ nghèo phân theo thành thị, nông thôn và theo vùng, địa phương",rate_percent,2024,6.235,new_34,19,Thái Nguyên
1.1.M,"Tỷ lệ hộ nghèo phân theo thành thị, nông thôn và theo vùng, địa phương",rate_percent,2006,21,new_34,20,Lạng Sơn
1.1.M,"Tỷ lệ hộ nghèo phân theo thành thị, nông thôn và theo vùng, địa phương",rate_percent,2008,19.3,new_34,20,Lạng Sơn
1.1.M,"Tỷ lệ hộ nghèo phân theo thành thị, nông thôn và theo vùng, địa phương",rate_percent,2010,27.5,new_34,20,Lạng Sơn
1.1.M,"Tỷ lệ hộ nghèo phân theo thành thị, nông thôn và theo vùng, địa phương",rate_percent,2012,22.5,new_34,20,Lạng Sơn
1.1.M,"Tỷ lệ hộ nghèo phân theo thành thị, nông thôn và theo vùng, địa phương",rate_percent,2013,20.4,new_34,20,Lạng Sơn
1.1.M,"Tỷ lệ hộ nghèo phân theo thành thị, nông thôn và theo vùng, địa phương",rate_percent,2014,18,new_34,20,Lạng Sơn
1.1.M,"Tỷ lệ hộ nghèo phân theo thành thị, nông thôn và theo vùng, địa phương",rate_percent,2015,16.2,new_34,20,Lạng Sơn
1.1.M,"Tỷ lệ hộ nghèo phân theo thành thị, nông thôn và theo vùng, địa phương",rate_percent,2016,14.5,new_34,20,Lạng Sơn
1.1.M,"Tỷ lệ hộ nghèo phân theo thành thị, nông thôn và theo vùng, địa phương",rate_percent,2020,12.26,new_34,20,Lạng Sơn
1.1.M,"Tỷ lệ hộ nghèo phân theo thành thị, nông thôn và theo vùng, địa phương",rate_percent,2021,10.69,new_34,20,Lạng Sơn
1.1.M,"Tỷ lệ hộ nghèo phân theo thành thị, nông thôn và theo vùng, địa phương",rate_percent,2022,7.91,new_34,20,Lạng Sơn
1.1.M,"Tỷ lệ hộ nghèo phân theo thành thị, nông thôn và theo vùng, địa phương",rate_percent,2023,6.07,new_34,20,Lạng Sơn
1.1.M,"Tỷ lệ hộ nghèo phân theo thành thị, nông thôn và theo vùng, địa phương",rate_percent,2024,4.07,new_34,20,Lạng Sơn
1.1.M,"Tỷ lệ hộ nghèo phân theo thành thị, nông thôn và theo vùng, địa phương",rate_percent,2006,21.3,new_34,25,Phú Thọ
1.1.M,"Tỷ lệ hộ nghèo phân theo thành thị, nông thôn và theo vùng, địa phương",rate_percent,2008,18.86666667,new_34,25,Phú Thọ
1.1.M,"Tỷ lệ hộ nghèo phân theo thành thị, nông thôn và theo vùng, địa phương",rate_percent,2010,20.13333333,new_34,25,Phú Thọ
1.1.M,"Tỷ lệ hộ nghèo phân theo thành thị, nông thôn và theo vùng, địa phương",rate_percent,2012,15.3,new_34,25,Phú Thọ
1.1.M,"Tỷ lệ hộ nghèo phân theo thành thị, nông thôn và theo vùng, địa phương",rate_percent,2013,13.26666667,new_34,25,Phú Thọ
1.1.M,"Tỷ lệ hộ nghèo phân theo thành thị, nông thôn và theo vùng, địa phương",rate_percent,2014,10.96666667,new_34,25,Phú Thọ
1.1.M,"Tỷ lệ hộ nghèo phân theo thành thị, nông thôn và theo vùng, địa phương",rate_percent,2015,9.133333333,new_34,25,Phú Thọ
1.1.M,"Tỷ lệ hộ nghèo phân theo thành thị, nông thôn và theo vùng, địa phương",rate_percent,2016,7.533333333,new_34,25,Phú Thọ
1.1.M,"Tỷ lệ hộ nghèo phân theo thành thị, nông thôn và theo vùng, địa phương",rate_percent,2020,5.803333333,new_34,25,Phú Thọ
1.1.M,"Tỷ lệ hộ nghèo phân theo thành thị, nông thôn và theo vùng, địa phương",rate_percent,2021,5.37,new_34,25,Phú Thọ
1.1.M,"Tỷ lệ hộ nghèo phân theo thành thị, nông thôn và theo vùng, địa phương",rate_percent,2022,4.336666667,new_34,25,Phú Thọ
1.1.M,"Tỷ lệ hộ nghèo phân theo thành thị, nông thôn và theo vùng, địa phương",rate_percent,2023,3.473333333,new_34,25,Phú Thọ
1.1.M,"Tỷ lệ hộ nghèo phân theo thành thị, nông thôn và theo vùng, địa phương",rate_percent,2024,2.233333333,new_34,25,Phú Thọ
1.1.M,"Tỷ lệ hộ nghèo phân theo thành thị, nông thôn và theo vùng, địa phương",rate_percent,2006,42.9,new_34,11,Điện Biên
1.1.M,"Tỷ lệ hộ nghèo phân theo thành thị, nông thôn và theo vùng, địa phương",rate_percent,2008,39.3,new_34,11,Điện Biên
1.1.M,"Tỷ lệ hộ nghèo phân theo thành thị, nông thôn và theo vùng, địa phương",rate_percent,2010,50.8,new_34,11,Điện Biên
1.1.M,"Tỷ lệ hộ nghèo phân theo thành thị, nông thôn và theo vùng, địa phương",rate_percent,2012,42.3,new_34,11,Điện Biên
1.1.M,"Tỷ lệ hộ nghèo phân theo thành thị, nông thôn và theo vùng, địa phương",rate_percent,2013,38.6,new_34,11,Điện Biên
1.1.M,"Tỷ lệ hộ nghèo phân theo thành thị, nông thôn và theo vùng, địa phương",rate_percent,2014,33,new_34,11,Điện Biên
1.1.M,"Tỷ lệ hộ nghèo phân theo thành thị, nông thôn và theo vùng, địa phương",rate_percent,2015,29.1,new_34,11,Điện Biên
1.1.M,"Tỷ lệ hộ nghèo phân theo thành thị, nông thôn và theo vùng, địa phương",rate_percent,2016,26.1,new_34,11,Điện Biên
1.1.M,"Tỷ lệ hộ nghèo phân theo thành thị, nông thôn và theo vùng, địa phương",rate_percent,2020,36.74,new_34,11,Điện Biên
1.1.M,"Tỷ lệ hộ nghèo phân theo thành thị, nông thôn và theo vùng, địa phương",rate_percent,2021,34.52,new_34,11,Điện Biên
1.1.M,"Tỷ lệ hộ nghèo phân theo thành thị, nông thôn và theo vùng, địa phương",rate_percent,2022,33.58,new_34,11,Điện Biên
1.1.M,"Tỷ lệ hộ nghèo phân theo thành thị, nông thôn và theo vùng, địa phương",rate_percent,2023,29.55,new_34,11,Điện Biên
1.1.M,"Tỷ lệ hộ nghèo phân theo thành thị, nông thôn và theo vùng, địa phương",rate_percent,2024,23.17,new_34,11,Điện Biên
1.1.M,"Tỷ lệ hộ nghèo phân theo thành thị, nông thôn và theo vùng, địa phương",rate_percent,2006,58.2,new_34,12,Lai Châu
1.1.M,"Tỷ lệ hộ nghèo phân theo thành thị, nông thôn và theo vùng, địa phương",rate_percent,2008,53.7,new_34,12,Lai Châu
1.1.M,"Tỷ lệ hộ nghèo phân theo thành thị, nông thôn và theo vùng, địa phương",rate_percent,2010,50.2,new_34,12,Lai Châu
1.1.M,"Tỷ lệ hộ nghèo phân theo thành thị, nông thôn và theo vùng, địa phương",rate_percent,2012,43.5,new_34,12,Lai Châu
1.1.M,"Tỷ lệ hộ nghèo phân theo thành thị, nông thôn và theo vùng, địa phương",rate_percent,2013,40.6,new_34,12,Lai Châu
1.1.M,"Tỷ lệ hộ nghèo phân theo thành thị, nông thôn và theo vùng, địa phương",rate_percent,2014,35.3,new_34,12,Lai Châu
1.1.M,"Tỷ lệ hộ nghèo phân theo thành thị, nông thôn và theo vùng, địa phương",rate_percent,2015,31.5,new_34,12,Lai Châu
1.1.M,"Tỷ lệ hộ nghèo phân theo thành thị, nông thôn và theo vùng, địa phương",rate_percent,2016,27.9,new_34,12,Lai Châu
1.1.M,"Tỷ lệ hộ nghèo phân theo thành thị, nông thôn và theo vùng, địa phương",rate_percent,2020,30.83,new_34,12,Lai Châu
1.1.M,"Tỷ lệ hộ nghèo phân theo thành thị, nông thôn và theo vùng, địa phương",rate_percent,2021,27.9,new_34,12,Lai Châu
1.1.M,"Tỷ lệ hộ nghèo phân theo thành thị, nông thôn và theo vùng, địa phương",rate_percent,2022,30.31,new_34,12,Lai Châu
1.1.M,"Tỷ lệ hộ nghèo phân theo thành thị, nông thôn và theo vùng, địa phương",rate_percent,2023,28.12,new_34,12,Lai Châu
1.1.M,"Tỷ lệ hộ nghèo phân theo thành thị, nông thôn và theo vùng, địa phương",rate_percent,2024,21.8,new_34,12,Lai Châu
1.1.M,"Tỷ lệ hộ nghèo phân theo thành thị, nông thôn và theo vùng, địa phương",rate_percent,2006,39,new_34,14,Sơn La
1.1.M,"Tỷ lệ hộ nghèo phân theo thành thị, nông thôn và theo vùng, địa phương",rate_percent,2008,36.3,new_34,14,Sơn La
1.1.M,"Tỷ lệ hộ nghèo phân theo thành thị, nông thôn và theo vùng, địa phương",rate_percent,2010,37.9,new_34,14,Sơn La
1.1.M,"Tỷ lệ hộ nghèo phân theo thành thị, nông thôn và theo vùng, địa phương",rate_percent,2012,32,new_34,14,Sơn La
1.1.M,"Tỷ lệ hộ nghèo phân theo thành thị, nông thôn và theo vùng, địa phương",rate_percent,2013,29.4,new_34,14,Sơn La
1.1.M,"Tỷ lệ hộ nghèo phân theo thành thị, nông thôn và theo vùng, địa phương",rate_percent,2014,25.5,new_34,14,Sơn La
1.1.M,"Tỷ lệ hộ nghèo phân theo thành thị, nông thôn và theo vùng, địa phương",rate_percent,2015,22.6,new_34,14,Sơn La
1.1.M,"Tỷ lệ hộ nghèo phân theo thành thị, nông thôn và theo vùng, địa phương",rate_percent,2016,20,new_34,14,Sơn La
1.1.M,"Tỷ lệ hộ nghèo phân theo thành thị, nông thôn và theo vùng, địa phương",rate_percent,2020,30.53,new_34,14,Sơn La
1.1.M,"Tỷ lệ hộ nghèo phân theo thành thị, nông thôn và theo vùng, địa phương",rate_percent,2021,28.61,new_34,14,Sơn La
1.1.M,"Tỷ lệ hộ nghèo phân theo thành thị, nông thôn và theo vùng, địa phương",rate_percent,2022,23.88,new_34,14,Sơn La
1.1.M,"Tỷ lệ hộ nghèo phân theo thành thị, nông thôn và theo vùng, địa phương",rate_percent,2023,19.79,new_34,14,Sơn La
1.1.M,"Tỷ lệ hộ nghèo phân theo thành thị, nông thôn và theo vùng, địa phương",rate_percent,2024,14.5,new_34,14,Sơn La
1.1.M,"Tỷ lệ hộ nghèo phân theo thành thị, nông thôn và theo vùng, địa phương",rate_percent,2006,27.5,new_34,38,Thanh Hóa
1.1.M,"Tỷ lệ hộ nghèo phân theo thành thị, nông thôn và theo vùng, địa phương",rate_percent,2008,24.9,new_34,38,Thanh Hóa
1.1.M,"Tỷ lệ hộ nghèo phân theo thành thị, nông thôn và theo vùng, địa phương",rate_percent,2010,25.4,new_34,38,Thanh Hóa
1.1.M,"Tỷ lệ hộ nghèo phân theo thành thị, nông thôn và theo vùng, địa phương",rate_percent,2012,19.9,new_34,38,Thanh Hóa
1.1.M,"Tỷ lệ hộ nghèo phân theo thành thị, nông thôn và theo vùng, địa phương",rate_percent,2013,17.5,new_34,38,Thanh Hóa
1.1.M,"Tỷ lệ hộ nghèo phân theo thành thị, nông thôn và theo vùng, địa phương",rate_percent,2014,14.5,new_34,38,Thanh Hóa
1.1.M,"Tỷ lệ hộ nghèo phân theo thành thị, nông thôn và theo vùng, địa phương",rate_percent,2015,12,new_34,38,Thanh Hóa
1.1.M,"Tỷ lệ hộ nghèo phân theo thành thị, nông thôn và theo vùng, địa phương",rate_percent,2016,9.6,new_34,38,Thanh Hóa
1.1.M,"Tỷ lệ hộ nghèo phân theo thành thị, nông thôn và theo vùng, địa phương",rate_percent,2020,7.01,new_34,38,Thanh Hóa
1.1.M,"Tỷ lệ hộ nghèo phân theo thành thị, nông thôn và theo vùng, địa phương",rate_percent,2021,6.29,new_34,38,Thanh Hóa
1.1.M,"Tỷ lệ hộ nghèo phân theo thành thị, nông thôn và theo vùng, địa phương",rate_percent,2022,5.21,new_34,38,Thanh Hóa
1.1.M,"Tỷ lệ hộ nghèo phân theo thành thị, nông thôn và theo vùng, địa phương",rate_percent,2023,3.9,new_34,38,Thanh Hóa
1.1.M,"Tỷ lệ hộ nghèo phân theo thành thị, nông thôn và theo vùng, địa phương",rate_percent,2024,2.68,new_34,38,Thanh Hóa
1.1.M,"Tỷ lệ hộ nghèo phân theo thành thị, nông thôn và theo vùng, địa phương",rate_percent,2006,26,new_34,40,Nghệ An
1.1.M,"Tỷ lệ hộ nghèo phân theo thành thị, nông thôn và theo vùng, địa phương",rate_percent,2008,22.5,new_34,40,Nghệ An
1.1.M,"Tỷ lệ hộ nghèo phân theo thành thị, nông thôn và theo vùng, địa phương",rate_percent,2010,24.8,new_34,40,Nghệ An
1.1.M,"Tỷ lệ hộ nghèo phân theo thành thị, nông thôn và theo vùng, địa phương",rate_percent,2012,19.8,new_34,40,Nghệ An
1.1.M,"Tỷ lệ hộ nghèo phân theo thành thị, nông thôn và theo vùng, địa phương",rate_percent,2013,17.4,new_34,40,Nghệ An
1.1.M,"Tỷ lệ hộ nghèo phân theo thành thị, nông thôn và theo vùng, địa phương",rate_percent,2014,14.4,new_34,40,Nghệ An
1.1.M,"Tỷ lệ hộ nghèo phân theo thành thị, nông thôn và theo vùng, địa phương",rate_percent,2015,12.3,new_34,40,Nghệ An
1.1.M,"Tỷ lệ hộ nghèo phân theo thành thị, nông thôn và theo vùng, địa phương",rate_percent,2016,10.4,new_34,40,Nghệ An
1.1.M,"Tỷ lệ hộ nghèo phân theo thành thị, nông thôn và theo vùng, địa phương",rate_percent,2020,10.88,new_34,40,Nghệ An
1.1.M,"Tỷ lệ hộ nghèo phân theo thành thị, nông thôn và theo vùng, địa phương",rate_percent,2021,9.53,new_34,40,Nghệ An
1.1.M,"Tỷ lệ hộ nghèo phân theo thành thị, nông thôn và theo vùng, địa phương",rate_percent,2022,6.22,new_34,40,Nghệ An
1.1.M,"Tỷ lệ hộ nghèo phân theo thành thị, nông thôn và theo vùng, địa phương",rate_percent,2023,4.72,new_34,40,Nghệ An
1.1.M,"Tỷ lệ hộ nghèo phân theo thành thị, nông thôn và theo vùng, địa phương",rate_percent,2024,3.22,new_34,40,Nghệ An
1.1.M,"Tỷ lệ hộ nghèo phân theo thành thị, nông thôn và theo vùng, địa phương",rate_percent,2006,31.5,new_34,42,Hà Tĩnh
1.1.M,"Tỷ lệ hộ nghèo phân theo thành thị, nông thôn và theo vùng, địa phương",rate_percent,2008,26.5,new_34,42,Hà Tĩnh
1.1.M,"Tỷ lệ hộ nghèo phân theo thành thị, nông thôn và theo vùng, địa phương",rate_percent,2010,26.1,new_34,42,Hà Tĩnh
1.1.M,"Tỷ lệ hộ nghèo phân theo thành thị, nông thôn và theo vùng, địa phương",rate_percent,2012,20.7,new_34,42,Hà Tĩnh
1.1.M,"Tỷ lệ hộ nghèo phân theo thành thị, nông thôn và theo vùng, địa phương",rate_percent,2013,18.5,new_34,42,Hà Tĩnh
1.1.M,"Tỷ lệ hộ nghèo phân theo thành thị, nông thôn và theo vùng, địa phương",rate_percent,2014,15.6,new_34,42,Hà Tĩnh
1.1.M,"Tỷ lệ hộ nghèo phân theo thành thị, nông thôn và theo vùng, địa phương",rate_percent,2015,13.3,new_34,42,Hà Tĩnh
1.1.M,"Tỷ lệ hộ nghèo phân theo thành thị, nông thôn và theo vùng, địa phương",rate_percent,2016,11,new_34,42,Hà Tĩnh
1.1.M,"Tỷ lệ hộ nghèo phân theo thành thị, nông thôn và theo vùng, địa phương",rate_percent,2020,6.53,new_34,42,Hà Tĩnh
1.1.M,"Tỷ lệ hộ nghèo phân theo thành thị, nông thôn và theo vùng, địa phương",rate_percent,2021,5.88,new_34,42,Hà Tĩnh
1.1.M,"Tỷ lệ hộ nghèo phân theo thành thị, nông thôn và theo vùng, địa phương",rate_percent,2022,3.83,new_34,42,Hà Tĩnh
1.1.M,"Tỷ lệ hộ nghèo phân theo thành thị, nông thôn và theo vùng, địa phương",rate_percent,2023,2.9,new_34,42,Hà Tĩnh
1.1.M,"Tỷ lệ hộ nghèo phân theo thành thị, nông thôn và theo vùng, địa phương",rate_percent,2024,1.92,new_34,42,Hà Tĩnh
1.1.M,"Tỷ lệ hộ nghèo phân theo thành thị, nông thôn và theo vùng, địa phương",rate_percent,2006,27.5,new_34,44,Quảng Trị
1.1.M,"Tỷ lệ hộ nghèo phân theo thành thị, nông thôn và theo vùng, địa phương",rate_percent,2008,23.9,new_34,44,Quảng Trị
1.1.M,"Tỷ lệ hộ nghèo phân theo thành thị, nông thôn và theo vùng, địa phương",rate_percent,2010,25.15,new_34,44,Quảng Trị
1.1.M,"Tỷ lệ hộ nghèo phân theo thành thị, nông thôn và theo vùng, địa phương",rate_percent,2012,19.1,new_34,44,Quảng Trị
1.1.M,"Tỷ lệ hộ nghèo phân theo thành thị, nông thôn và theo vùng, địa phương",rate_percent,2013,16.7,new_34,44,Quảng Trị
1.1.M,"Tỷ lệ hộ nghèo phân theo thành thị, nông thôn và theo vùng, địa phương",rate_percent,2014,13.8,new_34,44,Quảng Trị
1.1.M,"Tỷ lệ hộ nghèo phân theo thành thị, nông thôn và theo vùng, địa phương",rate_percent,2015,11.6,new_34,44,Quảng Trị
1.1.M,"Tỷ lệ hộ nghèo phân theo thành thị, nông thôn và theo vùng, địa phương",rate_percent,2016,9.85,new_34,44,Quảng Trị
1.1.M,"Tỷ lệ hộ nghèo phân theo thành thị, nông thôn và theo vùng, địa phương",rate_percent,2020,8.995,new_34,44,Quảng Trị
1.1.M,"Tỷ lệ hộ nghèo phân theo thành thị, nông thôn và theo vùng, địa phương",rate_percent,2021,7.9,new_34,44,Quảng Trị
1.1.M,"Tỷ lệ hộ nghèo phân theo thành thị, nông thôn và theo vùng, địa phương",rate_percent,2022,7.92,new_34,44,Quảng Trị
1.1.M,"Tỷ lệ hộ nghèo phân theo thành thị, nông thôn và theo vùng, địa phương",rate_percent,2023,6.005,new_34,44,Quảng Trị
1.1.M,"Tỷ lệ hộ nghèo phân theo thành thị, nông thôn và theo vùng, địa phương",rate_percent,2024,4.52,new_34,44,Quảng Trị
1.1.M,"Tỷ lệ hộ nghèo phân theo thành thị, nông thôn và theo vùng, địa phương",rate_percent,2006,16.4,new_34,46,Huế
1.1.M,"Tỷ lệ hộ nghèo phân theo thành thị, nông thôn và theo vùng, địa phương",rate_percent,2008,13.7,new_34,46,Huế
1.1.M,"Tỷ lệ hộ nghèo phân theo thành thị, nông thôn và theo vùng, địa phương",rate_percent,2010,12.8,new_34,46,Huế
1.1.M,"Tỷ lệ hộ nghèo phân theo thành thị, nông thôn và theo vùng, địa phương",rate_percent,2012,8.9,new_34,46,Huế
1.1.M,"Tỷ lệ hộ nghèo phân theo thành thị, nông thôn và theo vùng, địa phương",rate_percent,2013,7.4,new_34,46,Huế
1.1.M,"Tỷ lệ hộ nghèo phân theo thành thị, nông thôn và theo vùng, địa phương",rate_percent,2014,6,new_34,46,Huế
1.1.M,"Tỷ lệ hộ nghèo phân theo thành thị, nông thôn và theo vùng, địa phương",rate_percent,2015,4.7,new_34,46,Huế
1.1.M,"Tỷ lệ hộ nghèo phân theo thành thị, nông thôn và theo vùng, địa phương",rate_percent,2016,3.7,new_34,46,Huế
1.1.M,"Tỷ lệ hộ nghèo phân theo thành thị, nông thôn và theo vùng, địa phương",rate_percent,2020,3.5,new_34,46,Huế
1.1.M,"Tỷ lệ hộ nghèo phân theo thành thị, nông thôn và theo vùng, địa phương",rate_percent,2021,3.02,new_34,46,Huế
1.1.M,"Tỷ lệ hộ nghèo phân theo thành thị, nông thôn và theo vùng, địa phương",rate_percent,2022,3.93,new_34,46,Huế
1.1.M,"Tỷ lệ hộ nghèo phân theo thành thị, nông thôn và theo vùng, địa phương",rate_percent,2023,3.31,new_34,46,Huế
1.1.M,"Tỷ lệ hộ nghèo phân theo thành thị, nông thôn và theo vùng, địa phương",rate_percent,2024,2.31,new_34,46,Huế
1.1.M,"Tỷ lệ hộ nghèo phân theo thành thị, nông thôn và theo vùng, địa phương",rate_percent,2006,13.4,new_34,48,Đà Nẵng
1.1.M,"Tỷ lệ hộ nghèo phân theo thành thị, nông thôn và theo vùng, địa phương",rate_percent,2008,11.55,new_34,48,Đà Nẵng
1.1.M,"Tỷ lệ hộ nghèo phân theo thành thị, nông thôn và theo vùng, địa phương",rate_percent,2010,14.55,new_34,48,Đà Nẵng
1.1.M,"Tỷ lệ hộ nghèo phân theo thành thị, nông thôn và theo vùng, địa phương",rate_percent,2012,10.35,new_34,48,Đà Nẵng
1.1.M,"Tỷ lệ hộ nghèo phân theo thành thị, nông thôn và theo vùng, địa phương",rate_percent,2013,8.7,new_34,48,Đà Nẵng
1.1.M,"Tỷ lệ hộ nghèo phân theo thành thị, nông thôn và theo vùng, địa phương",rate_percent,2014,7.1,new_34,48,Đà Nẵng
1.1.M,"Tỷ lệ hộ nghèo phân theo thành thị, nông thôn và theo vùng, địa phương",rate_percent,2015,5.7,new_34,48,Đà Nẵng
1.1.M,"Tỷ lệ hộ nghèo phân theo thành thị, nông thôn và theo vùng, địa phương",rate_percent,2016,4.45,new_34,48,Đà Nẵng
1.1.M,"Tỷ lệ hộ nghèo phân theo thành thị, nông thôn và theo vùng, địa phương",rate_percent,2020,4.315,new_34,48,Đà Nẵng
1.1.M,"Tỷ lệ hộ nghèo phân theo thành thị, nông thôn và theo vùng, địa phương",rate_percent,2021,3.67,new_34,48,Đà Nẵng
1.1.M,"Tỷ lệ hộ nghèo phân theo thành thị, nông thôn và theo vùng, địa phương",rate_percent,2022,4.23,new_34,48,Đà Nẵng
1.1.M,"Tỷ lệ hộ nghèo phân theo thành thị, nông thôn và theo vùng, địa phương",rate_percent,2023,3.17,new_34,48,Đà Nẵng
1.1.M,"Tỷ lệ hộ nghèo phân theo thành thị, nông thôn và theo vùng, địa phương",rate_percent,2024,1.965,new_34,48,Đà Nẵng
1.1.M,"Tỷ lệ hộ nghèo phân theo thành thị, nông thôn và theo vùng, địa phương",rate_percent,2006,26.85,new_34,51,Quảng Ngãi
1.1.M,"Tỷ lệ hộ nghèo phân theo thành thị, nông thôn và theo vùng, địa phương",rate_percent,2008,23.1,new_34,51,Quảng Ngãi
1.1.M,"Tỷ lệ hộ nghèo phân theo thành thị, nông thôn và theo vùng, địa phương",rate_percent,2010,27.35,new_34,51,Quảng Ngãi
1.1.M,"Tỷ lệ hộ nghèo phân theo thành thị, nông thôn và theo vùng, địa phương",rate_percent,2012,21.1,new_34,51,Quảng Ngãi
1.1.M,"Tỷ lệ hộ nghèo phân theo thành thị, nông thôn và theo vùng, địa phương",rate_percent,2013,18.75,new_34,51,Quảng Ngãi
1.1.M,"Tỷ lệ hộ nghèo phân theo thành thị, nông thôn và theo vùng, địa phương",rate_percent,2014,15.95,new_34,51,Quảng Ngãi
1.1.M,"Tỷ lệ hộ nghèo phân theo thành thị, nông thôn và theo vùng, địa phương",rate_percent,2015,13.75,new_34,51,Quảng Ngãi
1.1.M,"Tỷ lệ hộ nghèo phân theo thành thị, nông thôn và theo vùng, địa phương",rate_percent,2016,11.7,new_34,51,Quảng Ngãi
1.1.M,"Tỷ lệ hộ nghèo phân theo thành thị, nông thôn và theo vùng, địa phương",rate_percent,2020,14.74,new_34,51,Quảng Ngãi
1.1.M,"Tỷ lệ hộ nghèo phân theo thành thị, nông thôn và theo vùng, địa phương",rate_percent,2021,13.71,new_34,51,Quảng Ngãi
1.1.M,"Tỷ lệ hộ nghèo phân theo thành thị, nông thôn và theo vùng, địa phương",rate_percent,2022,12.92,new_34,51,Quảng Ngãi
1.1.M,"Tỷ lệ hộ nghèo phân theo thành thị, nông thôn và theo vùng, địa phương",rate_percent,2023,10.595,new_34,51,Quảng Ngãi
1.1.M,"Tỷ lệ hộ nghèo phân theo thành thị, nông thôn và theo vùng, địa phương",rate_percent,2024,7.255,new_34,51,Quảng Ngãi
1.1.M,"Tỷ lệ hộ nghèo phân theo thành thị, nông thôn và theo vùng, địa phương",rate_percent,2006,16.65,new_34,56,Khánh Hòa
1.1.M,"Tỷ lệ hộ nghèo phân theo thành thị, nông thôn và theo vùng, địa phương",rate_percent,2008,14.2,new_34,56,Khánh Hòa
1.1.M,"Tỷ lệ hộ nghèo phân theo thành thị, nông thôn và theo vùng, địa phương",rate_percent,2010,14.25,new_34,56,Khánh Hòa
1.1.M,"Tỷ lệ hộ nghèo phân theo thành thị, nông thôn và theo vùng, địa phương",rate_percent,2012,11,new_34,56,Khánh Hòa
1.1.M,"Tỷ lệ hộ nghèo phân theo thành thị, nông thôn và theo vùng, địa phương",rate_percent,2013,9.75,new_34,56,Khánh Hòa
1.1.M,"Tỷ lệ hộ nghèo phân theo thành thị, nông thôn và theo vùng, địa phương",rate_percent,2014,8.05,new_34,56,Khánh Hòa
1.1.M,"Tỷ lệ hộ nghèo phân theo thành thị, nông thôn và theo vùng, địa phương",rate_percent,2015,6.6,new_34,56,Khánh Hòa
1.1.M,"Tỷ lệ hộ nghèo phân theo thành thị, nông thôn và theo vùng, địa phương",rate_percent,2016,5.15,new_34,56,Khánh Hòa
1.1.M,"Tỷ lệ hộ nghèo phân theo thành thị, nông thôn và theo vùng, địa phương",rate_percent,2020,5.705,new_34,56,Khánh Hòa
1.1.M,"Tỷ lệ hộ nghèo phân theo thành thị, nông thôn và theo vùng, địa phương",rate_percent,2021,5.3,new_34,56,Khánh Hòa
1.1.M,"Tỷ lệ hộ nghèo phân theo thành thị, nông thôn và theo vùng, địa phương",rate_percent,2022,6.055,new_34,56,Khánh Hòa
1.1.M,"Tỷ lệ hộ nghèo phân theo thành thị, nông thôn và theo vùng, địa phương",rate_percent,2023,5.215,new_34,56,Khánh Hòa
1.1.M,"Tỷ lệ hộ nghèo phân theo thành thị, nông thôn và theo vùng, địa phương",rate_percent,2024,4.035,new_34,56,Khánh Hòa
1.1.M,"Tỷ lệ hộ nghèo phân theo thành thị, nông thôn và theo vùng, địa phương",rate_percent,2006,21.35,new_34,52,Gia Lai
1.1.M,"Tỷ lệ hộ nghèo phân theo thành thị, nông thôn và theo vùng, địa phương",rate_percent,2008,18.95,new_34,52,Gia Lai
1.1.M,"Tỷ lệ hộ nghèo phân theo thành thị, nông thôn và theo vùng, địa phương",rate_percent,2010,20.95,new_34,52,Gia Lai
1.1.M,"Tỷ lệ hộ nghèo phân theo thành thị, nông thôn và theo vùng, địa phương",rate_percent,2012,18,new_34,52,Gia Lai
1.1.M,"Tỷ lệ hộ nghèo phân theo thành thị, nông thôn và theo vùng, địa phương",rate_percent,2013,16.65,new_34,52,Gia Lai
1.1.M,"Tỷ lệ hộ nghèo phân theo thành thị, nông thôn và theo vùng, địa phương",rate_percent,2014,14.4,new_34,52,Gia Lai
1.1.M,"Tỷ lệ hộ nghèo phân theo thành thị, nông thôn và theo vùng, địa phương",rate_percent,2015,12.4,new_34,52,Gia Lai
1.1.M,"Tỷ lệ hộ nghèo phân theo thành thị, nông thôn và theo vùng, địa phương",rate_percent,2016,10.5,new_34,52,Gia Lai
1.1.M,"Tỷ lệ hộ nghèo phân theo thành thị, nông thôn và theo vùng, địa phương",rate_percent,2020,11.24,new_34,52,Gia Lai
1.1.M,"Tỷ lệ hộ nghèo phân theo thành thị, nông thôn và theo vùng, địa phương",rate_percent,2021,10.255,new_34,52,Gia Lai
1.1.M,"Tỷ lệ hộ nghèo phân theo thành thị, nông thôn và theo vùng, địa phương",rate_percent,2022,11.055,new_34,52,Gia Lai
1.1.M,"Tỷ lệ hộ nghèo phân theo thành thị, nông thôn và theo vùng, địa phương",rate_percent,2023,8.595,new_34,52,Gia Lai
1.1.M,"Tỷ lệ hộ nghèo phân theo thành thị, nông thôn và theo vùng, địa phương",rate_percent,2024,5.82,new_34,52,Gia Lai
1.1.M,"Tỷ lệ hộ nghèo phân theo thành thị, nông thôn và theo vùng, địa phương",rate_percent,2006,21.4,new_34,66,Đắk Lắk
1.1.M,"Tỷ lệ hộ nghèo phân theo thành thị, nông thôn và theo vùng, địa phương",rate_percent,2008,18.8,new_34,66,Đắk Lắk
1.1.M,"Tỷ lệ hộ nghèo phân theo thành thị, nông thôn và theo vùng, địa phương",rate_percent,2010,20.45,new_34,66,Đắk Lắk
1.1.M,"Tỷ lệ hộ nghèo phân theo thành thị, nông thôn và theo vùng, địa phương",rate_percent,2012,16.8,new_34,66,Đắk Lắk
1.1.M,"Tỷ lệ hộ nghèo phân theo thành thị, nông thôn và theo vùng, địa phương",rate_percent,2013,15.3,new_34,66,Đắk Lắk
1.1.M,"Tỷ lệ hộ nghèo phân theo thành thị, nông thôn và theo vùng, địa phương",rate_percent,2014,12.55,new_34,66,Đắk Lắk
1.1.M,"Tỷ lệ hộ nghèo phân theo thành thị, nông thôn và theo vùng, địa phương",rate_percent,2015,9.65,new_34,66,Đắk Lắk
1.1.M,"Tỷ lệ hộ nghèo phân theo thành thị, nông thôn và theo vùng, địa phương",rate_percent,2016,6.85,new_34,66,Đắk Lắk
1.1.M,"Tỷ lệ hộ nghèo phân theo thành thị, nông thôn và theo vùng, địa phương",rate_percent,2020,6.68,new_34,66,Đắk Lắk
1.1.M,"Tỷ lệ hộ nghèo phân theo thành thị, nông thôn và theo vùng, địa phương",rate_percent,2021,6.04,new_34,66,Đắk Lắk
1.1.M,"Tỷ lệ hộ nghèo phân theo thành thị, nông thôn và theo vùng, địa phương",rate_percent,2022,7.345,new_34,66,Đắk Lắk
1.1.M,"Tỷ lệ hộ nghèo phân theo thành thị, nông thôn và theo vùng, địa phương",rate_percent,2023,6.025,new_34,66,Đắk Lắk
1.1.M,"Tỷ lệ hộ nghèo phân theo thành thị, nông thôn và theo vùng, địa phương",rate_percent,2024,4.05,new_34,66,Đắk Lắk
1.1.M,"Tỷ lệ hộ nghèo phân theo thành thị, nông thôn và theo vùng, địa phương",rate_percent,2006,18.6,new_34,68,Lâm Đồng
1.1.M,"Tỷ lệ hộ nghèo phân theo thành thị, nông thôn và theo vùng, địa phương",rate_percent,2008,16.1,new_34,68,Lâm Đồng
1.1.M,"Tỷ lệ hộ nghèo phân theo thành thị, nông thôn và theo vùng, địa phương",rate_percent,2010,17.16666667,new_34,68,Lâm Đồng
1.1.M,"Tỷ lệ hộ nghèo phân theo thành thị, nông thôn và theo vùng, địa phương",rate_percent,2012,13.8,new_34,68,Lâm Đồng
1.1.M,"Tỷ lệ hộ nghèo phân theo thành thị, nông thôn và theo vùng, địa phương",rate_percent,2013,12.5,new_34,68,Lâm Đồng
1.1.M,"Tỷ lệ hộ nghèo phân theo thành thị, nông thôn và theo vùng, địa phương",rate_percent,2014,10.5,new_34,68,Lâm Đồng
1.1.M,"Tỷ lệ hộ nghèo phân theo thành thị, nông thôn và theo vùng, địa phương",rate_percent,2015,8.5,new_34,68,Lâm Đồng
1.1.M,"Tỷ lệ hộ nghèo phân theo thành thị, nông thôn và theo vùng, địa phương",rate_percent,2016,6.533333333,new_34,68,Lâm Đồng
1.1.M,"Tỷ lệ hộ nghèo phân theo thành thị, nông thôn và theo vùng, địa phương",rate_percent,2020,4.9,new_34,68,Lâm Đồng
1.1.M,"Tỷ lệ hộ nghèo phân theo thành thị, nông thôn và theo vùng, địa phương",rate_percent,2021,4.296666667,new_34,68,Lâm Đồng
1.1.M,"Tỷ lệ hộ nghèo phân theo thành thị, nông thôn và theo vùng, địa phương",rate_percent,2022,5.4,new_34,68,Lâm Đồng
1.1.M,"Tỷ lệ hộ nghèo phân theo thành thị, nông thôn và theo vùng, địa phương",rate_percent,2023,4.273333333,new_34,68,Lâm Đồng
1.1.M,"Tỷ lệ hộ nghèo phân theo thành thị, nông thôn và theo vùng, địa phương",rate_percent,2024,2.83,new_34,68,Lâm Đồng
1.1.M,"Tỷ lệ hộ nghèo phân theo thành thị, nông thôn và theo vùng, địa phương",rate_percent,2006,7.85,new_34,80,Tây Ninh
1.1.M,"Tỷ lệ hộ nghèo phân theo thành thị, nông thôn và theo vùng, địa phương",rate_percent,2008,6.85,new_34,80,Tây Ninh
1.1.M,"Tỷ lệ hộ nghèo phân theo thành thị, nông thôn và theo vùng, địa phương",rate_percent,2010,6.75,new_34,80,Tây Ninh
1.1.M,"Tỷ lệ hộ nghèo phân theo thành thị, nông thôn và theo vùng, địa phương",rate_percent,2012,5.35,new_34,80,Tây Ninh
1.1.M,"Tỷ lệ hộ nghèo phân theo thành thị, nông thôn và theo vùng, địa phương",rate_percent,2013,4.85,new_34,80,Tây Ninh
1.1.M,"Tỷ lệ hộ nghèo phân theo thành thị, nông thôn và theo vùng, địa phương",rate_percent,2014,4.15,new_34,80,Tây Ninh
1.1.M,"Tỷ lệ hộ nghèo phân theo thành thị, nông thôn và theo vùng, địa phương",rate_percent,2015,3.55,new_34,80,Tây Ninh
1.1.M,"Tỷ lệ hộ nghèo phân theo thành thị, nông thôn và theo vùng, địa phương",rate_percent,2016,2.85,new_34,80,Tây Ninh
1.1.M,"Tỷ lệ hộ nghèo phân theo thành thị, nông thôn và theo vùng, địa phương",rate_percent,2020,1.54,new_34,80,Tây Ninh
1.1.M,"Tỷ lệ hộ nghèo phân theo thành thị, nông thôn và theo vùng, địa phương",rate_percent,2021,1.27,new_34,80,Tây Ninh
1.1.M,"Tỷ lệ hộ nghèo phân theo thành thị, nông thôn và theo vùng, địa phương",rate_percent,2022,1.76,new_34,80,Tây Ninh
1.1.M,"Tỷ lệ hộ nghèo phân theo thành thị, nông thôn và theo vùng, địa phương",rate_percent,2023,1.225,new_34,80,Tây Ninh
1.1.M,"Tỷ lệ hộ nghèo phân theo thành thị, nông thôn và theo vùng, địa phương",rate_percent,2024,0.86,new_34,80,Tây Ninh
1.1.M,"Tỷ lệ hộ nghèo phân theo thành thị, nông thôn và theo vùng, địa phương",rate_percent,2006,7.75,new_34,75,Đồng Nai
1.1.M,"Tỷ lệ hộ nghèo phân theo thành thị, nông thôn và theo vùng, địa phương",rate_percent,2008,6.7,new_34,75,Đồng Nai
1.1.M,"Tỷ lệ hộ nghèo phân theo thành thị, nông thôn và theo vùng, địa phương",rate_percent,2010,6.55,new_34,75,Đồng Nai
1.1.M,"Tỷ lệ hộ nghèo phân theo thành thị, nông thôn và theo vùng, địa phương",rate_percent,2012,5.05,new_34,75,Đồng Nai
1.1.M,"Tỷ lệ hộ nghèo phân theo thành thị, nông thôn và theo vùng, địa phương",rate_percent,2013,4.4,new_34,75,Đồng Nai
1.1.M,"Tỷ lệ hộ nghèo phân theo thành thị, nông thôn và theo vùng, địa phương",rate_percent,2014,3.95,new_34,75,Đồng Nai
1.1.M,"Tỷ lệ hộ nghèo phân theo thành thị, nông thôn và theo vùng, địa phương",rate_percent,2015,3.4,new_34,75,Đồng Nai
1.1.M,"Tỷ lệ hộ nghèo phân theo thành thị, nông thôn và theo vùng, địa phương",rate_percent,2016,2.8,new_34,75,Đồng Nai
1.1.M,"Tỷ lệ hộ nghèo phân theo thành thị, nông thôn và theo vùng, địa phương",rate_percent,2020,1.635,new_34,75,Đồng Nai
1.1.M,"Tỷ lệ hộ nghèo phân theo thành thị, nông thôn và theo vùng, địa phương",rate_percent,2021,1.51,new_34,75,Đồng Nai
1.1.M,"Tỷ lệ hộ nghèo phân theo thành thị, nông thôn và theo vùng, địa phương",rate_percent,2022,1.445,new_34,75,Đồng Nai
1.1.M,"Tỷ lệ hộ nghèo phân theo thành thị, nông thôn và theo vùng, địa phương",rate_percent,2023,1.11,new_34,75,Đồng Nai
1.1.M,"Tỷ lệ hộ nghèo phân theo thành thị, nông thôn và theo vùng, địa phương",rate_percent,2024,0.73,new_34,75,Đồng Nai
1.1.M,"Tỷ lệ hộ nghèo phân theo thành thị, nông thôn và theo vùng, địa phương",rate_percent,2006,2.666666667,new_34,79,TP. Hồ Chí Minh
1.1.M,"Tỷ lệ hộ nghèo phân theo thành thị, nông thôn và theo vùng, địa phương",rate_percent,2008,2.333333333,new_34,79,TP. Hồ Chí Minh
1.1.M,"Tỷ lệ hộ nghèo phân theo thành thị, nông thôn và theo vùng, địa phương",rate_percent,2010,2.533333333,new_34,79,TP. Hồ Chí Minh
1.1.M,"Tỷ lệ hộ nghèo phân theo thành thị, nông thôn và theo vùng, địa phương",rate_percent,2012,1.196666667,new_34,79,TP. Hồ Chí Minh
1.1.M,"Tỷ lệ hộ nghèo phân theo thành thị, nông thôn và theo vùng, địa phương",rate_percent,2013,0.763333333,new_34,79,TP. Hồ Chí Minh
1.1.M,"Tỷ lệ hộ nghèo phân theo thành thị, nông thôn và theo vùng, địa phương",rate_percent,2014,0.446666667,new_34,79,TP. Hồ Chí Minh
1.1.M,"Tỷ lệ hộ nghèo phân theo thành thị, nông thôn và theo vùng, địa phương",rate_percent,2015,0.24,new_34,79,TP. Hồ Chí Minh
1.1.M,"Tỷ lệ hộ nghèo phân theo thành thị, nông thôn và theo vùng, địa phương",rate_percent,2016,0.405,new_34,79,TP. Hồ Chí Minh
1.1.M,"Tỷ lệ hộ nghèo phân theo thành thị, nông thôn và theo vùng, địa phương",rate_percent,2020,0.196666667,new_34,79,TP. Hồ Chí Minh
1.1.M,"Tỷ lệ hộ nghèo phân theo thành thị, nông thôn và theo vùng, địa phương",rate_percent,2021,0.076666667,new_34,79,TP. Hồ Chí Minh
1.1.M,"Tỷ lệ hộ nghèo phân theo thành thị, nông thôn và theo vùng, địa phương",rate_percent,2022,0.313333333,new_34,79,TP. Hồ Chí Minh
1.1.M,"Tỷ lệ hộ nghèo phân theo thành thị, nông thôn và theo vùng, địa phương",rate_percent,2023,0.243333333,new_34,79,TP. Hồ Chí Minh
1.1.M,"Tỷ lệ hộ nghèo phân theo thành thị, nông thôn và theo vùng, địa phương",rate_percent,2024,0.183333333,new_34,79,TP. Hồ Chí Minh
1.1.M,"Tỷ lệ hộ nghèo phân theo thành thị, nông thôn và theo vùng, địa phương",rate_percent,2006,16.33333333,new_34,86,Vĩnh Long
1.1.M,"Tỷ lệ hộ nghèo phân theo thành thị, nông thôn và theo vùng, địa phương",rate_percent,2008,14.33333333,new_34,86,Vĩnh Long
1.1.M,"Tỷ lệ hộ nghèo phân theo thành thị, nông thôn và theo vùng, địa phương",rate_percent,2010,16.03333333,new_34,86,Vĩnh Long
1.1.M,"Tỷ lệ hộ nghèo phân theo thành thị, nông thôn và theo vùng, địa phương",rate_percent,2012,13.06666667,new_34,86,Vĩnh Long
1.1.M,"Tỷ lệ hộ nghèo phân theo thành thị, nông thôn và theo vùng, địa phương",rate_percent,2013,11.9,new_34,86,Vĩnh Long
1.1.M,"Tỷ lệ hộ nghèo phân theo thành thị, nông thôn và theo vùng, địa phương",rate_percent,2014,10.13333333,new_34,86,Vĩnh Long
1.1.M,"Tỷ lệ hộ nghèo phân theo thành thị, nông thôn và theo vùng, địa phương",rate_percent,2015,8.666666667,new_34,86,Vĩnh Long
1.1.M,"Tỷ lệ hộ nghèo phân theo thành thị, nông thôn và theo vùng, địa phương",rate_percent,2016,7.133333333,new_34,86,Vĩnh Long
1.1.M,"Tỷ lệ hộ nghèo phân theo thành thị, nông thôn và theo vùng, địa phương",rate_percent,2020,5.81,new_34,86,Vĩnh Long
1.1.M,"Tỷ lệ hộ nghèo phân theo thành thị, nông thôn và theo vùng, địa phương",rate_percent,2021,5.233333333,new_34,86,Vĩnh Long
1.1.M,"Tỷ lệ hộ nghèo phân theo thành thị, nông thôn và theo vùng, địa phương",rate_percent,2022,4.813333333,new_34,86,Vĩnh Long
1.1.M,"Tỷ lệ hộ nghèo phân theo thành thị, nông thôn và theo vùng, địa phương",rate_percent,2023,3.676666667,new_34,86,Vĩnh Long
1.1.M,"Tỷ lệ hộ nghèo phân theo thành thị, nông thôn và theo vùng, địa phương",rate_percent,2024,2.506666667,new_34,86,Vĩnh Long
1.1.M,"Tỷ lệ hộ nghèo phân theo thành thị, nông thôn và theo vùng, địa phương",rate_percent,2006,12.65,new_34,82,Đồng Tháp
1.1.M,"Tỷ lệ hộ nghèo phân theo thành thị, nông thôn và theo vùng, địa phương",rate_percent,2008,10.6,new_34,82,Đồng Tháp
1.1.M,"Tỷ lệ hộ nghèo phân theo thành thị, nông thôn và theo vùng, địa phương",rate_percent,2010,12.5,new_34,82,Đồng Tháp
1.1.M,"Tỷ lệ hộ nghèo phân theo thành thị, nông thôn và theo vùng, địa phương",rate_percent,2012,10.3,new_34,82,Đồng Tháp
1.1.M,"Tỷ lệ hộ nghèo phân theo thành thị, nông thôn và theo vùng, địa phương",rate_percent,2013,9.25,new_34,82,Đồng Tháp
1.1.M,"Tỷ lệ hộ nghèo phân theo thành thị, nông thôn và theo vùng, địa phương",rate_percent,2014,7.85,new_34,82,Đồng Tháp
1.1.M,"Tỷ lệ hộ nghèo phân theo thành thị, nông thôn và theo vùng, địa phương",rate_percent,2015,6.75,new_34,82,Đồng Tháp
1.1.M,"Tỷ lệ hộ nghèo phân theo thành thị, nông thôn và theo vùng, địa phương",rate_percent,2016,5.55,new_34,82,Đồng Tháp
1.1.M,"Tỷ lệ hộ nghèo phân theo thành thị, nông thôn và theo vùng, địa phương",rate_percent,2020,3.015,new_34,82,Đồng Tháp
1.1.M,"Tỷ lệ hộ nghèo phân theo thành thị, nông thôn và theo vùng, địa phương",rate_percent,2021,2.71,new_34,82,Đồng Tháp
1.1.M,"Tỷ lệ hộ nghèo phân theo thành thị, nông thôn và theo vùng, địa phương",rate_percent,2022,2.685,new_34,82,Đồng Tháp
1.1.M,"Tỷ lệ hộ nghèo phân theo thành thị, nông thôn và theo vùng, địa phương",rate_percent,2023,1.66,new_34,82,Đồng Tháp
1.1.M,"Tỷ lệ hộ nghèo phân theo thành thị, nông thôn và theo vùng, địa phương",rate_percent,2024,1.08,new_34,82,Đồng Tháp
1.1.M,"Tỷ lệ hộ nghèo phân theo thành thị, nông thôn và theo vùng, địa phương",rate_percent,2006,10.25,new_34,91,An Giang
1.1.M,"Tỷ lệ hộ nghèo phân theo thành thị, nông thôn và theo vùng, địa phương",rate_percent,2008,8.9,new_34,91,An Giang
1.1.M,"Tỷ lệ hộ nghèo phân theo thành thị, nông thôn và theo vùng, địa phương",rate_percent,2010,9.25,new_34,91,An Giang
1.1.M,"Tỷ lệ hộ nghèo phân theo thành thị, nông thôn và theo vùng, địa phương",rate_percent,2012,6.85,new_34,91,An Giang
1.1.M,"Tỷ lệ hộ nghèo phân theo thành thị, nông thôn và theo vùng, địa phương",rate_percent,2013,5.9,new_34,91,An Giang
1.1.M,"Tỷ lệ hộ nghèo phân theo thành thị, nông thôn và theo vùng, địa phương",rate_percent,2014,4.75,new_34,91,An Giang
1.1.M,"Tỷ lệ hộ nghèo phân theo thành thị, nông thôn và theo vùng, địa phương",rate_percent,2015,3.75,new_34,91,An Giang
1.1.M,"Tỷ lệ hộ nghèo phân theo thành thị, nông thôn và theo vùng, địa phương",rate_percent,2016,2.7,new_34,91,An Giang
1.1.M,"Tỷ lệ hộ nghèo phân theo thành thị, nông thôn và theo vùng, địa phương",rate_percent,2020,4.03,new_34,91,An Giang
1.1.M,"Tỷ lệ hộ nghèo phân theo thành thị, nông thôn và theo vùng, địa phương",rate_percent,2021,3.56,new_34,91,An Giang
1.1.M,"Tỷ lệ hộ nghèo phân theo thành thị, nông thôn và theo vùng, địa phương",rate_percent,2022,4.365,new_34,91,An Giang
1.1.M,"Tỷ lệ hộ nghèo phân theo thành thị, nông thôn và theo vùng, địa phương",rate_percent,2023,3.545,new_34,91,An Giang
1.1.M,"Tỷ lệ hộ nghèo phân theo thành thị, nông thôn và theo vùng, địa phương",rate_percent,2024,2.385,new_34,91,An Giang
1.1.M,"Tỷ lệ hộ nghèo phân theo thành thị, nông thôn và theo vùng, địa phương",rate_percent,2006,14,new_34,92,Cần Thơ
1.1.M,"Tỷ lệ hộ nghèo phân theo thành thị, nông thôn và theo vùng, địa phương",rate_percent,2008,12.73333333,new_34,92,Cần Thơ
1.1.M,"Tỷ lệ hộ nghèo phân theo thành thị, nông thôn và theo vùng, địa phương",rate_percent,2010,15.53333333,new_34,92,Cần Thơ
1.1.M,"Tỷ lệ hộ nghèo phân theo thành thị, nông thôn và theo vùng, địa phương",rate_percent,2012,13.3,new_34,92,Cần Thơ
1.1.M,"Tỷ lệ hộ nghèo phân theo thành thị, nông thôn và theo vùng, địa phương",rate_percent,2013,12.33333333,new_34,92,Cần Thơ
1.1.M,"Tỷ lệ hộ nghèo phân theo thành thị, nông thôn và theo vùng, địa phương",rate_percent,2014,10.83333333,new_34,92,Cần Thơ
1.1.M,"Tỷ lệ hộ nghèo phân theo thành thị, nông thôn và theo vùng, địa phương",rate_percent,2015,8.333333333,new_34,92,Cần Thơ
1.1.M,"Tỷ lệ hộ nghèo phân theo thành thị, nông thôn và theo vùng, địa phương",rate_percent,2016,6.033333333,new_34,92,Cần Thơ
1.1.M,"Tỷ lệ hộ nghèo phân theo thành thị, nông thôn và theo vùng, địa phương",rate_percent,2020,4.186666667,new_34,92,Cần Thơ
1.1.M,"Tỷ lệ hộ nghèo phân theo thành thị, nông thôn và theo vùng, địa phương",rate_percent,2021,3.91,new_34,92,Cần Thơ
1.1.M,"Tỷ lệ hộ nghèo phân theo thành thị, nông thôn và theo vùng, địa phương",rate_percent,2022,4.14,new_34,92,Cần Thơ
1.1.M,"Tỷ lệ hộ nghèo phân theo thành thị, nông thôn và theo vùng, địa phương",rate_percent,2023,3.233333333,new_34,92,Cần Thơ
1.1.M,"Tỷ lệ hộ nghèo phân theo thành thị, nông thôn và theo vùng, địa phương",rate_percent,2024,2.28,new_34,92,Cần Thơ
1.1.M,"Tỷ lệ hộ nghèo phân theo thành thị, nông thôn và theo vùng, địa phương",rate_percent,2006,14.85,new_34,96,Cà Mau
1.1.M,"Tỷ lệ hộ nghèo phân theo thành thị, nông thôn và theo vùng, địa phương",rate_percent,2008,13.3,new_34,96,Cà Mau
1.1.M,"Tỷ lệ hộ nghèo phân theo thành thị, nông thôn và theo vùng, địa phương",rate_percent,2010,12.8,new_34,96,Cà Mau
1.1.M,"Tỷ lệ hộ nghèo phân theo thành thị, nông thôn và theo vùng, địa phương",rate_percent,2012,9.65,new_34,96,Cà Mau
1.1.M,"Tỷ lệ hộ nghèo phân theo thành thị, nông thôn và theo vùng, địa phương",rate_percent,2013,8.65,new_34,96,Cà Mau
1.1.M,"Tỷ lệ hộ nghèo phân theo thành thị, nông thôn và theo vùng, địa phương",rate_percent,2014,7.6,new_34,96,Cà Mau
1.1.M,"Tỷ lệ hộ nghèo phân theo thành thị, nông thôn và theo vùng, địa phương",rate_percent,2015,6.55,new_34,96,Cà Mau
1.1.M,"Tỷ lệ hộ nghèo phân theo thành thị, nông thôn và theo vùng, địa phương",rate_percent,2016,5.45,new_34,96,Cà Mau
1.1.M,"Tỷ lệ hộ nghèo phân theo thành thị, nông thôn và theo vùng, địa phương",rate_percent,2020,6.295,new_34,96,Cà Mau
1.1.M,"Tỷ lệ hộ nghèo phân theo thành thị, nông thôn và theo vùng, địa phương",rate_percent,2021,5.515,new_34,96,Cà Mau
1.1.M,"Tỷ lệ hộ nghèo phân theo thành thị, nông thôn và theo vùng, địa phương",rate_percent,2022,5.81,new_34,96,Cà Mau
1.1.M,"Tỷ lệ hộ nghèo phân theo thành thị, nông thôn và theo vùng, địa phương",rate_percent,2023,4.77,new_34,96,Cà Mau
1.1.M,"Tỷ lệ hộ nghèo phân theo thành thị, nông thôn và theo vùng, địa phương",rate_percent,2024,3.2,new_34,96,Cà Mau
1.2,"Tỷ lệ hộ nghèo theo chuẩn nghèo đa chiều phân theo dân tộc, thành thị, nông thôn và theo vùng, địa phương",rate_percent,2016,1.4,old_63,1,Hà Nội
1.2,"Tỷ lệ hộ nghèo theo chuẩn nghèo đa chiều phân theo dân tộc, thành thị, nông thôn và theo vùng, địa phương",rate_percent,2017,1.3,old_63,1,Hà Nội
1.2,"Tỷ lệ hộ nghèo theo chuẩn nghèo đa chiều phân theo dân tộc, thành thị, nông thôn và theo vùng, địa phương",rate_percent,2018,0.88,old_63,1,Hà Nội
1.2,"Tỷ lệ hộ nghèo theo chuẩn nghèo đa chiều phân theo dân tộc, thành thị, nông thôn và theo vùng, địa phương",rate_percent,2019,0.71,old_63,1,Hà Nội
1.2,"Tỷ lệ hộ nghèo theo chuẩn nghèo đa chiều phân theo dân tộc, thành thị, nông thôn và theo vùng, địa phương",rate_percent,2020,0.4904,old_63,1,Hà Nội
1.2,"Tỷ lệ hộ nghèo theo chuẩn nghèo đa chiều phân theo dân tộc, thành thị, nông thôn và theo vùng, địa phương",rate_percent,2021,0.4235303,old_63,1,Hà Nội
1.2,"Tỷ lệ hộ nghèo theo chuẩn nghèo đa chiều phân theo dân tộc, thành thị, nông thôn và theo vùng, địa phương",rate_percent,2022,0.142707,old_63,1,Hà Nội
1.2,"Tỷ lệ hộ nghèo theo chuẩn nghèo đa chiều phân theo dân tộc, thành thị, nông thôn và theo vùng, địa phương",rate_percent,2023,0.1028912,old_63,1,Hà Nội
1.2,"Tỷ lệ hộ nghèo theo chuẩn nghèo đa chiều phân theo dân tộc, thành thị, nông thôn và theo vùng, địa phương",rate_percent,2024,0.1014575,old_63,1,Hà Nội
1.2,"Tỷ lệ hộ nghèo theo chuẩn nghèo đa chiều phân theo dân tộc, thành thị, nông thôn và theo vùng, địa phương",rate_percent,2016,5.1,old_63,26,Vĩnh Phúc
1.2,"Tỷ lệ hộ nghèo theo chuẩn nghèo đa chiều phân theo dân tộc, thành thị, nông thôn và theo vùng, địa phương",rate_percent,2017,4.5,old_63,26,Vĩnh Phúc
1.2,"Tỷ lệ hộ nghèo theo chuẩn nghèo đa chiều phân theo dân tộc, thành thị, nông thôn và theo vùng, địa phương",rate_percent,2018,3.43,old_63,26,Vĩnh Phúc
1.2,"Tỷ lệ hộ nghèo theo chuẩn nghèo đa chiều phân theo dân tộc, thành thị, nông thôn và theo vùng, địa phương",rate_percent,2019,2.92,old_63,26,Vĩnh Phúc
1.2,"Tỷ lệ hộ nghèo theo chuẩn nghèo đa chiều phân theo dân tộc, thành thị, nông thôn và theo vùng, địa phương",rate_percent,2020,2.4838,old_63,26,Vĩnh Phúc
1.2,"Tỷ lệ hộ nghèo theo chuẩn nghèo đa chiều phân theo dân tộc, thành thị, nông thôn và theo vùng, địa phương",rate_percent,2021,2.314514,old_63,26,Vĩnh Phúc
1.2,"Tỷ lệ hộ nghèo theo chuẩn nghèo đa chiều phân theo dân tộc, thành thị, nông thôn và theo vùng, địa phương",rate_percent,2022,1.005669,old_63,26,Vĩnh Phúc
1.2,"Tỷ lệ hộ nghèo theo chuẩn nghèo đa chiều phân theo dân tộc, thành thị, nông thôn và theo vùng, địa phương",rate_percent,2023,0.7302607,old_63,26,Vĩnh Phúc
1.2,"Tỷ lệ hộ nghèo theo chuẩn nghèo đa chiều phân theo dân tộc, thành thị, nông thôn và theo vùng, địa phương",rate_percent,2024,0.600999,old_63,26,Vĩnh Phúc
1.2,"Tỷ lệ hộ nghèo theo chuẩn nghèo đa chiều phân theo dân tộc, thành thị, nông thôn và theo vùng, địa phương",rate_percent,2016,1.9,old_63,27,Bắc Ninh
1.2,"Tỷ lệ hộ nghèo theo chuẩn nghèo đa chiều phân theo dân tộc, thành thị, nông thôn và theo vùng, địa phương",rate_percent,2017,1.4,old_63,27,Bắc Ninh
1.2,"Tỷ lệ hộ nghèo theo chuẩn nghèo đa chiều phân theo dân tộc, thành thị, nông thôn và theo vùng, địa phương",rate_percent,2018,1.11,old_63,27,Bắc Ninh
1.2,"Tỷ lệ hộ nghèo theo chuẩn nghèo đa chiều phân theo dân tộc, thành thị, nông thôn và theo vùng, địa phương",rate_percent,2019,0.8,old_63,27,Bắc Ninh
1.2,"Tỷ lệ hộ nghèo theo chuẩn nghèo đa chiều phân theo dân tộc, thành thị, nông thôn và theo vùng, địa phương",rate_percent,2020,0.7058,old_63,27,Bắc Ninh
1.2,"Tỷ lệ hộ nghèo theo chuẩn nghèo đa chiều phân theo dân tộc, thành thị, nông thôn và theo vùng, địa phương",rate_percent,2021,0.5963428,old_63,27,Bắc Ninh
1.2,"Tỷ lệ hộ nghèo theo chuẩn nghèo đa chiều phân theo dân tộc, thành thị, nông thôn và theo vùng, địa phương",rate_percent,2022,0.8517977,old_63,27,Bắc Ninh
1.2,"Tỷ lệ hộ nghèo theo chuẩn nghèo đa chiều phân theo dân tộc, thành thị, nông thôn và theo vùng, địa phương",rate_percent,2023,1.002833,old_63,27,Bắc Ninh
1.2,"Tỷ lệ hộ nghèo theo chuẩn nghèo đa chiều phân theo dân tộc, thành thị, nông thôn và theo vùng, địa phương",rate_percent,2024,0.6129937,old_63,27,Bắc Ninh
1.2,"Tỷ lệ hộ nghèo theo chuẩn nghèo đa chiều phân theo dân tộc, thành thị, nông thôn và theo vùng, địa phương",rate_percent,2016,4.3,old_63,22,Quảng Ninh
1.2,"Tỷ lệ hộ nghèo theo chuẩn nghèo đa chiều phân theo dân tộc, thành thị, nông thôn và theo vùng, địa phương",rate_percent,2017,3.8,old_63,22,Quảng Ninh
1.2,"Tỷ lệ hộ nghèo theo chuẩn nghèo đa chiều phân theo dân tộc, thành thị, nông thôn và theo vùng, địa phương",rate_percent,2018,2.52,old_63,22,Quảng Ninh
1.2,"Tỷ lệ hộ nghèo theo chuẩn nghèo đa chiều phân theo dân tộc, thành thị, nông thôn và theo vùng, địa phương",rate_percent,2019,2.15,old_63,22,Quảng Ninh
1.2,"Tỷ lệ hộ nghèo theo chuẩn nghèo đa chiều phân theo dân tộc, thành thị, nông thôn và theo vùng, địa phương",rate_percent,2020,2.1335,old_63,22,Quảng Ninh
1.2,"Tỷ lệ hộ nghèo theo chuẩn nghèo đa chiều phân theo dân tộc, thành thị, nông thôn và theo vùng, địa phương",rate_percent,2021,1.837448,old_63,22,Quảng Ninh
1.2,"Tỷ lệ hộ nghèo theo chuẩn nghèo đa chiều phân theo dân tộc, thành thị, nông thôn và theo vùng, địa phương",rate_percent,2022,1.113927,old_63,22,Quảng Ninh
1.2,"Tỷ lệ hộ nghèo theo chuẩn nghèo đa chiều phân theo dân tộc, thành thị, nông thôn và theo vùng, địa phương",rate_percent,2023,1.088262,old_63,22,Quảng Ninh
1.2,"Tỷ lệ hộ nghèo theo chuẩn nghèo đa chiều phân theo dân tộc, thành thị, nông thôn và theo vùng, địa phương",rate_percent,2024,0.6355383,old_63,22,Quảng Ninh
1.2,"Tỷ lệ hộ nghèo theo chuẩn nghèo đa chiều phân theo dân tộc, thành thị, nông thôn và theo vùng, địa phương",rate_percent,2016,3.6,old_63,30,Hải Dương
1.2,"Tỷ lệ hộ nghèo theo chuẩn nghèo đa chiều phân theo dân tộc, thành thị, nông thôn và theo vùng, địa phương",rate_percent,2017,3.1,old_63,30,Hải Dương
1.2,"Tỷ lệ hộ nghèo theo chuẩn nghèo đa chiều phân theo dân tộc, thành thị, nông thôn và theo vùng, địa phương",rate_percent,2018,2.25,old_63,30,Hải Dương
1.2,"Tỷ lệ hộ nghèo theo chuẩn nghèo đa chiều phân theo dân tộc, thành thị, nông thôn và theo vùng, địa phương",rate_percent,2019,1.95,old_63,30,Hải Dương
1.2,"Tỷ lệ hộ nghèo theo chuẩn nghèo đa chiều phân theo dân tộc, thành thị, nông thôn và theo vùng, địa phương",rate_percent,2020,1.8446,old_63,30,Hải Dương
1.2,"Tỷ lệ hộ nghèo theo chuẩn nghèo đa chiều phân theo dân tộc, thành thị, nông thôn và theo vùng, địa phương",rate_percent,2021,1.711614,old_63,30,Hải Dương
1.2,"Tỷ lệ hộ nghèo theo chuẩn nghèo đa chiều phân theo dân tộc, thành thị, nông thôn và theo vùng, địa phương",rate_percent,2022,1.140582,old_63,30,Hải Dương
1.2,"Tỷ lệ hộ nghèo theo chuẩn nghèo đa chiều phân theo dân tộc, thành thị, nông thôn và theo vùng, địa phương",rate_percent,2023,0.7102773,old_63,30,Hải Dương
1.2,"Tỷ lệ hộ nghèo theo chuẩn nghèo đa chiều phân theo dân tộc, thành thị, nông thôn và theo vùng, địa phương",rate_percent,2024,0.515431,old_63,30,Hải Dương
1.2,"Tỷ lệ hộ nghèo theo chuẩn nghèo đa chiều phân theo dân tộc, thành thị, nông thôn và theo vùng, địa phương",rate_percent,2016,2.1,old_63,31,Hải Phòng
1.2,"Tỷ lệ hộ nghèo theo chuẩn nghèo đa chiều phân theo dân tộc, thành thị, nông thôn và theo vùng, địa phương",rate_percent,2017,1.9,old_63,31,Hải Phòng
1.2,"Tỷ lệ hộ nghèo theo chuẩn nghèo đa chiều phân theo dân tộc, thành thị, nông thôn và theo vùng, địa phương",rate_percent,2018,1.44,old_63,31,Hải Phòng
1.2,"Tỷ lệ hộ nghèo theo chuẩn nghèo đa chiều phân theo dân tộc, thành thị, nông thôn và theo vùng, địa phương",rate_percent,2019,1.24,old_63,31,Hải Phòng
1.2,"Tỷ lệ hộ nghèo theo chuẩn nghèo đa chiều phân theo dân tộc, thành thị, nông thôn và theo vùng, địa phương",rate_percent,2020,0.9488,old_63,31,Hải Phòng
1.2,"Tỷ lệ hộ nghèo theo chuẩn nghèo đa chiều phân theo dân tộc, thành thị, nông thôn và theo vùng, địa phương",rate_percent,2021,0.8063352,old_63,31,Hải Phòng
1.2,"Tỷ lệ hộ nghèo theo chuẩn nghèo đa chiều phân theo dân tộc, thành thị, nông thôn và theo vùng, địa phương",rate_percent,2022,0.6482276,old_63,31,Hải Phòng
1.2,"Tỷ lệ hộ nghèo theo chuẩn nghèo đa chiều phân theo dân tộc, thành thị, nông thôn và theo vùng, địa phương",rate_percent,2023,0.2942908,old_63,31,Hải Phòng
1.2,"Tỷ lệ hộ nghèo theo chuẩn nghèo đa chiều phân theo dân tộc, thành thị, nông thôn và theo vùng, địa phương",rate_percent,2024,0.2064738,old_63,31,Hải Phòng
1.2,"Tỷ lệ hộ nghèo theo chuẩn nghèo đa chiều phân theo dân tộc, thành thị, nông thôn và theo vùng, địa phương",rate_percent,2016,4.2,old_63,33,Hưng Yên
1.2,"Tỷ lệ hộ nghèo theo chuẩn nghèo đa chiều phân theo dân tộc, thành thị, nông thôn và theo vùng, địa phương",rate_percent,2017,3.7,old_63,33,Hưng Yên
1.2,"Tỷ lệ hộ nghèo theo chuẩn nghèo đa chiều phân theo dân tộc, thành thị, nông thôn và theo vùng, địa phương",rate_percent,2018,2.8,old_63,33,Hưng Yên
1.2,"Tỷ lệ hộ nghèo theo chuẩn nghèo đa chiều phân theo dân tộc, thành thị, nông thôn và theo vùng, địa phương",rate_percent,2019,2.27,old_63,33,Hưng Yên
1.2,"Tỷ lệ hộ nghèo theo chuẩn nghèo đa chiều phân theo dân tộc, thành thị, nông thôn và theo vùng, địa phương",rate_percent,2020,1.9316,old_63,33,Hưng Yên
1.2,"Tỷ lệ hộ nghèo theo chuẩn nghèo đa chiều phân theo dân tộc, thành thị, nông thôn và theo vùng, địa phương",rate_percent,2021,1.787581,old_63,33,Hưng Yên
1.2,"Tỷ lệ hộ nghèo theo chuẩn nghèo đa chiều phân theo dân tộc, thành thị, nông thôn và theo vùng, địa phương",rate_percent,2022,1.666269,old_63,33,Hưng Yên
1.2,"Tỷ lệ hộ nghèo theo chuẩn nghèo đa chiều phân theo dân tộc, thành thị, nông thôn và theo vùng, địa phương",rate_percent,2023,1.46859,old_63,33,Hưng Yên
1.2,"Tỷ lệ hộ nghèo theo chuẩn nghèo đa chiều phân theo dân tộc, thành thị, nông thôn và theo vùng, địa phương",rate_percent,2024,0.8583726,old_63,33,Hưng Yên
1.2,"Tỷ lệ hộ nghèo theo chuẩn nghèo đa chiều phân theo dân tộc, thành thị, nông thôn và theo vùng, địa phương",rate_percent,2016,4.7,old_63,34,Thái Bình
1.2,"Tỷ lệ hộ nghèo theo chuẩn nghèo đa chiều phân theo dân tộc, thành thị, nông thôn và theo vùng, địa phương",rate_percent,2017,4,old_63,34,Thái Bình
1.2,"Tỷ lệ hộ nghèo theo chuẩn nghèo đa chiều phân theo dân tộc, thành thị, nông thôn và theo vùng, địa phương",rate_percent,2018,2.9,old_63,34,Thái Bình
1.2,"Tỷ lệ hộ nghèo theo chuẩn nghèo đa chiều phân theo dân tộc, thành thị, nông thôn và theo vùng, địa phương",rate_percent,2019,2.37,old_63,34,Thái Bình
1.2,"Tỷ lệ hộ nghèo theo chuẩn nghèo đa chiều phân theo dân tộc, thành thị, nông thôn và theo vùng, địa phương",rate_percent,2020,2.0557,old_63,34,Thái Bình
1.2,"Tỷ lệ hộ nghèo theo chuẩn nghèo đa chiều phân theo dân tộc, thành thị, nông thôn và theo vùng, địa phương",rate_percent,2021,1.925117,old_63,34,Thái Bình
1.2,"Tỷ lệ hộ nghèo theo chuẩn nghèo đa chiều phân theo dân tộc, thành thị, nông thôn và theo vùng, địa phương",rate_percent,2022,1.823448,old_63,34,Thái Bình
1.2,"Tỷ lệ hộ nghèo theo chuẩn nghèo đa chiều phân theo dân tộc, thành thị, nông thôn và theo vùng, địa phương",rate_percent,2023,1.511283,old_63,34,Thái Bình
1.2,"Tỷ lệ hộ nghèo theo chuẩn nghèo đa chiều phân theo dân tộc, thành thị, nông thôn và theo vùng, địa phương",rate_percent,2024,1.015802,old_63,34,Thái Bình
1.2,"Tỷ lệ hộ nghèo theo chuẩn nghèo đa chiều phân theo dân tộc, thành thị, nông thôn và theo vùng, địa phương",rate_percent,2016,4.9,old_63,35,Hà Nam
1.2,"Tỷ lệ hộ nghèo theo chuẩn nghèo đa chiều phân theo dân tộc, thành thị, nông thôn và theo vùng, địa phương",rate_percent,2017,4.1,old_63,35,Hà Nam
1.2,"Tỷ lệ hộ nghèo theo chuẩn nghèo đa chiều phân theo dân tộc, thành thị, nông thôn và theo vùng, địa phương",rate_percent,2018,2.75,old_63,35,Hà Nam
1.2,"Tỷ lệ hộ nghèo theo chuẩn nghèo đa chiều phân theo dân tộc, thành thị, nông thôn và theo vùng, địa phương",rate_percent,2019,2.32,old_63,35,Hà Nam
1.2,"Tỷ lệ hộ nghèo theo chuẩn nghèo đa chiều phân theo dân tộc, thành thị, nông thôn và theo vùng, địa phương",rate_percent,2020,2.0963,old_63,35,Hà Nam
1.2,"Tỷ lệ hộ nghèo theo chuẩn nghèo đa chiều phân theo dân tộc, thành thị, nông thôn và theo vùng, địa phương",rate_percent,2021,2.001431,old_63,35,Hà Nam
1.2,"Tỷ lệ hộ nghèo theo chuẩn nghèo đa chiều phân theo dân tộc, thành thị, nông thôn và theo vùng, địa phương",rate_percent,2022,1.975466,old_63,35,Hà Nam
1.2,"Tỷ lệ hộ nghèo theo chuẩn nghèo đa chiều phân theo dân tộc, thành thị, nông thôn và theo vùng, địa phương",rate_percent,2023,1.661967,old_63,35,Hà Nam
1.2,"Tỷ lệ hộ nghèo theo chuẩn nghèo đa chiều phân theo dân tộc, thành thị, nông thôn và theo vùng, địa phương",rate_percent,2024,1.149987,old_63,35,Hà Nam
1.2,"Tỷ lệ hộ nghèo theo chuẩn nghèo đa chiều phân theo dân tộc, thành thị, nông thôn và theo vùng, địa phương",rate_percent,2016,4.2,old_63,36,Nam Định
1.2,"Tỷ lệ hộ nghèo theo chuẩn nghèo đa chiều phân theo dân tộc, thành thị, nông thôn và theo vùng, địa phương",rate_percent,2017,3.6,old_63,36,Nam Định
1.2,"Tỷ lệ hộ nghèo theo chuẩn nghèo đa chiều phân theo dân tộc, thành thị, nông thôn và theo vùng, địa phương",rate_percent,2018,2.78,old_63,36,Nam Định
1.2,"Tỷ lệ hộ nghèo theo chuẩn nghèo đa chiều phân theo dân tộc, thành thị, nông thôn và theo vùng, địa phương",rate_percent,2019,2.33,old_63,36,Nam Định
1.2,"Tỷ lệ hộ nghèo theo chuẩn nghèo đa chiều phân theo dân tộc, thành thị, nông thôn và theo vùng, địa phương",rate_percent,2020,1.9777,old_63,36,Nam Định
1.2,"Tỷ lệ hộ nghèo theo chuẩn nghèo đa chiều phân theo dân tộc, thành thị, nông thôn và theo vùng, địa phương",rate_percent,2021,1.817147,old_63,36,Nam Định
1.2,"Tỷ lệ hộ nghèo theo chuẩn nghèo đa chiều phân theo dân tộc, thành thị, nông thôn và theo vùng, địa phương",rate_percent,2022,1.427363,old_63,36,Nam Định
1.2,"Tỷ lệ hộ nghèo theo chuẩn nghèo đa chiều phân theo dân tộc, thành thị, nông thôn và theo vùng, địa phương",rate_percent,2023,0.9888068,old_63,36,Nam Định
1.2,"Tỷ lệ hộ nghèo theo chuẩn nghèo đa chiều phân theo dân tộc, thành thị, nông thôn và theo vùng, địa phương",rate_percent,2024,0.7305245,old_63,36,Nam Định
1.2,"Tỷ lệ hộ nghèo theo chuẩn nghèo đa chiều phân theo dân tộc, thành thị, nông thôn và theo vùng, địa phương",rate_percent,2016,4.5,old_63,37,Ninh Bình
1.2,"Tỷ lệ hộ nghèo theo chuẩn nghèo đa chiều phân theo dân tộc, thành thị, nông thôn và theo vùng, địa phương",rate_percent,2017,3.9,old_63,37,Ninh Bình
1.2,"Tỷ lệ hộ nghèo theo chuẩn nghèo đa chiều phân theo dân tộc, thành thị, nông thôn và theo vùng, địa phương",rate_percent,2018,2.77,old_63,37,Ninh Bình
1.2,"Tỷ lệ hộ nghèo theo chuẩn nghèo đa chiều phân theo dân tộc, thành thị, nông thôn và theo vùng, địa phương",rate_percent,2019,2.2,old_63,37,Ninh Bình
1.2,"Tỷ lệ hộ nghèo theo chuẩn nghèo đa chiều phân theo dân tộc, thành thị, nông thôn và theo vùng, địa phương",rate_percent,2020,2.0613,old_63,37,Ninh Bình
1.2,"Tỷ lệ hộ nghèo theo chuẩn nghèo đa chiều phân theo dân tộc, thành thị, nông thôn và theo vùng, địa phương",rate_percent,2021,2.002832,old_63,37,Ninh Bình
1.2,"Tỷ lệ hộ nghèo theo chuẩn nghèo đa chiều phân theo dân tộc, thành thị, nông thôn và theo vùng, địa phương",rate_percent,2022,1.692662,old_63,37,Ninh Bình
1.2,"Tỷ lệ hộ nghèo theo chuẩn nghèo đa chiều phân theo dân tộc, thành thị, nông thôn và theo vùng, địa phương",rate_percent,2023,1.072956,old_63,37,Ninh Bình
1.2,"Tỷ lệ hộ nghèo theo chuẩn nghèo đa chiều phân theo dân tộc, thành thị, nông thôn và theo vùng, địa phương",rate_percent,2024,0.8184779,old_63,37,Ninh Bình
1.2,"Tỷ lệ hộ nghèo theo chuẩn nghèo đa chiều phân theo dân tộc, thành thị, nông thôn và theo vùng, địa phương",rate_percent,2016,39.75,old_63,2,Hà Giang
1.2,"Tỷ lệ hộ nghèo theo chuẩn nghèo đa chiều phân theo dân tộc, thành thị, nông thôn và theo vùng, địa phương",rate_percent,2017,36.86,old_63,2,Hà Giang
1.2,"Tỷ lệ hộ nghèo theo chuẩn nghèo đa chiều phân theo dân tộc, thành thị, nông thôn và theo vùng, địa phương",rate_percent,2018,32.57,old_63,2,Hà Giang
1.2,"Tỷ lệ hộ nghèo theo chuẩn nghèo đa chiều phân theo dân tộc, thành thị, nông thôn và theo vùng, địa phương",rate_percent,2019,29.11,old_63,2,Hà Giang
1.2,"Tỷ lệ hộ nghèo theo chuẩn nghèo đa chiều phân theo dân tộc, thành thị, nông thôn và theo vùng, địa phương",rate_percent,2020,26.9815,old_63,2,Hà Giang
1.2,"Tỷ lệ hộ nghèo theo chuẩn nghèo đa chiều phân theo dân tộc, thành thị, nông thôn và theo vùng, địa phương",rate_percent,2021,25.03514,old_63,2,Hà Giang
1.2,"Tỷ lệ hộ nghèo theo chuẩn nghèo đa chiều phân theo dân tộc, thành thị, nông thôn và theo vùng, địa phương",rate_percent,2022,31.64481,old_63,2,Hà Giang
1.2,"Tỷ lệ hộ nghèo theo chuẩn nghèo đa chiều phân theo dân tộc, thành thị, nông thôn và theo vùng, địa phương",rate_percent,2023,29.07495,old_63,2,Hà Giang
1.2,"Tỷ lệ hộ nghèo theo chuẩn nghèo đa chiều phân theo dân tộc, thành thị, nông thôn và theo vùng, địa phương",rate_percent,2024,22.33013,old_63,2,Hà Giang
1.2,"Tỷ lệ hộ nghèo theo chuẩn nghèo đa chiều phân theo dân tộc, thành thị, nông thôn và theo vùng, địa phương",rate_percent,2016,37.33,old_63,4,Cao Bằng
1.2,"Tỷ lệ hộ nghèo theo chuẩn nghèo đa chiều phân theo dân tộc, thành thị, nông thôn và theo vùng, địa phương",rate_percent,2017,34.94,old_63,4,Cao Bằng
1.2,"Tỷ lệ hộ nghèo theo chuẩn nghèo đa chiều phân theo dân tộc, thành thị, nông thôn và theo vùng, địa phương",rate_percent,2018,31.46,old_63,4,Cao Bằng
1.2,"Tỷ lệ hộ nghèo theo chuẩn nghèo đa chiều phân theo dân tộc, thành thị, nông thôn và theo vùng, địa phương",rate_percent,2019,28.53,old_63,4,Cao Bằng
1.2,"Tỷ lệ hộ nghèo theo chuẩn nghèo đa chiều phân theo dân tộc, thành thị, nông thôn và theo vùng, địa phương",rate_percent,2020,25.9654,old_63,4,Cao Bằng
1.2,"Tỷ lệ hộ nghèo theo chuẩn nghèo đa chiều phân theo dân tộc, thành thị, nông thôn và theo vùng, địa phương",rate_percent,2021,24.46522,old_63,4,Cao Bằng
1.2,"Tỷ lệ hộ nghèo theo chuẩn nghèo đa chiều phân theo dân tộc, thành thị, nông thôn và theo vùng, địa phương",rate_percent,2022,23.61502,old_63,4,Cao Bằng
1.2,"Tỷ lệ hộ nghèo theo chuẩn nghèo đa chiều phân theo dân tộc, thành thị, nông thôn và theo vùng, địa phương",rate_percent,2023,21.2424,old_63,4,Cao Bằng
1.2,"Tỷ lệ hộ nghèo theo chuẩn nghèo đa chiều phân theo dân tộc, thành thị, nông thôn và theo vùng, địa phương",rate_percent,2024,17.01377,old_63,4,Cao Bằng
1.2,"Tỷ lệ hộ nghèo theo chuẩn nghèo đa chiều phân theo dân tộc, thành thị, nông thôn và theo vùng, địa phương",rate_percent,2016,29.68,old_63,6,Bắc Kạn
1.2,"Tỷ lệ hộ nghèo theo chuẩn nghèo đa chiều phân theo dân tộc, thành thị, nông thôn và theo vùng, địa phương",rate_percent,2017,27.73,old_63,6,Bắc Kạn
1.2,"Tỷ lệ hộ nghèo theo chuẩn nghèo đa chiều phân theo dân tộc, thành thị, nông thôn và theo vùng, địa phương",rate_percent,2018,25.05,old_63,6,Bắc Kạn
1.2,"Tỷ lệ hộ nghèo theo chuẩn nghèo đa chiều phân theo dân tộc, thành thị, nông thôn và theo vùng, địa phương",rate_percent,2019,22.53,old_63,6,Bắc Kạn
1.2,"Tỷ lệ hộ nghèo theo chuẩn nghèo đa chiều phân theo dân tộc, thành thị, nông thôn và theo vùng, địa phương",rate_percent,2020,21.4676,old_63,6,Bắc Kạn
1.2,"Tỷ lệ hộ nghèo theo chuẩn nghèo đa chiều phân theo dân tộc, thành thị, nông thôn và theo vùng, địa phương",rate_percent,2021,20.62273,old_63,6,Bắc Kạn
1.2,"Tỷ lệ hộ nghèo theo chuẩn nghèo đa chiều phân theo dân tộc, thành thị, nông thôn và theo vùng, địa phương",rate_percent,2022,20.10069,old_63,6,Bắc Kạn
1.2,"Tỷ lệ hộ nghèo theo chuẩn nghèo đa chiều phân theo dân tộc, thành thị, nông thôn và theo vùng, địa phương",rate_percent,2023,16.67468,old_63,6,Bắc Kạn
1.2,"Tỷ lệ hộ nghèo theo chuẩn nghèo đa chiều phân theo dân tộc, thành thị, nông thôn và theo vùng, địa phương",rate_percent,2024,11.30454,old_63,6,Bắc Kạn
1.2,"Tỷ lệ hộ nghèo theo chuẩn nghèo đa chiều phân theo dân tộc, thành thị, nông thôn và theo vùng, địa phương",rate_percent,2016,22.04,old_63,8,Tuyên Quang
1.2,"Tỷ lệ hộ nghèo theo chuẩn nghèo đa chiều phân theo dân tộc, thành thị, nông thôn và theo vùng, địa phương",rate_percent,2017,19.6,old_63,8,Tuyên Quang
1.2,"Tỷ lệ hộ nghèo theo chuẩn nghèo đa chiều phân theo dân tộc, thành thị, nông thôn và theo vùng, địa phương",rate_percent,2018,17.47,old_63,8,Tuyên Quang
1.2,"Tỷ lệ hộ nghèo theo chuẩn nghèo đa chiều phân theo dân tộc, thành thị, nông thôn và theo vùng, địa phương",rate_percent,2019,15.11,old_63,8,Tuyên Quang
1.2,"Tỷ lệ hộ nghèo theo chuẩn nghèo đa chiều phân theo dân tộc, thành thị, nông thôn và theo vùng, địa phương",rate_percent,2020,12.903,old_63,8,Tuyên Quang
1.2,"Tỷ lệ hộ nghèo theo chuẩn nghèo đa chiều phân theo dân tộc, thành thị, nông thôn và theo vùng, địa phương",rate_percent,2021,11.90473,old_63,8,Tuyên Quang
1.2,"Tỷ lệ hộ nghèo theo chuẩn nghèo đa chiều phân theo dân tộc, thành thị, nông thôn và theo vùng, địa phương",rate_percent,2022,10.27088,old_63,8,Tuyên Quang
1.2,"Tỷ lệ hộ nghèo theo chuẩn nghèo đa chiều phân theo dân tộc, thành thị, nông thôn và theo vùng, địa phương",rate_percent,2023,7.096215,old_63,8,Tuyên Quang
1.2,"Tỷ lệ hộ nghèo theo chuẩn nghèo đa chiều phân theo dân tộc, thành thị, nông thôn và theo vùng, địa phương",rate_percent,2024,5.017825,old_63,8,Tuyên Quang
1.2,"Tỷ lệ hộ nghèo theo chuẩn nghèo đa chiều phân theo dân tộc, thành thị, nông thôn và theo vùng, địa phương",rate_percent,2016,26.35,old_63,10,Lào Cai
1.2,"Tỷ lệ hộ nghèo theo chuẩn nghèo đa chiều phân theo dân tộc, thành thị, nông thôn và theo vùng, địa phương",rate_percent,2017,23.88,old_63,10,Lào Cai
1.2,"Tỷ lệ hộ nghèo theo chuẩn nghèo đa chiều phân theo dân tộc, thành thị, nông thôn và theo vùng, địa phương",rate_percent,2018,20.47,old_63,10,Lào Cai
1.2,"Tỷ lệ hộ nghèo theo chuẩn nghèo đa chiều phân theo dân tộc, thành thị, nông thôn và theo vùng, địa phương",rate_percent,2019,17.24,old_63,10,Lào Cai
1.2,"Tỷ lệ hộ nghèo theo chuẩn nghèo đa chiều phân theo dân tộc, thành thị, nông thôn và theo vùng, địa phương",rate_percent,2020,15.3802,old_63,10,Lào Cai
1.2,"Tỷ lệ hộ nghèo theo chuẩn nghèo đa chiều phân theo dân tộc, thành thị, nông thôn và theo vùng, địa phương",rate_percent,2021,14.83169,old_63,10,Lào Cai
1.2,"Tỷ lệ hộ nghèo theo chuẩn nghèo đa chiều phân theo dân tộc, thành thị, nông thôn và theo vùng, địa phương",rate_percent,2022,15.57122,old_63,10,Lào Cai
1.2,"Tỷ lệ hộ nghèo theo chuẩn nghèo đa chiều phân theo dân tộc, thành thị, nông thôn và theo vùng, địa phương",rate_percent,2023,13.68429,old_63,10,Lào Cai
1.2,"Tỷ lệ hộ nghèo theo chuẩn nghèo đa chiều phân theo dân tộc, thành thị, nông thôn và theo vùng, địa phương",rate_percent,2024,9.059049,old_63,10,Lào Cai
1.2,"Tỷ lệ hộ nghèo theo chuẩn nghèo đa chiều phân theo dân tộc, thành thị, nông thôn và theo vùng, địa phương",rate_percent,2016,26.12,old_63,15,Yên Bái
1.2,"Tỷ lệ hộ nghèo theo chuẩn nghèo đa chiều phân theo dân tộc, thành thị, nông thôn và theo vùng, địa phương",rate_percent,2017,23.56,old_63,15,Yên Bái
1.2,"Tỷ lệ hộ nghèo theo chuẩn nghèo đa chiều phân theo dân tộc, thành thị, nông thôn và theo vùng, địa phương",rate_percent,2018,20.34,old_63,15,Yên Bái
1.2,"Tỷ lệ hộ nghèo theo chuẩn nghèo đa chiều phân theo dân tộc, thành thị, nông thôn và theo vùng, địa phương",rate_percent,2019,17.47,old_63,15,Yên Bái
1.2,"Tỷ lệ hộ nghèo theo chuẩn nghèo đa chiều phân theo dân tộc, thành thị, nông thôn và theo vùng, địa phương",rate_percent,2020,15.0645,old_63,15,Yên Bái
1.2,"Tỷ lệ hộ nghèo theo chuẩn nghèo đa chiều phân theo dân tộc, thành thị, nông thôn và theo vùng, địa phương",rate_percent,2021,14.02297,old_63,15,Yên Bái
1.2,"Tỷ lệ hộ nghèo theo chuẩn nghèo đa chiều phân theo dân tộc, thành thị, nông thôn và theo vùng, địa phương",rate_percent,2022,16.5741,old_63,15,Yên Bái
1.2,"Tỷ lệ hộ nghèo theo chuẩn nghèo đa chiều phân theo dân tộc, thành thị, nông thôn và theo vùng, địa phương",rate_percent,2023,10.60163,old_63,15,Yên Bái
1.2,"Tỷ lệ hộ nghèo theo chuẩn nghèo đa chiều phân theo dân tộc, thành thị, nông thôn và theo vùng, địa phương",rate_percent,2024,7.805031,old_63,15,Yên Bái
1.2,"Tỷ lệ hộ nghèo theo chuẩn nghèo đa chiều phân theo dân tộc, thành thị, nông thôn và theo vùng, địa phương",rate_percent,2016,7.77,old_63,19,Thái Nguyên
1.2,"Tỷ lệ hộ nghèo theo chuẩn nghèo đa chiều phân theo dân tộc, thành thị, nông thôn và theo vùng, địa phương",rate_percent,2017,7.44,old_63,19,Thái Nguyên
1.2,"Tỷ lệ hộ nghèo theo chuẩn nghèo đa chiều phân theo dân tộc, thành thị, nông thôn và theo vùng, địa phương",rate_percent,2018,5.98,old_63,19,Thái Nguyên
1.2,"Tỷ lệ hộ nghèo theo chuẩn nghèo đa chiều phân theo dân tộc, thành thị, nông thôn và theo vùng, địa phương",rate_percent,2019,5.09,old_63,19,Thái Nguyên
1.2,"Tỷ lệ hộ nghèo theo chuẩn nghèo đa chiều phân theo dân tộc, thành thị, nông thôn và theo vùng, địa phương",rate_percent,2020,4.0851,old_63,19,Thái Nguyên
1.2,"Tỷ lệ hộ nghèo theo chuẩn nghèo đa chiều phân theo dân tộc, thành thị, nông thôn và theo vùng, địa phương",rate_percent,2021,3.671252,old_63,19,Thái Nguyên
1.2,"Tỷ lệ hộ nghèo theo chuẩn nghèo đa chiều phân theo dân tộc, thành thị, nông thôn và theo vùng, địa phương",rate_percent,2022,2.150482,old_63,19,Thái Nguyên
1.2,"Tỷ lệ hộ nghèo theo chuẩn nghèo đa chiều phân theo dân tộc, thành thị, nông thôn và theo vùng, địa phương",rate_percent,2023,1.729568,old_63,19,Thái Nguyên
1.2,"Tỷ lệ hộ nghèo theo chuẩn nghèo đa chiều phân theo dân tộc, thành thị, nông thôn và theo vùng, địa phương",rate_percent,2024,1.165622,old_63,19,Thái Nguyên
1.2,"Tỷ lệ hộ nghèo theo chuẩn nghèo đa chiều phân theo dân tộc, thành thị, nông thôn và theo vùng, địa phương",rate_percent,2016,23.51,old_63,20,Lạng Sơn
1.2,"Tỷ lệ hộ nghèo theo chuẩn nghèo đa chiều phân theo dân tộc, thành thị, nông thôn và theo vùng, địa phương",rate_percent,2017,20.55,old_63,20,Lạng Sơn
1.2,"Tỷ lệ hộ nghèo theo chuẩn nghèo đa chiều phân theo dân tộc, thành thị, nông thôn và theo vùng, địa phương",rate_percent,2018,18.38,old_63,20,Lạng Sơn
1.2,"Tỷ lệ hộ nghèo theo chuẩn nghèo đa chiều phân theo dân tộc, thành thị, nông thôn và theo vùng, địa phương",rate_percent,2019,15.9,old_63,20,Lạng Sơn
1.2,"Tỷ lệ hộ nghèo theo chuẩn nghèo đa chiều phân theo dân tộc, thành thị, nông thôn và theo vùng, địa phương",rate_percent,2020,12.2617,old_63,20,Lạng Sơn
1.2,"Tỷ lệ hộ nghèo theo chuẩn nghèo đa chiều phân theo dân tộc, thành thị, nông thôn và theo vùng, địa phương",rate_percent,2021,10.68996,old_63,20,Lạng Sơn
1.2,"Tỷ lệ hộ nghèo theo chuẩn nghèo đa chiều phân theo dân tộc, thành thị, nông thôn và theo vùng, địa phương",rate_percent,2022,7.913534,old_63,20,Lạng Sơn
1.2,"Tỷ lệ hộ nghèo theo chuẩn nghèo đa chiều phân theo dân tộc, thành thị, nông thôn và theo vùng, địa phương",rate_percent,2023,6.065351,old_63,20,Lạng Sơn
1.2,"Tỷ lệ hộ nghèo theo chuẩn nghèo đa chiều phân theo dân tộc, thành thị, nông thôn và theo vùng, địa phương",rate_percent,2024,4.065543,old_63,20,Lạng Sơn
1.2,"Tỷ lệ hộ nghèo theo chuẩn nghèo đa chiều phân theo dân tộc, thành thị, nông thôn và theo vùng, địa phương",rate_percent,2016,6.43,old_63,24,Bắc Giang
1.2,"Tỷ lệ hộ nghèo theo chuẩn nghèo đa chiều phân theo dân tộc, thành thị, nông thôn và theo vùng, địa phương",rate_percent,2017,5.4,old_63,24,Bắc Giang
1.2,"Tỷ lệ hộ nghèo theo chuẩn nghèo đa chiều phân theo dân tộc, thành thị, nông thôn và theo vùng, địa phương",rate_percent,2018,3.78,old_63,24,Bắc Giang
1.2,"Tỷ lệ hộ nghèo theo chuẩn nghèo đa chiều phân theo dân tộc, thành thị, nông thôn và theo vùng, địa phương",rate_percent,2019,3.29,old_63,24,Bắc Giang
1.2,"Tỷ lệ hộ nghèo theo chuẩn nghèo đa chiều phân theo dân tộc, thành thị, nông thôn và theo vùng, địa phương",rate_percent,2020,2.8098,old_63,24,Bắc Giang
1.2,"Tỷ lệ hộ nghèo theo chuẩn nghèo đa chiều phân theo dân tộc, thành thị, nông thôn và theo vùng, địa phương",rate_percent,2021,2.603082,old_63,24,Bắc Giang
1.2,"Tỷ lệ hộ nghèo theo chuẩn nghèo đa chiều phân theo dân tộc, thành thị, nông thôn và theo vùng, địa phương",rate_percent,2022,2.032237,old_63,24,Bắc Giang
1.2,"Tỷ lệ hộ nghèo theo chuẩn nghèo đa chiều phân theo dân tộc, thành thị, nông thôn và theo vùng, địa phương",rate_percent,2023,1.498954,old_63,24,Bắc Giang
1.2,"Tỷ lệ hộ nghèo theo chuẩn nghèo đa chiều phân theo dân tộc, thành thị, nông thôn và theo vùng, địa phương",rate_percent,2024,0.9510226,old_63,24,Bắc Giang
1.2,"Tỷ lệ hộ nghèo theo chuẩn nghèo đa chiều phân theo dân tộc, thành thị, nông thôn và theo vùng, địa phương",rate_percent,2016,10.29,old_63,25,Phú Thọ
1.2,"Tỷ lệ hộ nghèo theo chuẩn nghèo đa chiều phân theo dân tộc, thành thị, nông thôn và theo vùng, địa phương",rate_percent,2017,9.15,old_63,25,Phú Thọ
1.2,"Tỷ lệ hộ nghèo theo chuẩn nghèo đa chiều phân theo dân tộc, thành thị, nông thôn và theo vùng, địa phương",rate_percent,2018,7.46,old_63,25,Phú Thọ
1.2,"Tỷ lệ hộ nghèo theo chuẩn nghèo đa chiều phân theo dân tộc, thành thị, nông thôn và theo vùng, địa phương",rate_percent,2019,6.53,old_63,25,Phú Thọ
1.2,"Tỷ lệ hộ nghèo theo chuẩn nghèo đa chiều phân theo dân tộc, thành thị, nông thôn và theo vùng, địa phương",rate_percent,2020,5.8383,old_63,25,Phú Thọ
1.2,"Tỷ lệ hộ nghèo theo chuẩn nghèo đa chiều phân theo dân tộc, thành thị, nông thôn và theo vùng, địa phương",rate_percent,2021,5.611252,old_63,25,Phú Thọ
1.2,"Tỷ lệ hộ nghèo theo chuẩn nghèo đa chiều phân theo dân tộc, thành thị, nông thôn và theo vùng, địa phương",rate_percent,2022,4.061907,old_63,25,Phú Thọ
1.2,"Tỷ lệ hộ nghèo theo chuẩn nghèo đa chiều phân theo dân tộc, thành thị, nông thôn và theo vùng, địa phương",rate_percent,2023,3.662424,old_63,25,Phú Thọ
1.2,"Tỷ lệ hộ nghèo theo chuẩn nghèo đa chiều phân theo dân tộc, thành thị, nông thôn và theo vùng, địa phương",rate_percent,2024,2.533835,old_63,25,Phú Thọ
1.2,"Tỷ lệ hộ nghèo theo chuẩn nghèo đa chiều phân theo dân tộc, thành thị, nông thôn và theo vùng, địa phương",rate_percent,2016,53.93,old_63,11,Điện Biên
1.2,"Tỷ lệ hộ nghèo theo chuẩn nghèo đa chiều phân theo dân tộc, thành thị, nông thôn và theo vùng, địa phương",rate_percent,2017,50.18,old_63,11,Điện Biên
1.2,"Tỷ lệ hộ nghèo theo chuẩn nghèo đa chiều phân theo dân tộc, thành thị, nông thôn và theo vùng, địa phương",rate_percent,2018,44.47,old_63,11,Điện Biên
1.2,"Tỷ lệ hộ nghèo theo chuẩn nghèo đa chiều phân theo dân tộc, thành thị, nông thôn và theo vùng, địa phương",rate_percent,2019,39.85,old_63,11,Điện Biên
1.2,"Tỷ lệ hộ nghèo theo chuẩn nghèo đa chiều phân theo dân tộc, thành thị, nông thôn và theo vùng, địa phương",rate_percent,2020,36.7358,old_63,11,Điện Biên
1.2,"Tỷ lệ hộ nghèo theo chuẩn nghèo đa chiều phân theo dân tộc, thành thị, nông thôn và theo vùng, địa phương",rate_percent,2021,34.51579,old_63,11,Điện Biên
1.2,"Tỷ lệ hộ nghèo theo chuẩn nghèo đa chiều phân theo dân tộc, thành thị, nông thôn và theo vùng, địa phương",rate_percent,2022,33.5817,old_63,11,Điện Biên
1.2,"Tỷ lệ hộ nghèo theo chuẩn nghèo đa chiều phân theo dân tộc, thành thị, nông thôn và theo vùng, địa phương",rate_percent,2023,29.54828,old_63,11,Điện Biên
1.2,"Tỷ lệ hộ nghèo theo chuẩn nghèo đa chiều phân theo dân tộc, thành thị, nông thôn và theo vùng, địa phương",rate_percent,2024,23.16886,old_63,11,Điện Biên
1.2,"Tỷ lệ hộ nghèo theo chuẩn nghèo đa chiều phân theo dân tộc, thành thị, nông thôn và theo vùng, địa phương",rate_percent,2016,44.31,old_63,12,Lai Châu
1.2,"Tỷ lệ hộ nghèo theo chuẩn nghèo đa chiều phân theo dân tộc, thành thị, nông thôn và theo vùng, địa phương",rate_percent,2017,41.55,old_63,12,Lai Châu
1.2,"Tỷ lệ hộ nghèo theo chuẩn nghèo đa chiều phân theo dân tộc, thành thị, nông thôn và theo vùng, địa phương",rate_percent,2018,37.05,old_63,12,Lai Châu
1.2,"Tỷ lệ hộ nghèo theo chuẩn nghèo đa chiều phân theo dân tộc, thành thị, nông thôn và theo vùng, địa phương",rate_percent,2019,33.04,old_63,12,Lai Châu
1.2,"Tỷ lệ hộ nghèo theo chuẩn nghèo đa chiều phân theo dân tộc, thành thị, nông thôn và theo vùng, địa phương",rate_percent,2020,30.8348,old_63,12,Lai Châu
1.2,"Tỷ lệ hộ nghèo theo chuẩn nghèo đa chiều phân theo dân tộc, thành thị, nông thôn và theo vùng, địa phương",rate_percent,2021,27.9048,old_63,12,Lai Châu
1.2,"Tỷ lệ hộ nghèo theo chuẩn nghèo đa chiều phân theo dân tộc, thành thị, nông thôn và theo vùng, địa phương",rate_percent,2022,30.31106,old_63,12,Lai Châu
1.2,"Tỷ lệ hộ nghèo theo chuẩn nghèo đa chiều phân theo dân tộc, thành thị, nông thôn và theo vùng, địa phương",rate_percent,2023,28.11657,old_63,12,Lai Châu
1.2,"Tỷ lệ hộ nghèo theo chuẩn nghèo đa chiều phân theo dân tộc, thành thị, nông thôn và theo vùng, địa phương",rate_percent,2024,21.79848,old_63,12,Lai Châu
1.2,"Tỷ lệ hộ nghèo theo chuẩn nghèo đa chiều phân theo dân tộc, thành thị, nông thôn và theo vùng, địa phương",rate_percent,2016,42.8,old_63,14,Sơn La
1.2,"Tỷ lệ hộ nghèo theo chuẩn nghèo đa chiều phân theo dân tộc, thành thị, nông thôn và theo vùng, địa phương",rate_percent,2017,41.02,old_63,14,Sơn La
1.2,"Tỷ lệ hộ nghèo theo chuẩn nghèo đa chiều phân theo dân tộc, thành thị, nông thôn và theo vùng, địa phương",rate_percent,2018,36.34,old_63,14,Sơn La
1.2,"Tỷ lệ hộ nghèo theo chuẩn nghèo đa chiều phân theo dân tộc, thành thị, nông thôn và theo vùng, địa phương",rate_percent,2019,33.01,old_63,14,Sơn La
1.2,"Tỷ lệ hộ nghèo theo chuẩn nghèo đa chiều phân theo dân tộc, thành thị, nông thôn và theo vùng, địa phương",rate_percent,2020,30.529,old_63,14,Sơn La
1.2,"Tỷ lệ hộ nghèo theo chuẩn nghèo đa chiều phân theo dân tộc, thành thị, nông thôn và theo vùng, địa phương",rate_percent,2021,28.60577,old_63,14,Sơn La
1.2,"Tỷ lệ hộ nghèo theo chuẩn nghèo đa chiều phân theo dân tộc, thành thị, nông thôn và theo vùng, địa phương",rate_percent,2022,23.87754,old_63,14,Sơn La
1.2,"Tỷ lệ hộ nghèo theo chuẩn nghèo đa chiều phân theo dân tộc, thành thị, nông thôn và theo vùng, địa phương",rate_percent,2023,19.78959,old_63,14,Sơn La
1.2,"Tỷ lệ hộ nghèo theo chuẩn nghèo đa chiều phân theo dân tộc, thành thị, nông thôn và theo vùng, địa phương",rate_percent,2024,14.50057,old_63,14,Sơn La
1.2,"Tỷ lệ hộ nghèo theo chuẩn nghèo đa chiều phân theo dân tộc, thành thị, nông thôn và theo vùng, địa phương",rate_percent,2016,17.75,old_63,17,Hoà Bình
1.2,"Tỷ lệ hộ nghèo theo chuẩn nghèo đa chiều phân theo dân tộc, thành thị, nông thôn và theo vùng, địa phương",rate_percent,2017,15.4,old_63,17,Hoà Bình
1.2,"Tỷ lệ hộ nghèo theo chuẩn nghèo đa chiều phân theo dân tộc, thành thị, nông thôn và theo vùng, địa phương",rate_percent,2018,12.71,old_63,17,Hoà Bình
1.2,"Tỷ lệ hộ nghèo theo chuẩn nghèo đa chiều phân theo dân tộc, thành thị, nông thôn và theo vùng, địa phương",rate_percent,2019,10.5,old_63,17,Hoà Bình
1.2,"Tỷ lệ hộ nghèo theo chuẩn nghèo đa chiều phân theo dân tộc, thành thị, nông thôn và theo vùng, địa phương",rate_percent,2020,9.088,old_63,17,Hoà Bình
1.2,"Tỷ lệ hộ nghèo theo chuẩn nghèo đa chiều phân theo dân tộc, thành thị, nông thôn và theo vùng, địa phương",rate_percent,2021,8.191573,old_63,17,Hoà Bình
1.2,"Tỷ lệ hộ nghèo theo chuẩn nghèo đa chiều phân theo dân tộc, thành thị, nông thôn và theo vùng, địa phương",rate_percent,2022,7.9369,old_63,17,Hoà Bình
1.2,"Tỷ lệ hộ nghèo theo chuẩn nghèo đa chiều phân theo dân tộc, thành thị, nông thôn và theo vùng, địa phương",rate_percent,2023,6.026149,old_63,17,Hoà Bình
1.2,"Tỷ lệ hộ nghèo theo chuẩn nghèo đa chiều phân theo dân tộc, thành thị, nông thôn và theo vùng, địa phương",rate_percent,2024,3.571908,old_63,17,Hoà Bình
1.2,"Tỷ lệ hộ nghèo theo chuẩn nghèo đa chiều phân theo dân tộc, thành thị, nông thôn và theo vùng, địa phương",rate_percent,2016,11.86,old_63,38,Thanh Hóa
1.2,"Tỷ lệ hộ nghèo theo chuẩn nghèo đa chiều phân theo dân tộc, thành thị, nông thôn và theo vùng, địa phương",rate_percent,2017,10.88,old_63,38,Thanh Hóa
1.2,"Tỷ lệ hộ nghèo theo chuẩn nghèo đa chiều phân theo dân tộc, thành thị, nông thôn và theo vùng, địa phương",rate_percent,2018,8.82,old_63,38,Thanh Hóa
1.2,"Tỷ lệ hộ nghèo theo chuẩn nghèo đa chiều phân theo dân tộc, thành thị, nông thôn và theo vùng, địa phương",rate_percent,2019,7.99,old_63,38,Thanh Hóa
1.2,"Tỷ lệ hộ nghèo theo chuẩn nghèo đa chiều phân theo dân tộc, thành thị, nông thôn và theo vùng, địa phương",rate_percent,2020,7.0093,old_63,38,Thanh Hóa
1.2,"Tỷ lệ hộ nghèo theo chuẩn nghèo đa chiều phân theo dân tộc, thành thị, nông thôn và theo vùng, địa phương",rate_percent,2021,6.290437,old_63,38,Thanh Hóa
1.2,"Tỷ lệ hộ nghèo theo chuẩn nghèo đa chiều phân theo dân tộc, thành thị, nông thôn và theo vùng, địa phương",rate_percent,2022,5.212039,old_63,38,Thanh Hóa
1.2,"Tỷ lệ hộ nghèo theo chuẩn nghèo đa chiều phân theo dân tộc, thành thị, nông thôn và theo vùng, địa phương",rate_percent,2023,3.904528,old_63,38,Thanh Hóa
1.2,"Tỷ lệ hộ nghèo theo chuẩn nghèo đa chiều phân theo dân tộc, thành thị, nông thôn và theo vùng, địa phương",rate_percent,2024,2.683023,old_63,38,Thanh Hóa
1.2,"Tỷ lệ hộ nghèo theo chuẩn nghèo đa chiều phân theo dân tộc, thành thị, nông thôn và theo vùng, địa phương",rate_percent,2016,17.67,old_63,40,Nghệ An
1.2,"Tỷ lệ hộ nghèo theo chuẩn nghèo đa chiều phân theo dân tộc, thành thị, nông thôn và theo vùng, địa phương",rate_percent,2017,16.35,old_63,40,Nghệ An
1.2,"Tỷ lệ hộ nghèo theo chuẩn nghèo đa chiều phân theo dân tộc, thành thị, nông thôn và theo vùng, địa phương",rate_percent,2018,13.46,old_63,40,Nghệ An
1.2,"Tỷ lệ hộ nghèo theo chuẩn nghèo đa chiều phân theo dân tộc, thành thị, nông thôn và theo vùng, địa phương",rate_percent,2019,12.1,old_63,40,Nghệ An
1.2,"Tỷ lệ hộ nghèo theo chuẩn nghèo đa chiều phân theo dân tộc, thành thị, nông thôn và theo vùng, địa phương",rate_percent,2020,10.8822,old_63,40,Nghệ An
1.2,"Tỷ lệ hộ nghèo theo chuẩn nghèo đa chiều phân theo dân tộc, thành thị, nông thôn và theo vùng, địa phương",rate_percent,2021,9.530136,old_63,40,Nghệ An
1.2,"Tỷ lệ hộ nghèo theo chuẩn nghèo đa chiều phân theo dân tộc, thành thị, nông thôn và theo vùng, địa phương",rate_percent,2022,6.220279,old_63,40,Nghệ An
1.2,"Tỷ lệ hộ nghèo theo chuẩn nghèo đa chiều phân theo dân tộc, thành thị, nông thôn và theo vùng, địa phương",rate_percent,2023,4.718143,old_63,40,Nghệ An
1.2,"Tỷ lệ hộ nghèo theo chuẩn nghèo đa chiều phân theo dân tộc, thành thị, nông thôn và theo vùng, địa phương",rate_percent,2024,3.217572,old_63,40,Nghệ An
1.2,"Tỷ lệ hộ nghèo theo chuẩn nghèo đa chiều phân theo dân tộc, thành thị, nông thôn và theo vùng, địa phương",rate_percent,2016,12.51,old_63,42,Hà Tĩnh
1.2,"Tỷ lệ hộ nghèo theo chuẩn nghèo đa chiều phân theo dân tộc, thành thị, nông thôn và theo vùng, địa phương",rate_percent,2017,10.88,old_63,42,Hà Tĩnh
1.2,"Tỷ lệ hộ nghèo theo chuẩn nghèo đa chiều phân theo dân tộc, thành thị, nông thôn và theo vùng, địa phương",rate_percent,2018,8.77,old_63,42,Hà Tĩnh
1.2,"Tỷ lệ hộ nghèo theo chuẩn nghèo đa chiều phân theo dân tộc, thành thị, nông thôn và theo vùng, địa phương",rate_percent,2019,7.22,old_63,42,Hà Tĩnh
1.2,"Tỷ lệ hộ nghèo theo chuẩn nghèo đa chiều phân theo dân tộc, thành thị, nông thôn và theo vùng, địa phương",rate_percent,2020,6.5309,old_63,42,Hà Tĩnh
1.2,"Tỷ lệ hộ nghèo theo chuẩn nghèo đa chiều phân theo dân tộc, thành thị, nông thôn và theo vùng, địa phương",rate_percent,2021,5.881702,old_63,42,Hà Tĩnh
1.2,"Tỷ lệ hộ nghèo theo chuẩn nghèo đa chiều phân theo dân tộc, thành thị, nông thôn và theo vùng, địa phương",rate_percent,2022,3.830883,old_63,42,Hà Tĩnh
1.2,"Tỷ lệ hộ nghèo theo chuẩn nghèo đa chiều phân theo dân tộc, thành thị, nông thôn và theo vùng, địa phương",rate_percent,2023,2.904699,old_63,42,Hà Tĩnh
1.2,"Tỷ lệ hộ nghèo theo chuẩn nghèo đa chiều phân theo dân tộc, thành thị, nông thôn và theo vùng, địa phương",rate_percent,2024,1.915213,old_63,42,Hà Tĩnh
1.2,"Tỷ lệ hộ nghèo theo chuẩn nghèo đa chiều phân theo dân tộc, thành thị, nông thôn và theo vùng, địa phương",rate_percent,2016,13.66,old_63,44,Quảng Bình
1.2,"Tỷ lệ hộ nghèo theo chuẩn nghèo đa chiều phân theo dân tộc, thành thị, nông thôn và theo vùng, địa phương",rate_percent,2017,12.1,old_63,44,Quảng Bình
1.2,"Tỷ lệ hộ nghèo theo chuẩn nghèo đa chiều phân theo dân tộc, thành thị, nông thôn và theo vùng, địa phương",rate_percent,2018,10.75,old_63,44,Quảng Bình
1.2,"Tỷ lệ hộ nghèo theo chuẩn nghèo đa chiều phân theo dân tộc, thành thị, nông thôn và theo vùng, địa phương",rate_percent,2019,9.29,old_63,44,Quảng Bình
1.2,"Tỷ lệ hộ nghèo theo chuẩn nghèo đa chiều phân theo dân tộc, thành thị, nông thôn và theo vùng, địa phương",rate_percent,2020,8.842,old_63,44,Quảng Bình
1.2,"Tỷ lệ hộ nghèo theo chuẩn nghèo đa chiều phân theo dân tộc, thành thị, nông thôn và theo vùng, địa phương",rate_percent,2021,7.661798,old_63,44,Quảng Bình
1.2,"Tỷ lệ hộ nghèo theo chuẩn nghèo đa chiều phân theo dân tộc, thành thị, nông thôn và theo vùng, địa phương",rate_percent,2022,6.332408,old_63,44,Quảng Bình
1.2,"Tỷ lệ hộ nghèo theo chuẩn nghèo đa chiều phân theo dân tộc, thành thị, nông thôn và theo vùng, địa phương",rate_percent,2023,5.001215,old_63,44,Quảng Bình
1.2,"Tỷ lệ hộ nghèo theo chuẩn nghèo đa chiều phân theo dân tộc, thành thị, nông thôn và theo vùng, địa phương",rate_percent,2024,3.44079,old_63,44,Quảng Bình
1.2,"Tỷ lệ hộ nghèo theo chuẩn nghèo đa chiều phân theo dân tộc, thành thị, nông thôn và theo vùng, địa phương",rate_percent,2016,16.07,old_63,45,Quảng Trị
1.2,"Tỷ lệ hộ nghèo theo chuẩn nghèo đa chiều phân theo dân tộc, thành thị, nông thôn và theo vùng, địa phương",rate_percent,2017,14.25,old_63,45,Quảng Trị
1.2,"Tỷ lệ hộ nghèo theo chuẩn nghèo đa chiều phân theo dân tộc, thành thị, nông thôn và theo vùng, địa phương",rate_percent,2018,12.57,old_63,45,Quảng Trị
1.2,"Tỷ lệ hộ nghèo theo chuẩn nghèo đa chiều phân theo dân tộc, thành thị, nông thôn và theo vùng, địa phương",rate_percent,2019,10.91,old_63,45,Quảng Trị
1.2,"Tỷ lệ hộ nghèo theo chuẩn nghèo đa chiều phân theo dân tộc, thành thị, nông thôn và theo vùng, địa phương",rate_percent,2020,9.1504,old_63,45,Quảng Trị
1.2,"Tỷ lệ hộ nghèo theo chuẩn nghèo đa chiều phân theo dân tộc, thành thị, nông thôn và theo vùng, địa phương",rate_percent,2021,8.139014,old_63,45,Quảng Trị
1.2,"Tỷ lệ hộ nghèo theo chuẩn nghèo đa chiều phân theo dân tộc, thành thị, nông thôn và theo vùng, địa phương",rate_percent,2022,9.514791,old_63,45,Quảng Trị
1.2,"Tỷ lệ hộ nghèo theo chuẩn nghèo đa chiều phân theo dân tộc, thành thị, nông thôn và theo vùng, địa phương",rate_percent,2023,7.01235,old_63,45,Quảng Trị
1.2,"Tỷ lệ hộ nghèo theo chuẩn nghèo đa chiều phân theo dân tộc, thành thị, nông thôn và theo vùng, địa phương",rate_percent,2024,5.596026,old_63,45,Quảng Trị
1.2,"Tỷ lệ hộ nghèo theo chuẩn nghèo đa chiều phân theo dân tộc, thành thị, nông thôn và theo vùng, địa phương",rate_percent,2016,7.33,old_63,46,Thừa Thiên Huế
1.2,"Tỷ lệ hộ nghèo theo chuẩn nghèo đa chiều phân theo dân tộc, thành thị, nông thôn và theo vùng, địa phương",rate_percent,2017,6.46,old_63,46,Thừa Thiên Huế
1.2,"Tỷ lệ hộ nghèo theo chuẩn nghèo đa chiều phân theo dân tộc, thành thị, nông thôn và theo vùng, địa phương",rate_percent,2018,4.65,old_63,46,Thừa Thiên Huế
1.2,"Tỷ lệ hộ nghèo theo chuẩn nghèo đa chiều phân theo dân tộc, thành thị, nông thôn và theo vùng, địa phương",rate_percent,2019,3.95,old_63,46,Thừa Thiên Huế
1.2,"Tỷ lệ hộ nghèo theo chuẩn nghèo đa chiều phân theo dân tộc, thành thị, nông thôn và theo vùng, địa phương",rate_percent,2020,3.4975,old_63,46,Thừa Thiên Huế
1.2,"Tỷ lệ hộ nghèo theo chuẩn nghèo đa chiều phân theo dân tộc, thành thị, nông thôn và theo vùng, địa phương",rate_percent,2021,3.024236,old_63,46,Thừa Thiên Huế
1.2,"Tỷ lệ hộ nghèo theo chuẩn nghèo đa chiều phân theo dân tộc, thành thị, nông thôn và theo vùng, địa phương",rate_percent,2022,3.93306,old_63,46,Thừa Thiên Huế
1.2,"Tỷ lệ hộ nghèo theo chuẩn nghèo đa chiều phân theo dân tộc, thành thị, nông thôn và theo vùng, địa phương",rate_percent,2023,3.305274,old_63,46,Thừa Thiên Huế
1.2,"Tỷ lệ hộ nghèo theo chuẩn nghèo đa chiều phân theo dân tộc, thành thị, nông thôn và theo vùng, địa phương",rate_percent,2024,2.306748,old_63,46,Thừa Thiên Huế
1.2,"Tỷ lệ hộ nghèo theo chuẩn nghèo đa chiều phân theo dân tộc, thành thị, nông thôn và theo vùng, địa phương",rate_percent,2016,1.48,old_63,48,Đà Nẵng
1.2,"Tỷ lệ hộ nghèo theo chuẩn nghèo đa chiều phân theo dân tộc, thành thị, nông thôn và theo vùng, địa phương",rate_percent,2017,1.22,old_63,48,Đà Nẵng
1.2,"Tỷ lệ hộ nghèo theo chuẩn nghèo đa chiều phân theo dân tộc, thành thị, nông thôn và theo vùng, địa phương",rate_percent,2018,0.89,old_63,48,Đà Nẵng
1.2,"Tỷ lệ hộ nghèo theo chuẩn nghèo đa chiều phân theo dân tộc, thành thị, nông thôn và theo vùng, địa phương",rate_percent,2019,0.69,old_63,48,Đà Nẵng
1.2,"Tỷ lệ hộ nghèo theo chuẩn nghèo đa chiều phân theo dân tộc, thành thị, nông thôn và theo vùng, địa phương",rate_percent,2020,0.5066,old_63,48,Đà Nẵng
1.2,"Tỷ lệ hộ nghèo theo chuẩn nghèo đa chiều phân theo dân tộc, thành thị, nông thôn và theo vùng, địa phương",rate_percent,2021,0.3791783,old_63,48,Đà Nẵng
1.2,"Tỷ lệ hộ nghèo theo chuẩn nghèo đa chiều phân theo dân tộc, thành thị, nông thôn và theo vùng, địa phương",rate_percent,2022,0.9304056,old_63,48,Đà Nẵng
1.2,"Tỷ lệ hộ nghèo theo chuẩn nghèo đa chiều phân theo dân tộc, thành thị, nông thôn và theo vùng, địa phương",rate_percent,2023,0.8989056,old_63,48,Đà Nẵng
1.2,"Tỷ lệ hộ nghèo theo chuẩn nghèo đa chiều phân theo dân tộc, thành thị, nông thôn và theo vùng, địa phương",rate_percent,2024,0.562234,old_63,48,Đà Nẵng
1.2,"Tỷ lệ hộ nghèo theo chuẩn nghèo đa chiều phân theo dân tộc, thành thị, nông thôn và theo vùng, địa phương",rate_percent,2016,13.67,old_63,49,Quảng Nam
1.2,"Tỷ lệ hộ nghèo theo chuẩn nghèo đa chiều phân theo dân tộc, thành thị, nông thôn và theo vùng, địa phương",rate_percent,2017,12.59,old_63,49,Quảng Nam
1.2,"Tỷ lệ hộ nghèo theo chuẩn nghèo đa chiều phân theo dân tộc, thành thị, nông thôn và theo vùng, địa phương",rate_percent,2018,10.29,old_63,49,Quảng Nam
1.2,"Tỷ lệ hộ nghèo theo chuẩn nghèo đa chiều phân theo dân tộc, thành thị, nông thôn và theo vùng, địa phương",rate_percent,2019,9.11,old_63,49,Quảng Nam
1.2,"Tỷ lệ hộ nghèo theo chuẩn nghèo đa chiều phân theo dân tộc, thành thị, nông thôn và theo vùng, địa phương",rate_percent,2020,8.1247,old_63,49,Quảng Nam
1.2,"Tỷ lệ hộ nghèo theo chuẩn nghèo đa chiều phân theo dân tộc, thành thị, nông thôn và theo vùng, địa phương",rate_percent,2021,6.958117,old_63,49,Quảng Nam
1.2,"Tỷ lệ hộ nghèo theo chuẩn nghèo đa chiều phân theo dân tộc, thành thị, nông thôn và theo vùng, địa phương",rate_percent,2022,7.527987,old_63,49,Quảng Nam
1.2,"Tỷ lệ hộ nghèo theo chuẩn nghèo đa chiều phân theo dân tộc, thành thị, nông thôn và theo vùng, địa phương",rate_percent,2023,5.436772,old_63,49,Quảng Nam
1.2,"Tỷ lệ hộ nghèo theo chuẩn nghèo đa chiều phân theo dân tộc, thành thị, nông thôn và theo vùng, địa phương",rate_percent,2024,3.371475,old_63,49,Quảng Nam
1.2,"Tỷ lệ hộ nghèo theo chuẩn nghèo đa chiều phân theo dân tộc, thành thị, nông thôn và theo vùng, địa phương",rate_percent,2016,13.66,old_63,51,Quảng Ngãi
1.2,"Tỷ lệ hộ nghèo theo chuẩn nghèo đa chiều phân theo dân tộc, thành thị, nông thôn và theo vùng, địa phương",rate_percent,2017,12.19,old_63,51,Quảng Ngãi
1.2,"Tỷ lệ hộ nghèo theo chuẩn nghèo đa chiều phân theo dân tộc, thành thị, nông thôn và theo vùng, địa phương",rate_percent,2018,10.06,old_63,51,Quảng Ngãi
1.2,"Tỷ lệ hộ nghèo theo chuẩn nghèo đa chiều phân theo dân tộc, thành thị, nông thôn và theo vùng, địa phương",rate_percent,2019,8.38,old_63,51,Quảng Ngãi
1.2,"Tỷ lệ hộ nghèo theo chuẩn nghèo đa chiều phân theo dân tộc, thành thị, nông thôn và theo vùng, địa phương",rate_percent,2020,7.4502,old_63,51,Quảng Ngãi
1.2,"Tỷ lệ hộ nghèo theo chuẩn nghèo đa chiều phân theo dân tộc, thành thị, nông thôn và theo vùng, địa phương",rate_percent,2021,6.78241,old_63,51,Quảng Ngãi
1.2,"Tỷ lệ hộ nghèo theo chuẩn nghèo đa chiều phân theo dân tộc, thành thị, nông thôn và theo vùng, địa phương",rate_percent,2022,6.581275,old_63,51,Quảng Ngãi
1.2,"Tỷ lệ hộ nghèo theo chuẩn nghèo đa chiều phân theo dân tộc, thành thị, nông thôn và theo vùng, địa phương",rate_percent,2023,5.175453,old_63,51,Quảng Ngãi
1.2,"Tỷ lệ hộ nghèo theo chuẩn nghèo đa chiều phân theo dân tộc, thành thị, nông thôn và theo vùng, địa phương",rate_percent,2024,3.664034,old_63,51,Quảng Ngãi
1.2,"Tỷ lệ hộ nghèo theo chuẩn nghèo đa chiều phân theo dân tộc, thành thị, nông thôn và theo vùng, địa phương",rate_percent,2016,8,old_63,52,Bình Định
1.2,"Tỷ lệ hộ nghèo theo chuẩn nghèo đa chiều phân theo dân tộc, thành thị, nông thôn và theo vùng, địa phương",rate_percent,2017,6.91,old_63,52,Bình Định
1.2,"Tỷ lệ hộ nghèo theo chuẩn nghèo đa chiều phân theo dân tộc, thành thị, nông thôn và theo vùng, địa phương",rate_percent,2018,5.47,old_63,52,Bình Định
1.2,"Tỷ lệ hộ nghèo theo chuẩn nghèo đa chiều phân theo dân tộc, thành thị, nông thôn và theo vùng, địa phương",rate_percent,2019,4.61,old_63,52,Bình Định
1.2,"Tỷ lệ hộ nghèo theo chuẩn nghèo đa chiều phân theo dân tộc, thành thị, nông thôn và theo vùng, địa phương",rate_percent,2020,4.0776,old_63,52,Bình Định
1.2,"Tỷ lệ hộ nghèo theo chuẩn nghèo đa chiều phân theo dân tộc, thành thị, nông thôn và theo vùng, địa phương",rate_percent,2021,3.623598,old_63,52,Bình Định
1.2,"Tỷ lệ hộ nghèo theo chuẩn nghèo đa chiều phân theo dân tộc, thành thị, nông thôn và theo vùng, địa phương",rate_percent,2022,4.01003,old_63,52,Bình Định
1.2,"Tỷ lệ hộ nghèo theo chuẩn nghèo đa chiều phân theo dân tộc, thành thị, nông thôn và theo vùng, địa phương",rate_percent,2023,2.370283,old_63,52,Bình Định
1.2,"Tỷ lệ hộ nghèo theo chuẩn nghèo đa chiều phân theo dân tộc, thành thị, nông thôn và theo vùng, địa phương",rate_percent,2024,1.561147,old_63,52,Bình Định
1.2,"Tỷ lệ hộ nghèo theo chuẩn nghèo đa chiều phân theo dân tộc, thành thị, nông thôn và theo vùng, địa phương",rate_percent,2016,9.87,old_63,54,Phú Yên
1.2,"Tỷ lệ hộ nghèo theo chuẩn nghèo đa chiều phân theo dân tộc, thành thị, nông thôn và theo vùng, địa phương",rate_percent,2017,8.8,old_63,54,Phú Yên
1.2,"Tỷ lệ hộ nghèo theo chuẩn nghèo đa chiều phân theo dân tộc, thành thị, nông thôn và theo vùng, địa phương",rate_percent,2018,7.45,old_63,54,Phú Yên
1.2,"Tỷ lệ hộ nghèo theo chuẩn nghèo đa chiều phân theo dân tộc, thành thị, nông thôn và theo vùng, địa phương",rate_percent,2019,6.26,old_63,54,Phú Yên
1.2,"Tỷ lệ hộ nghèo theo chuẩn nghèo đa chiều phân theo dân tộc, thành thị, nông thôn và theo vùng, địa phương",rate_percent,2020,5.5485,old_63,54,Phú Yên
1.2,"Tỷ lệ hộ nghèo theo chuẩn nghèo đa chiều phân theo dân tộc, thành thị, nông thôn và theo vùng, địa phương",rate_percent,2021,5.046556,old_63,54,Phú Yên
1.2,"Tỷ lệ hộ nghèo theo chuẩn nghèo đa chiều phân theo dân tộc, thành thị, nông thôn và theo vùng, địa phương",rate_percent,2022,6.507596,old_63,54,Phú Yên
1.2,"Tỷ lệ hộ nghèo theo chuẩn nghèo đa chiều phân theo dân tộc, thành thị, nông thôn và theo vùng, địa phương",rate_percent,2023,4.984855,old_63,54,Phú Yên
1.2,"Tỷ lệ hộ nghèo theo chuẩn nghèo đa chiều phân theo dân tộc, thành thị, nông thôn và theo vùng, địa phương",rate_percent,2024,3.345066,old_63,54,Phú Yên
1.2,"Tỷ lệ hộ nghèo theo chuẩn nghèo đa chiều phân theo dân tộc, thành thị, nông thôn và theo vùng, địa phương",rate_percent,2016,5.9,old_63,56,Khánh Hòa
1.2,"Tỷ lệ hộ nghèo theo chuẩn nghèo đa chiều phân theo dân tộc, thành thị, nông thôn và theo vùng, địa phương",rate_percent,2017,4.99,old_63,56,Khánh Hòa
1.2,"Tỷ lệ hộ nghèo theo chuẩn nghèo đa chiều phân theo dân tộc, thành thị, nông thôn và theo vùng, địa phương",rate_percent,2018,3.67,old_63,56,Khánh Hòa
1.2,"Tỷ lệ hộ nghèo theo chuẩn nghèo đa chiều phân theo dân tộc, thành thị, nông thôn và theo vùng, địa phương",rate_percent,2019,3.01,old_63,56,Khánh Hòa
1.2,"Tỷ lệ hộ nghèo theo chuẩn nghèo đa chiều phân theo dân tộc, thành thị, nông thôn và theo vùng, địa phương",rate_percent,2020,2.4501,old_63,56,Khánh Hòa
1.2,"Tỷ lệ hộ nghèo theo chuẩn nghèo đa chiều phân theo dân tộc, thành thị, nông thôn và theo vùng, địa phương",rate_percent,2021,2.186098,old_63,56,Khánh Hòa
1.2,"Tỷ lệ hộ nghèo theo chuẩn nghèo đa chiều phân theo dân tộc, thành thị, nông thôn và theo vùng, địa phương",rate_percent,2022,3.063204,old_63,56,Khánh Hòa
1.2,"Tỷ lệ hộ nghèo theo chuẩn nghèo đa chiều phân theo dân tộc, thành thị, nông thôn và theo vùng, địa phương",rate_percent,2023,2.388543,old_63,56,Khánh Hòa
1.2,"Tỷ lệ hộ nghèo theo chuẩn nghèo đa chiều phân theo dân tộc, thành thị, nông thôn và theo vùng, địa phương",rate_percent,2024,1.522722,old_63,56,Khánh Hòa
1.2,"Tỷ lệ hộ nghèo theo chuẩn nghèo đa chiều phân theo dân tộc, thành thị, nông thôn và theo vùng, địa phương",rate_percent,2016,13.4,old_63,58,Ninh Thuận
1.2,"Tỷ lệ hộ nghèo theo chuẩn nghèo đa chiều phân theo dân tộc, thành thị, nông thôn và theo vùng, địa phương",rate_percent,2017,12.57,old_63,58,Ninh Thuận
1.2,"Tỷ lệ hộ nghèo theo chuẩn nghèo đa chiều phân theo dân tộc, thành thị, nông thôn và theo vùng, địa phương",rate_percent,2018,11.02,old_63,58,Ninh Thuận
1.2,"Tỷ lệ hộ nghèo theo chuẩn nghèo đa chiều phân theo dân tộc, thành thị, nông thôn và theo vùng, địa phương",rate_percent,2019,9.76,old_63,58,Ninh Thuận
1.2,"Tỷ lệ hộ nghèo theo chuẩn nghèo đa chiều phân theo dân tộc, thành thị, nông thôn và theo vùng, địa phương",rate_percent,2020,8.962,old_63,58,Ninh Thuận
1.2,"Tỷ lệ hộ nghèo theo chuẩn nghèo đa chiều phân theo dân tộc, thành thị, nông thôn và theo vùng, địa phương",rate_percent,2021,8.411705,old_63,58,Ninh Thuận
1.2,"Tỷ lệ hộ nghèo theo chuẩn nghèo đa chiều phân theo dân tộc, thành thị, nông thôn và theo vùng, địa phương",rate_percent,2022,9.05374,old_63,58,Ninh Thuận
1.2,"Tỷ lệ hộ nghèo theo chuẩn nghèo đa chiều phân theo dân tộc, thành thị, nông thôn và theo vùng, địa phương",rate_percent,2023,8.04149,old_63,58,Ninh Thuận
1.2,"Tỷ lệ hộ nghèo theo chuẩn nghèo đa chiều phân theo dân tộc, thành thị, nông thôn và theo vùng, địa phương",rate_percent,2024,6.554831,old_63,58,Ninh Thuận
1.2,"Tỷ lệ hộ nghèo theo chuẩn nghèo đa chiều phân theo dân tộc, thành thị, nông thôn và theo vùng, địa phương",rate_percent,2016,4.37,old_63,60,Bình Thuận
1.2,"Tỷ lệ hộ nghèo theo chuẩn nghèo đa chiều phân theo dân tộc, thành thị, nông thôn và theo vùng, địa phương",rate_percent,2017,3.55,old_63,60,Bình Thuận
1.2,"Tỷ lệ hộ nghèo theo chuẩn nghèo đa chiều phân theo dân tộc, thành thị, nông thôn và theo vùng, địa phương",rate_percent,2018,2.57,old_63,60,Bình Thuận
1.2,"Tỷ lệ hộ nghèo theo chuẩn nghèo đa chiều phân theo dân tộc, thành thị, nông thôn và theo vùng, địa phương",rate_percent,2019,2.14,old_63,60,Bình Thuận
1.2,"Tỷ lệ hộ nghèo theo chuẩn nghèo đa chiều phân theo dân tộc, thành thị, nông thôn và theo vùng, địa phương",rate_percent,2020,1.6456,old_63,60,Bình Thuận
1.2,"Tỷ lệ hộ nghèo theo chuẩn nghèo đa chiều phân theo dân tộc, thành thị, nông thôn và theo vùng, địa phương",rate_percent,2021,1.320291,old_63,60,Bình Thuận
1.2,"Tỷ lệ hộ nghèo theo chuẩn nghèo đa chiều phân theo dân tộc, thành thị, nông thôn và theo vùng, địa phương",rate_percent,2022,2.846525,old_63,60,Bình Thuận
1.2,"Tỷ lệ hộ nghèo theo chuẩn nghèo đa chiều phân theo dân tộc, thành thị, nông thôn và theo vùng, địa phương",rate_percent,2023,1.167167,old_63,60,Bình Thuận
1.2,"Tỷ lệ hộ nghèo theo chuẩn nghèo đa chiều phân theo dân tộc, thành thị, nông thôn và theo vùng, địa phương",rate_percent,2024,0.6288159,old_63,60,Bình Thuận
1.2,"Tỷ lệ hộ nghèo theo chuẩn nghèo đa chiều phân theo dân tộc, thành thị, nông thôn và theo vùng, địa phương",rate_percent,2016,34,old_63,62,Kon Tum
1.2,"Tỷ lệ hộ nghèo theo chuẩn nghèo đa chiều phân theo dân tộc, thành thị, nông thôn và theo vùng, địa phương",rate_percent,2017,31.92,old_63,62,Kon Tum
1.2,"Tỷ lệ hộ nghèo theo chuẩn nghèo đa chiều phân theo dân tộc, thành thị, nông thôn và theo vùng, địa phương",rate_percent,2018,27.46,old_63,62,Kon Tum
1.2,"Tỷ lệ hộ nghèo theo chuẩn nghèo đa chiều phân theo dân tộc, thành thị, nông thôn và theo vùng, địa phương",rate_percent,2019,24.09,old_63,62,Kon Tum
1.2,"Tỷ lệ hộ nghèo theo chuẩn nghèo đa chiều phân theo dân tộc, thành thị, nông thôn và theo vùng, địa phương",rate_percent,2020,22.0339,old_63,62,Kon Tum
1.2,"Tỷ lệ hộ nghèo theo chuẩn nghèo đa chiều phân theo dân tộc, thành thị, nông thôn và theo vùng, địa phương",rate_percent,2021,20.63709,old_63,62,Kon Tum
1.2,"Tỷ lệ hộ nghèo theo chuẩn nghèo đa chiều phân theo dân tộc, thành thị, nông thôn và theo vùng, địa phương",rate_percent,2022,19.25964,old_63,62,Kon Tum
1.2,"Tỷ lệ hộ nghèo theo chuẩn nghèo đa chiều phân theo dân tộc, thành thị, nông thôn và theo vùng, địa phương",rate_percent,2023,16.0118,old_63,62,Kon Tum
1.2,"Tỷ lệ hộ nghèo theo chuẩn nghèo đa chiều phân theo dân tộc, thành thị, nông thôn và theo vùng, địa phương",rate_percent,2024,10.84592,old_63,62,Kon Tum
1.2,"Tỷ lệ hộ nghèo theo chuẩn nghèo đa chiều phân theo dân tộc, thành thị, nông thôn và theo vùng, địa phương",rate_percent,2016,30.2,old_63,64,Gia Lai
1.2,"Tỷ lệ hộ nghèo theo chuẩn nghèo đa chiều phân theo dân tộc, thành thị, nông thôn và theo vùng, địa phương",rate_percent,2017,27.47,old_63,64,Gia Lai
1.2,"Tỷ lệ hộ nghèo theo chuẩn nghèo đa chiều phân theo dân tộc, thành thị, nông thôn và theo vùng, địa phương",rate_percent,2018,23.36,old_63,64,Gia Lai
1.2,"Tỷ lệ hộ nghèo theo chuẩn nghèo đa chiều phân theo dân tộc, thành thị, nông thôn và theo vùng, địa phương",rate_percent,2019,20.15,old_63,64,Gia Lai
1.2,"Tỷ lệ hộ nghèo theo chuẩn nghèo đa chiều phân theo dân tộc, thành thị, nông thôn và theo vùng, địa phương",rate_percent,2020,18.3981,old_63,64,Gia Lai
1.2,"Tỷ lệ hộ nghèo theo chuẩn nghèo đa chiều phân theo dân tộc, thành thị, nông thôn và theo vùng, địa phương",rate_percent,2021,16.88925,old_63,64,Gia Lai
1.2,"Tỷ lệ hộ nghèo theo chuẩn nghèo đa chiều phân theo dân tộc, thành thị, nông thôn và theo vùng, địa phương",rate_percent,2022,18.09768,old_63,64,Gia Lai
1.2,"Tỷ lệ hộ nghèo theo chuẩn nghèo đa chiều phân theo dân tộc, thành thị, nông thôn và theo vùng, địa phương",rate_percent,2023,14.8167,old_63,64,Gia Lai
1.2,"Tỷ lệ hộ nghèo theo chuẩn nghèo đa chiều phân theo dân tộc, thành thị, nông thôn và theo vùng, địa phương",rate_percent,2024,10.07503,old_63,64,Gia Lai
1.2,"Tỷ lệ hộ nghèo theo chuẩn nghèo đa chiều phân theo dân tộc, thành thị, nông thôn và theo vùng, địa phương",rate_percent,2016,15.4,old_63,66,Đắk Lắk
1.2,"Tỷ lệ hộ nghèo theo chuẩn nghèo đa chiều phân theo dân tộc, thành thị, nông thôn và theo vùng, địa phương",rate_percent,2017,13.54,old_63,66,Đắk Lắk
1.2,"Tỷ lệ hộ nghèo theo chuẩn nghèo đa chiều phân theo dân tộc, thành thị, nông thôn và theo vùng, địa phương",rate_percent,2018,10.94,old_63,66,Đắk Lắk
1.2,"Tỷ lệ hộ nghèo theo chuẩn nghèo đa chiều phân theo dân tộc, thành thị, nông thôn và theo vùng, địa phương",rate_percent,2019,9.12,old_63,66,Đắk Lắk
1.2,"Tỷ lệ hộ nghèo theo chuẩn nghèo đa chiều phân theo dân tộc, thành thị, nông thôn và theo vùng, địa phương",rate_percent,2020,7.8058,old_63,66,Đắk Lắk
1.2,"Tỷ lệ hộ nghèo theo chuẩn nghèo đa chiều phân theo dân tộc, thành thị, nông thôn và theo vùng, địa phương",rate_percent,2021,7.026885,old_63,66,Đắk Lắk
1.2,"Tỷ lệ hộ nghèo theo chuẩn nghèo đa chiều phân theo dân tộc, thành thị, nông thôn và theo vùng, địa phương",rate_percent,2022,8.183676,old_63,66,Đắk Lắk
1.2,"Tỷ lệ hộ nghèo theo chuẩn nghèo đa chiều phân theo dân tộc, thành thị, nông thôn và theo vùng, địa phương",rate_percent,2023,7.066988,old_63,66,Đắk Lắk
1.2,"Tỷ lệ hộ nghèo theo chuẩn nghèo đa chiều phân theo dân tộc, thành thị, nông thôn và theo vùng, địa phương",rate_percent,2024,4.747487,old_63,66,Đắk Lắk
1.2,"Tỷ lệ hộ nghèo theo chuẩn nghèo đa chiều phân theo dân tộc, thành thị, nông thôn và theo vùng, địa phương",rate_percent,2016,17.1,old_63,67,Đắk Nông
1.2,"Tỷ lệ hộ nghèo theo chuẩn nghèo đa chiều phân theo dân tộc, thành thị, nông thôn và theo vùng, địa phương",rate_percent,2017,14.82,old_63,67,Đắk Nông
1.2,"Tỷ lệ hộ nghèo theo chuẩn nghèo đa chiều phân theo dân tộc, thành thị, nông thôn và theo vùng, địa phương",rate_percent,2018,12.13,old_63,67,Đắk Nông
1.2,"Tỷ lệ hộ nghèo theo chuẩn nghèo đa chiều phân theo dân tộc, thành thị, nông thôn và theo vùng, địa phương",rate_percent,2019,10.1,old_63,67,Đắk Nông
1.2,"Tỷ lệ hộ nghèo theo chuẩn nghèo đa chiều phân theo dân tộc, thành thị, nông thôn và theo vùng, địa phương",rate_percent,2020,9.0347,old_63,67,Đắk Nông
1.2,"Tỷ lệ hộ nghèo theo chuẩn nghèo đa chiều phân theo dân tộc, thành thị, nông thôn và theo vùng, địa phương",rate_percent,2021,8.227708,old_63,67,Đắk Nông
1.2,"Tỷ lệ hộ nghèo theo chuẩn nghèo đa chiều phân theo dân tộc, thành thị, nông thôn và theo vùng, địa phương",rate_percent,2022,9.735367,old_63,67,Đắk Nông
1.2,"Tỷ lệ hộ nghèo theo chuẩn nghèo đa chiều phân theo dân tộc, thành thị, nông thôn và theo vùng, địa phương",rate_percent,2023,8.739649,old_63,67,Đắk Nông
1.2,"Tỷ lệ hộ nghèo theo chuẩn nghèo đa chiều phân theo dân tộc, thành thị, nông thôn và theo vùng, địa phương",rate_percent,2024,5.997124,old_63,67,Đắk Nông
1.2,"Tỷ lệ hộ nghèo theo chuẩn nghèo đa chiều phân theo dân tộc, thành thị, nông thôn và theo vùng, địa phương",rate_percent,2016,8.1,old_63,68,Lâm Đồng
1.2,"Tỷ lệ hộ nghèo theo chuẩn nghèo đa chiều phân theo dân tộc, thành thị, nông thôn và theo vùng, địa phương",rate_percent,2017,6.93,old_63,68,Lâm Đồng
1.2,"Tỷ lệ hộ nghèo theo chuẩn nghèo đa chiều phân theo dân tộc, thành thị, nông thôn và theo vùng, địa phương",rate_percent,2018,5.84,old_63,68,Lâm Đồng
1.2,"Tỷ lệ hộ nghèo theo chuẩn nghèo đa chiều phân theo dân tộc, thành thị, nông thôn và theo vùng, địa phương",rate_percent,2019,4.84,old_63,68,Lâm Đồng
1.2,"Tỷ lệ hộ nghèo theo chuẩn nghèo đa chiều phân theo dân tộc, thành thị, nông thôn và theo vùng, địa phương",rate_percent,2020,4.0234,old_63,68,Lâm Đồng
1.2,"Tỷ lệ hộ nghèo theo chuẩn nghèo đa chiều phân theo dân tộc, thành thị, nông thôn và theo vùng, địa phương",rate_percent,2021,3.340241,old_63,68,Lâm Đồng
1.2,"Tỷ lệ hộ nghèo theo chuẩn nghèo đa chiều phân theo dân tộc, thành thị, nông thôn và theo vùng, địa phương",rate_percent,2022,3.612646,old_63,68,Lâm Đồng
1.2,"Tỷ lệ hộ nghèo theo chuẩn nghèo đa chiều phân theo dân tộc, thành thị, nông thôn và theo vùng, địa phương",rate_percent,2023,2.907268,old_63,68,Lâm Đồng
1.2,"Tỷ lệ hộ nghèo theo chuẩn nghèo đa chiều phân theo dân tộc, thành thị, nông thôn và theo vùng, địa phương",rate_percent,2024,1.859991,old_63,68,Lâm Đồng
1.2,"Tỷ lệ hộ nghèo theo chuẩn nghèo đa chiều phân theo dân tộc, thành thị, nông thôn và theo vùng, địa phương",rate_percent,2016,6.7,old_63,70,Bình Phước
1.2,"Tỷ lệ hộ nghèo theo chuẩn nghèo đa chiều phân theo dân tộc, thành thị, nông thôn và theo vùng, địa phương",rate_percent,2017,5.99,old_63,70,Bình Phước
1.2,"Tỷ lệ hộ nghèo theo chuẩn nghèo đa chiều phân theo dân tộc, thành thị, nông thôn và theo vùng, địa phương",rate_percent,2018,4.4,old_63,70,Bình Phước
1.2,"Tỷ lệ hộ nghèo theo chuẩn nghèo đa chiều phân theo dân tộc, thành thị, nông thôn và theo vùng, địa phương",rate_percent,2019,3.71,old_63,70,Bình Phước
1.2,"Tỷ lệ hộ nghèo theo chuẩn nghèo đa chiều phân theo dân tộc, thành thị, nông thôn và theo vùng, địa phương",rate_percent,2020,3.0241,old_63,70,Bình Phước
1.2,"Tỷ lệ hộ nghèo theo chuẩn nghèo đa chiều phân theo dân tộc, thành thị, nông thôn và theo vùng, địa phương",rate_percent,2021,2.722716,old_63,70,Bình Phước
1.2,"Tỷ lệ hộ nghèo theo chuẩn nghèo đa chiều phân theo dân tộc, thành thị, nông thôn và theo vùng, địa phương",rate_percent,2022,2.205969,old_63,70,Bình Phước
1.2,"Tỷ lệ hộ nghèo theo chuẩn nghèo đa chiều phân theo dân tộc, thành thị, nông thôn và theo vùng, địa phương",rate_percent,2023,1.729118,old_63,70,Bình Phước
1.2,"Tỷ lệ hộ nghèo theo chuẩn nghèo đa chiều phân theo dân tộc, thành thị, nông thôn và theo vùng, địa phương",rate_percent,2024,1.1889,old_63,70,Bình Phước
1.2,"Tỷ lệ hộ nghèo theo chuẩn nghèo đa chiều phân theo dân tộc, thành thị, nông thôn và theo vùng, địa phương",rate_percent,2016,2.5,old_63,72,Tây Ninh
1.2,"Tỷ lệ hộ nghèo theo chuẩn nghèo đa chiều phân theo dân tộc, thành thị, nông thôn và theo vùng, địa phương",rate_percent,2017,2.22,old_63,72,Tây Ninh
1.2,"Tỷ lệ hộ nghèo theo chuẩn nghèo đa chiều phân theo dân tộc, thành thị, nông thôn và theo vùng, địa phương",rate_percent,2018,1.66,old_63,72,Tây Ninh
1.2,"Tỷ lệ hộ nghèo theo chuẩn nghèo đa chiều phân theo dân tộc, thành thị, nông thôn và theo vùng, địa phương",rate_percent,2019,1.23,old_63,72,Tây Ninh
1.2,"Tỷ lệ hộ nghèo theo chuẩn nghèo đa chiều phân theo dân tộc, thành thị, nông thôn và theo vùng, địa phương",rate_percent,2020,1.0805,old_63,72,Tây Ninh
1.2,"Tỷ lệ hộ nghèo theo chuẩn nghèo đa chiều phân theo dân tộc, thành thị, nông thôn và theo vùng, địa phương",rate_percent,2021,0.8400728,old_63,72,Tây Ninh
1.2,"Tỷ lệ hộ nghèo theo chuẩn nghèo đa chiều phân theo dân tộc, thành thị, nông thôn và theo vùng, địa phương",rate_percent,2022,1.233235,old_63,72,Tây Ninh
1.2,"Tỷ lệ hộ nghèo theo chuẩn nghèo đa chiều phân theo dân tộc, thành thị, nông thôn và theo vùng, địa phương",rate_percent,2023,0.7538991,old_63,72,Tây Ninh
1.2,"Tỷ lệ hộ nghèo theo chuẩn nghèo đa chiều phân theo dân tộc, thành thị, nông thôn và theo vùng, địa phương",rate_percent,2024,0.5455898,old_63,72,Tây Ninh
1.2,"Tỷ lệ hộ nghèo theo chuẩn nghèo đa chiều phân theo dân tộc, thành thị, nông thôn và theo vùng, địa phương",rate_percent,2016,1.1,old_63,74,Bình Dương
1.2,"Tỷ lệ hộ nghèo theo chuẩn nghèo đa chiều phân theo dân tộc, thành thị, nông thôn và theo vùng, địa phương",rate_percent,2017,0.87,old_63,74,Bình Dương
1.2,"Tỷ lệ hộ nghèo theo chuẩn nghèo đa chiều phân theo dân tộc, thành thị, nông thôn và theo vùng, địa phương",rate_percent,2018,0.73,old_63,74,Bình Dương
1.2,"Tỷ lệ hộ nghèo theo chuẩn nghèo đa chiều phân theo dân tộc, thành thị, nông thôn và theo vùng, địa phương",rate_percent,2019,0.56,old_63,74,Bình Dương
1.2,"Tỷ lệ hộ nghèo theo chuẩn nghèo đa chiều phân theo dân tộc, thành thị, nông thôn và theo vùng, địa phương",rate_percent,2020,0.1185,old_63,74,Bình Dương
1.2,"Tỷ lệ hộ nghèo theo chuẩn nghèo đa chiều phân theo dân tộc, thành thị, nông thôn và theo vùng, địa phương",rate_percent,2021,0,old_63,74,Bình Dương
1.2,"Tỷ lệ hộ nghèo theo chuẩn nghèo đa chiều phân theo dân tộc, thành thị, nông thôn và theo vùng, địa phương",rate_percent,2022,0.1213448,old_63,74,Bình Dương
1.2,"Tỷ lệ hộ nghèo theo chuẩn nghèo đa chiều phân theo dân tộc, thành thị, nông thôn và theo vùng, địa phương",rate_percent,2023,0.1253109,old_63,74,Bình Dương
1.2,"Tỷ lệ hộ nghèo theo chuẩn nghèo đa chiều phân theo dân tộc, thành thị, nông thôn và theo vùng, địa phương",rate_percent,2024,0.1160834,old_63,74,Bình Dương
1.2,"Tỷ lệ hộ nghèo theo chuẩn nghèo đa chiều phân theo dân tộc, thành thị, nông thôn và theo vùng, địa phương",rate_percent,2016,0.8,old_63,75,Đồng Nai
1.2,"Tỷ lệ hộ nghèo theo chuẩn nghèo đa chiều phân theo dân tộc, thành thị, nông thôn và theo vùng, địa phương",rate_percent,2017,0.72,old_63,75,Đồng Nai
1.2,"Tỷ lệ hộ nghèo theo chuẩn nghèo đa chiều phân theo dân tộc, thành thị, nông thôn và theo vùng, địa phương",rate_percent,2018,0.47,old_63,75,Đồng Nai
1.2,"Tỷ lệ hộ nghèo theo chuẩn nghèo đa chiều phân theo dân tộc, thành thị, nông thôn và theo vùng, địa phương",rate_percent,2019,0.28,old_63,75,Đồng Nai
1.2,"Tỷ lệ hộ nghèo theo chuẩn nghèo đa chiều phân theo dân tộc, thành thị, nông thôn và theo vùng, địa phương",rate_percent,2020,0.2542,old_63,75,Đồng Nai
1.2,"Tỷ lệ hộ nghèo theo chuẩn nghèo đa chiều phân theo dân tộc, thành thị, nông thôn và theo vùng, địa phương",rate_percent,2021,0.3040322,old_63,75,Đồng Nai
1.2,"Tỷ lệ hộ nghèo theo chuẩn nghèo đa chiều phân theo dân tộc, thành thị, nông thôn và theo vùng, địa phương",rate_percent,2022,0.6828828,old_63,75,Đồng Nai
1.2,"Tỷ lệ hộ nghèo theo chuẩn nghèo đa chiều phân theo dân tộc, thành thị, nông thôn và theo vùng, địa phương",rate_percent,2023,0.4931797,old_63,75,Đồng Nai
1.2,"Tỷ lệ hộ nghèo theo chuẩn nghèo đa chiều phân theo dân tộc, thành thị, nông thôn và theo vùng, địa phương",rate_percent,2024,0.2711893,old_63,75,Đồng Nai
1.2,"Tỷ lệ hộ nghèo theo chuẩn nghèo đa chiều phân theo dân tộc, thành thị, nông thôn và theo vùng, địa phương",rate_percent,2016,1.3,old_63,77,Bà Rịa - Vũng Tàu
1.2,"Tỷ lệ hộ nghèo theo chuẩn nghèo đa chiều phân theo dân tộc, thành thị, nông thôn và theo vùng, địa phương",rate_percent,2017,1.14,old_63,77,Bà Rịa - Vũng Tàu
1.2,"Tỷ lệ hộ nghèo theo chuẩn nghèo đa chiều phân theo dân tộc, thành thị, nông thôn và theo vùng, địa phương",rate_percent,2018,0.92,old_63,77,Bà Rịa - Vũng Tàu
1.2,"Tỷ lệ hộ nghèo theo chuẩn nghèo đa chiều phân theo dân tộc, thành thị, nông thôn và theo vùng, địa phương",rate_percent,2019,0.71,old_63,77,Bà Rịa - Vũng Tàu
1.2,"Tỷ lệ hộ nghèo theo chuẩn nghèo đa chiều phân theo dân tộc, thành thị, nông thôn và theo vùng, địa phương",rate_percent,2020,0.4712,old_63,77,Bà Rịa - Vũng Tàu
1.2,"Tỷ lệ hộ nghèo theo chuẩn nghèo đa chiều phân theo dân tộc, thành thị, nông thôn và theo vùng, địa phương",rate_percent,2021,0.2282725,old_63,77,Bà Rịa - Vũng Tàu
1.2,"Tỷ lệ hộ nghèo theo chuẩn nghèo đa chiều phân theo dân tộc, thành thị, nông thôn và theo vùng, địa phương",rate_percent,2022,0.823562,old_63,77,Bà Rịa - Vũng Tàu
1.2,"Tỷ lệ hộ nghèo theo chuẩn nghèo đa chiều phân theo dân tộc, thành thị, nông thôn và theo vùng, địa phương",rate_percent,2023,0.5966041,old_63,77,Bà Rịa - Vũng Tàu
1.2,"Tỷ lệ hộ nghèo theo chuẩn nghèo đa chiều phân theo dân tộc, thành thị, nông thôn và theo vùng, địa phương",rate_percent,2024,0.4321144,old_63,77,Bà Rịa - Vũng Tàu
1.2,"Tỷ lệ hộ nghèo theo chuẩn nghèo đa chiều phân theo dân tộc, thành thị, nông thôn và theo vùng, địa phương",rate_percent,2016,0.2,old_63,79,TP. Hồ Chí Minh
1.2,"Tỷ lệ hộ nghèo theo chuẩn nghèo đa chiều phân theo dân tộc, thành thị, nông thôn và theo vùng, địa phương",rate_percent,2017,0.1,old_63,79,TP. Hồ Chí Minh
1.2,"Tỷ lệ hộ nghèo theo chuẩn nghèo đa chiều phân theo dân tộc, thành thị, nông thôn và theo vùng, địa phương",rate_percent,2018,0.11,old_63,79,TP. Hồ Chí Minh
1.2,"Tỷ lệ hộ nghèo theo chuẩn nghèo đa chiều phân theo dân tộc, thành thị, nông thôn và theo vùng, địa phương",rate_percent,2019,0.09,old_63,79,TP. Hồ Chí Minh
1.2,"Tỷ lệ hộ nghèo theo chuẩn nghèo đa chiều phân theo dân tộc, thành thị, nông thôn và theo vùng, địa phương",rate_percent,2020,0,old_63,79,TP. Hồ Chí Minh
1.2,"Tỷ lệ hộ nghèo theo chuẩn nghèo đa chiều phân theo dân tộc, thành thị, nông thôn và theo vùng, địa phương",rate_percent,2021,0,old_63,79,TP. Hồ Chí Minh
1.2,"Tỷ lệ hộ nghèo theo chuẩn nghèo đa chiều phân theo dân tộc, thành thị, nông thôn và theo vùng, địa phương",rate_percent,2022,0,old_63,79,TP. Hồ Chí Minh
1.2,"Tỷ lệ hộ nghèo theo chuẩn nghèo đa chiều phân theo dân tộc, thành thị, nông thôn và theo vùng, địa phương",rate_percent,2023,0,old_63,79,TP. Hồ Chí Minh
1.2,"Tỷ lệ hộ nghèo theo chuẩn nghèo đa chiều phân theo dân tộc, thành thị, nông thôn và theo vùng, địa phương",rate_percent,2024,0,old_63,79,TP. Hồ Chí Minh
1.2,"Tỷ lệ hộ nghèo theo chuẩn nghèo đa chiều phân theo dân tộc, thành thị, nông thôn và theo vùng, địa phương",rate_percent,2016,4.8,old_63,80,Long An
1.2,"Tỷ lệ hộ nghèo theo chuẩn nghèo đa chiều phân theo dân tộc, thành thị, nông thôn và theo vùng, địa phương",rate_percent,2017,4.03,old_63,80,Long An
1.2,"Tỷ lệ hộ nghèo theo chuẩn nghèo đa chiều phân theo dân tộc, thành thị, nông thôn và theo vùng, địa phương",rate_percent,2018,2.87,old_63,80,Long An
1.2,"Tỷ lệ hộ nghèo theo chuẩn nghèo đa chiều phân theo dân tộc, thành thị, nông thôn và theo vùng, địa phương",rate_percent,2019,2.46,old_63,80,Long An
1.2,"Tỷ lệ hộ nghèo theo chuẩn nghèo đa chiều phân theo dân tộc, thành thị, nông thôn và theo vùng, địa phương",rate_percent,2020,1.9956,old_63,80,Long An
1.2,"Tỷ lệ hộ nghèo theo chuẩn nghèo đa chiều phân theo dân tộc, thành thị, nông thôn và theo vùng, địa phương",rate_percent,2021,1.695573,old_63,80,Long An
1.2,"Tỷ lệ hộ nghèo theo chuẩn nghèo đa chiều phân theo dân tộc, thành thị, nông thôn và theo vùng, địa phương",rate_percent,2022,2.287714,old_63,80,Long An
1.2,"Tỷ lệ hộ nghèo theo chuẩn nghèo đa chiều phân theo dân tộc, thành thị, nông thôn và theo vùng, địa phương",rate_percent,2023,1.703967,old_63,80,Long An
1.2,"Tỷ lệ hộ nghèo theo chuẩn nghèo đa chiều phân theo dân tộc, thành thị, nông thôn và theo vùng, địa phương",rate_percent,2024,1.171193,old_63,80,Long An
1.2,"Tỷ lệ hộ nghèo theo chuẩn nghèo đa chiều phân theo dân tộc, thành thị, nông thôn và theo vùng, địa phương",rate_percent,2016,5.7,old_63,82,Tiền Giang
1.2,"Tỷ lệ hộ nghèo theo chuẩn nghèo đa chiều phân theo dân tộc, thành thị, nông thôn và theo vùng, địa phương",rate_percent,2017,4.65,old_63,82,Tiền Giang
1.2,"Tỷ lệ hộ nghèo theo chuẩn nghèo đa chiều phân theo dân tộc, thành thị, nông thôn và theo vùng, địa phương",rate_percent,2018,3.17,old_63,82,Tiền Giang
1.2,"Tỷ lệ hộ nghèo theo chuẩn nghèo đa chiều phân theo dân tộc, thành thị, nông thôn và theo vùng, địa phương",rate_percent,2019,2.61,old_63,82,Tiền Giang
1.2,"Tỷ lệ hộ nghèo theo chuẩn nghèo đa chiều phân theo dân tộc, thành thị, nông thôn và theo vùng, địa phương",rate_percent,2020,2.0107,old_63,82,Tiền Giang
1.2,"Tỷ lệ hộ nghèo theo chuẩn nghèo đa chiều phân theo dân tộc, thành thị, nông thôn và theo vùng, địa phương",rate_percent,2021,1.702702,old_63,82,Tiền Giang
1.2,"Tỷ lệ hộ nghèo theo chuẩn nghèo đa chiều phân theo dân tộc, thành thị, nông thôn và theo vùng, địa phương",rate_percent,2022,2.260601,old_63,82,Tiền Giang
1.2,"Tỷ lệ hộ nghèo theo chuẩn nghèo đa chiều phân theo dân tộc, thành thị, nông thôn và theo vùng, địa phương",rate_percent,2023,1.119481,old_63,82,Tiền Giang
1.2,"Tỷ lệ hộ nghèo theo chuẩn nghèo đa chiều phân theo dân tộc, thành thị, nông thôn và theo vùng, địa phương",rate_percent,2024,0.7178686,old_63,82,Tiền Giang
1.2,"Tỷ lệ hộ nghèo theo chuẩn nghèo đa chiều phân theo dân tộc, thành thị, nông thôn và theo vùng, địa phương",rate_percent,2016,10.1,old_63,83,Bến Tre
1.2,"Tỷ lệ hộ nghèo theo chuẩn nghèo đa chiều phân theo dân tộc, thành thị, nông thôn và theo vùng, địa phương",rate_percent,2017,8.65,old_63,83,Bến Tre
1.2,"Tỷ lệ hộ nghèo theo chuẩn nghèo đa chiều phân theo dân tộc, thành thị, nông thôn và theo vùng, địa phương",rate_percent,2018,6.71,old_63,83,Bến Tre
1.2,"Tỷ lệ hộ nghèo theo chuẩn nghèo đa chiều phân theo dân tộc, thành thị, nông thôn và theo vùng, địa phương",rate_percent,2019,5.59,old_63,83,Bến Tre
1.2,"Tỷ lệ hộ nghèo theo chuẩn nghèo đa chiều phân theo dân tộc, thành thị, nông thôn và theo vùng, địa phương",rate_percent,2020,4.9612,old_63,83,Bến Tre
1.2,"Tỷ lệ hộ nghèo theo chuẩn nghèo đa chiều phân theo dân tộc, thành thị, nông thôn và theo vùng, địa phương",rate_percent,2021,4.589758,old_63,83,Bến Tre
1.2,"Tỷ lệ hộ nghèo theo chuẩn nghèo đa chiều phân theo dân tộc, thành thị, nông thôn và theo vùng, địa phương",rate_percent,2022,3.85336,old_63,83,Bến Tre
1.2,"Tỷ lệ hộ nghèo theo chuẩn nghèo đa chiều phân theo dân tộc, thành thị, nông thôn và theo vùng, địa phương",rate_percent,2023,2.422032,old_63,83,Bến Tre
1.2,"Tỷ lệ hộ nghèo theo chuẩn nghèo đa chiều phân theo dân tộc, thành thị, nông thôn và theo vùng, địa phương",rate_percent,2024,1.689511,old_63,83,Bến Tre
1.2,"Tỷ lệ hộ nghèo theo chuẩn nghèo đa chiều phân theo dân tộc, thành thị, nông thôn và theo vùng, địa phương",rate_percent,2016,13.9,old_63,84,Trà Vinh
1.2,"Tỷ lệ hộ nghèo theo chuẩn nghèo đa chiều phân theo dân tộc, thành thị, nông thôn và theo vùng, địa phương",rate_percent,2017,12,old_63,84,Trà Vinh
1.2,"Tỷ lệ hộ nghèo theo chuẩn nghèo đa chiều phân theo dân tộc, thành thị, nông thôn và theo vùng, địa phương",rate_percent,2018,9.9,old_63,84,Trà Vinh
1.2,"Tỷ lệ hộ nghèo theo chuẩn nghèo đa chiều phân theo dân tộc, thành thị, nông thôn và theo vùng, địa phương",rate_percent,2019,8.36,old_63,84,Trà Vinh
1.2,"Tỷ lệ hộ nghèo theo chuẩn nghèo đa chiều phân theo dân tộc, thành thị, nông thôn và theo vùng, địa phương",rate_percent,2020,7.3978,old_63,84,Trà Vinh
1.2,"Tỷ lệ hộ nghèo theo chuẩn nghèo đa chiều phân theo dân tộc, thành thị, nông thôn và theo vùng, địa phương",rate_percent,2021,6.554464,old_63,84,Trà Vinh
1.2,"Tỷ lệ hộ nghèo theo chuẩn nghèo đa chiều phân theo dân tộc, thành thị, nông thôn và theo vùng, địa phương",rate_percent,2022,7.043553,old_63,84,Trà Vinh
1.2,"Tỷ lệ hộ nghèo theo chuẩn nghèo đa chiều phân theo dân tộc, thành thị, nông thôn và theo vùng, địa phương",rate_percent,2023,6.043679,old_63,84,Trà Vinh
1.2,"Tỷ lệ hộ nghèo theo chuẩn nghèo đa chiều phân theo dân tộc, thành thị, nông thôn và theo vùng, địa phương",rate_percent,2024,4.000466,old_63,84,Trà Vinh
1.2,"Tỷ lệ hộ nghèo theo chuẩn nghèo đa chiều phân theo dân tộc, thành thị, nông thôn và theo vùng, địa phương",rate_percent,2016,9.3,old_63,86,Vĩnh Long
1.2,"Tỷ lệ hộ nghèo theo chuẩn nghèo đa chiều phân theo dân tộc, thành thị, nông thôn và theo vùng, địa phương",rate_percent,2017,7.94,old_63,86,Vĩnh Long
1.2,"Tỷ lệ hộ nghèo theo chuẩn nghèo đa chiều phân theo dân tộc, thành thị, nông thôn và theo vùng, địa phương",rate_percent,2018,6.54,old_63,86,Vĩnh Long
1.2,"Tỷ lệ hộ nghèo theo chuẩn nghèo đa chiều phân theo dân tộc, thành thị, nông thôn và theo vùng, địa phương",rate_percent,2019,5.76,old_63,86,Vĩnh Long
1.2,"Tỷ lệ hộ nghèo theo chuẩn nghèo đa chiều phân theo dân tộc, thành thị, nông thôn và theo vùng, địa phương",rate_percent,2020,5.0744,old_63,86,Vĩnh Long
1.2,"Tỷ lệ hộ nghèo theo chuẩn nghèo đa chiều phân theo dân tộc, thành thị, nông thôn và theo vùng, địa phương",rate_percent,2021,4.561197,old_63,86,Vĩnh Long
1.2,"Tỷ lệ hộ nghèo theo chuẩn nghèo đa chiều phân theo dân tộc, thành thị, nông thôn và theo vùng, địa phương",rate_percent,2022,3.546717,old_63,86,Vĩnh Long
1.2,"Tỷ lệ hộ nghèo theo chuẩn nghèo đa chiều phân theo dân tộc, thành thị, nông thôn và theo vùng, địa phương",rate_percent,2023,2.574772,old_63,86,Vĩnh Long
1.2,"Tỷ lệ hộ nghèo theo chuẩn nghèo đa chiều phân theo dân tộc, thành thị, nông thôn và theo vùng, địa phương",rate_percent,2024,1.829083,old_63,86,Vĩnh Long
1.2,"Tỷ lệ hộ nghèo theo chuẩn nghèo đa chiều phân theo dân tộc, thành thị, nông thôn và theo vùng, địa phương",rate_percent,2016,8,old_63,87,Đồng Tháp
1.2,"Tỷ lệ hộ nghèo theo chuẩn nghèo đa chiều phân theo dân tộc, thành thị, nông thôn và theo vùng, địa phương",rate_percent,2017,6.87,old_63,87,Đồng Tháp
1.2,"Tỷ lệ hộ nghèo theo chuẩn nghèo đa chiều phân theo dân tộc, thành thị, nông thôn và theo vùng, địa phương",rate_percent,2018,5.63,old_63,87,Đồng Tháp
1.2,"Tỷ lệ hộ nghèo theo chuẩn nghèo đa chiều phân theo dân tộc, thành thị, nông thôn và theo vùng, địa phương",rate_percent,2019,4.66,old_63,87,Đồng Tháp
1.2,"Tỷ lệ hộ nghèo theo chuẩn nghèo đa chiều phân theo dân tộc, thành thị, nông thôn và theo vùng, địa phương",rate_percent,2020,4.0197,old_63,87,Đồng Tháp
1.2,"Tỷ lệ hộ nghèo theo chuẩn nghèo đa chiều phân theo dân tộc, thành thị, nông thôn và theo vùng, địa phương",rate_percent,2021,3.721357,old_63,87,Đồng Tháp
1.2,"Tỷ lệ hộ nghèo theo chuẩn nghèo đa chiều phân theo dân tộc, thành thị, nông thôn và theo vùng, địa phương",rate_percent,2022,3.113071,old_63,87,Đồng Tháp
1.2,"Tỷ lệ hộ nghèo theo chuẩn nghèo đa chiều phân theo dân tộc, thành thị, nông thôn và theo vùng, địa phương",rate_percent,2023,2.201527,old_63,87,Đồng Tháp
1.2,"Tỷ lệ hộ nghèo theo chuẩn nghèo đa chiều phân theo dân tộc, thành thị, nông thôn và theo vùng, địa phương",rate_percent,2024,1.436529,old_63,87,Đồng Tháp
1.2,"Tỷ lệ hộ nghèo theo chuẩn nghèo đa chiều phân theo dân tộc, thành thị, nông thôn và theo vùng, địa phương",rate_percent,2016,7.6,old_63,89,An Giang
1.2,"Tỷ lệ hộ nghèo theo chuẩn nghèo đa chiều phân theo dân tộc, thành thị, nông thôn và theo vùng, địa phương",rate_percent,2017,6.76,old_63,89,An Giang
1.2,"Tỷ lệ hộ nghèo theo chuẩn nghèo đa chiều phân theo dân tộc, thành thị, nông thôn và theo vùng, địa phương",rate_percent,2018,5.7,old_63,89,An Giang
1.2,"Tỷ lệ hộ nghèo theo chuẩn nghèo đa chiều phân theo dân tộc, thành thị, nông thôn và theo vùng, địa phương",rate_percent,2019,4.91,old_63,89,An Giang
1.2,"Tỷ lệ hộ nghèo theo chuẩn nghèo đa chiều phân theo dân tộc, thành thị, nông thôn và theo vùng, địa phương",rate_percent,2020,3.9834,old_63,89,An Giang
1.2,"Tỷ lệ hộ nghèo theo chuẩn nghèo đa chiều phân theo dân tộc, thành thị, nông thôn và theo vùng, địa phương",rate_percent,2021,3.507377,old_63,89,An Giang
1.2,"Tỷ lệ hộ nghèo theo chuẩn nghèo đa chiều phân theo dân tộc, thành thị, nông thôn và theo vùng, địa phương",rate_percent,2022,4.63675,old_63,89,An Giang
1.2,"Tỷ lệ hộ nghèo theo chuẩn nghèo đa chiều phân theo dân tộc, thành thị, nông thôn và theo vùng, địa phương",rate_percent,2023,3.712104,old_63,89,An Giang
1.2,"Tỷ lệ hộ nghèo theo chuẩn nghèo đa chiều phân theo dân tộc, thành thị, nông thôn và theo vùng, địa phương",rate_percent,2024,2.526228,old_63,89,An Giang
1.2,"Tỷ lệ hộ nghèo theo chuẩn nghèo đa chiều phân theo dân tộc, thành thị, nông thôn và theo vùng, địa phương",rate_percent,2016,8.2,old_63,91,Kiên Giang
1.2,"Tỷ lệ hộ nghèo theo chuẩn nghèo đa chiều phân theo dân tộc, thành thị, nông thôn và theo vùng, địa phương",rate_percent,2017,7.13,old_63,91,Kiên Giang
1.2,"Tỷ lệ hộ nghèo theo chuẩn nghèo đa chiều phân theo dân tộc, thành thị, nông thôn và theo vùng, địa phương",rate_percent,2018,5.79,old_63,91,Kiên Giang
1.2,"Tỷ lệ hộ nghèo theo chuẩn nghèo đa chiều phân theo dân tộc, thành thị, nông thôn và theo vùng, địa phương",rate_percent,2019,4.76,old_63,91,Kiên Giang
1.2,"Tỷ lệ hộ nghèo theo chuẩn nghèo đa chiều phân theo dân tộc, thành thị, nông thôn và theo vùng, địa phương",rate_percent,2020,4.0765,old_63,91,Kiên Giang
1.2,"Tỷ lệ hộ nghèo theo chuẩn nghèo đa chiều phân theo dân tộc, thành thị, nông thôn và theo vùng, địa phương",rate_percent,2021,3.607285,old_63,91,Kiên Giang
1.2,"Tỷ lệ hộ nghèo theo chuẩn nghèo đa chiều phân theo dân tộc, thành thị, nông thôn và theo vùng, địa phương",rate_percent,2022,4.087994,old_63,91,Kiên Giang
1.2,"Tỷ lệ hộ nghèo theo chuẩn nghèo đa chiều phân theo dân tộc, thành thị, nông thôn và theo vùng, địa phương",rate_percent,2023,3.382511,old_63,91,Kiên Giang
1.2,"Tỷ lệ hộ nghèo theo chuẩn nghèo đa chiều phân theo dân tộc, thành thị, nông thôn và theo vùng, địa phương",rate_percent,2024,2.236778,old_63,91,Kiên Giang
1.2,"Tỷ lệ hộ nghèo theo chuẩn nghèo đa chiều phân theo dân tộc, thành thị, nông thôn và theo vùng, địa phương",rate_percent,2016,4.6,old_63,92,Cần Thơ
1.2,"Tỷ lệ hộ nghèo theo chuẩn nghèo đa chiều phân theo dân tộc, thành thị, nông thôn và theo vùng, địa phương",rate_percent,2017,3.87,old_63,92,Cần Thơ
1.2,"Tỷ lệ hộ nghèo theo chuẩn nghèo đa chiều phân theo dân tộc, thành thị, nông thôn và theo vùng, địa phương",rate_percent,2018,2.74,old_63,92,Cần Thơ
1.2,"Tỷ lệ hộ nghèo theo chuẩn nghèo đa chiều phân theo dân tộc, thành thị, nông thôn và theo vùng, địa phương",rate_percent,2019,2.15,old_63,92,Cần Thơ
1.2,"Tỷ lệ hộ nghèo theo chuẩn nghèo đa chiều phân theo dân tộc, thành thị, nông thôn và theo vùng, địa phương",rate_percent,2020,1.976,old_63,92,Cần Thơ
1.2,"Tỷ lệ hộ nghèo theo chuẩn nghèo đa chiều phân theo dân tộc, thành thị, nông thôn và theo vùng, địa phương",rate_percent,2021,1.796285,old_63,92,Cần Thơ
1.2,"Tỷ lệ hộ nghèo theo chuẩn nghèo đa chiều phân theo dân tộc, thành thị, nông thôn và theo vùng, địa phương",rate_percent,2022,1.005958,old_63,92,Cần Thơ
1.2,"Tỷ lệ hộ nghèo theo chuẩn nghèo đa chiều phân theo dân tộc, thành thị, nông thôn và theo vùng, địa phương",rate_percent,2023,0.8728522,old_63,92,Cần Thơ
1.2,"Tỷ lệ hộ nghèo theo chuẩn nghèo đa chiều phân theo dân tộc, thành thị, nông thôn và theo vùng, địa phương",rate_percent,2024,0.6012237,old_63,92,Cần Thơ
1.2,"Tỷ lệ hộ nghèo theo chuẩn nghèo đa chiều phân theo dân tộc, thành thị, nông thôn và theo vùng, địa phương",rate_percent,2016,10.7,old_63,93,Hậu Giang
1.2,"Tỷ lệ hộ nghèo theo chuẩn nghèo đa chiều phân theo dân tộc, thành thị, nông thôn và theo vùng, địa phương",rate_percent,2017,9.35,old_63,93,Hậu Giang
1.2,"Tỷ lệ hộ nghèo theo chuẩn nghèo đa chiều phân theo dân tộc, thành thị, nông thôn và theo vùng, địa phương",rate_percent,2018,7.33,old_63,93,Hậu Giang
1.2,"Tỷ lệ hộ nghèo theo chuẩn nghèo đa chiều phân theo dân tộc, thành thị, nông thôn và theo vùng, địa phương",rate_percent,2019,6.15,old_63,93,Hậu Giang
1.2,"Tỷ lệ hộ nghèo theo chuẩn nghèo đa chiều phân theo dân tộc, thành thị, nông thôn và theo vùng, địa phương",rate_percent,2020,5.599,old_63,93,Hậu Giang
1.2,"Tỷ lệ hộ nghèo theo chuẩn nghèo đa chiều phân theo dân tộc, thành thị, nông thôn và theo vùng, địa phương",rate_percent,2021,5.243556,old_63,93,Hậu Giang
1.2,"Tỷ lệ hộ nghèo theo chuẩn nghèo đa chiều phân theo dân tộc, thành thị, nông thôn và theo vùng, địa phương",rate_percent,2022,5.301291,old_63,93,Hậu Giang
1.2,"Tỷ lệ hộ nghèo theo chuẩn nghèo đa chiều phân theo dân tộc, thành thị, nông thôn và theo vùng, địa phương",rate_percent,2023,3.875277,old_63,93,Hậu Giang
1.2,"Tỷ lệ hộ nghèo theo chuẩn nghèo đa chiều phân theo dân tộc, thành thị, nông thôn và theo vùng, địa phương",rate_percent,2024,2.809677,old_63,93,Hậu Giang
1.2,"Tỷ lệ hộ nghèo theo chuẩn nghèo đa chiều phân theo dân tộc, thành thị, nông thôn và theo vùng, địa phương",rate_percent,2016,10.2,old_63,94,Sóc Trăng
1.2,"Tỷ lệ hộ nghèo theo chuẩn nghèo đa chiều phân theo dân tộc, thành thị, nông thôn và theo vùng, địa phương",rate_percent,2017,8.7,old_63,94,Sóc Trăng
1.2,"Tỷ lệ hộ nghèo theo chuẩn nghèo đa chiều phân theo dân tộc, thành thị, nông thôn và theo vùng, địa phương",rate_percent,2018,6.72,old_63,94,Sóc Trăng
1.2,"Tỷ lệ hộ nghèo theo chuẩn nghèo đa chiều phân theo dân tộc, thành thị, nông thôn và theo vùng, địa phương",rate_percent,2019,5.64,old_63,94,Sóc Trăng
1.2,"Tỷ lệ hộ nghèo theo chuẩn nghèo đa chiều phân theo dân tộc, thành thị, nông thôn và theo vùng, địa phương",rate_percent,2020,4.9784,old_63,94,Sóc Trăng
1.2,"Tỷ lệ hộ nghèo theo chuẩn nghèo đa chiều phân theo dân tộc, thành thị, nông thôn và theo vùng, địa phương",rate_percent,2021,4.689761,old_63,94,Sóc Trăng
1.2,"Tỷ lệ hộ nghèo theo chuẩn nghèo đa chiều phân theo dân tộc, thành thị, nông thôn và theo vùng, địa phương",rate_percent,2022,6.108231,old_63,94,Sóc Trăng
1.2,"Tỷ lệ hộ nghèo theo chuẩn nghèo đa chiều phân theo dân tộc, thành thị, nông thôn và theo vùng, địa phương",rate_percent,2023,4.954408,old_63,94,Sóc Trăng
1.2,"Tỷ lệ hộ nghèo theo chuẩn nghèo đa chiều phân theo dân tộc, thành thị, nông thôn và theo vùng, địa phương",rate_percent,2024,3.432855,old_63,94,Sóc Trăng
1.2,"Tỷ lệ hộ nghèo theo chuẩn nghèo đa chiều phân theo dân tộc, thành thị, nông thôn và theo vùng, địa phương",rate_percent,2016,13.3,old_63,95,Bạc Liêu
1.2,"Tỷ lệ hộ nghèo theo chuẩn nghèo đa chiều phân theo dân tộc, thành thị, nông thôn và theo vùng, địa phương",rate_percent,2017,11.46,old_63,95,Bạc Liêu
1.2,"Tỷ lệ hộ nghèo theo chuẩn nghèo đa chiều phân theo dân tộc, thành thị, nông thôn và theo vùng, địa phương",rate_percent,2018,9.37,old_63,95,Bạc Liêu
1.2,"Tỷ lệ hộ nghèo theo chuẩn nghèo đa chiều phân theo dân tộc, thành thị, nông thôn và theo vùng, địa phương",rate_percent,2019,7.88,old_63,95,Bạc Liêu
1.2,"Tỷ lệ hộ nghèo theo chuẩn nghèo đa chiều phân theo dân tộc, thành thị, nông thôn và theo vùng, địa phương",rate_percent,2020,6.6718,old_63,95,Bạc Liêu
1.2,"Tỷ lệ hộ nghèo theo chuẩn nghèo đa chiều phân theo dân tộc, thành thị, nông thôn và theo vùng, địa phương",rate_percent,2021,5.812,old_63,95,Bạc Liêu
1.2,"Tỷ lệ hộ nghèo theo chuẩn nghèo đa chiều phân theo dân tộc, thành thị, nông thôn và theo vùng, địa phương",rate_percent,2022,5.235635,old_63,95,Bạc Liêu
1.2,"Tỷ lệ hộ nghèo theo chuẩn nghèo đa chiều phân theo dân tộc, thành thị, nông thôn và theo vùng, địa phương",rate_percent,2023,4.290582,old_63,95,Bạc Liêu
1.2,"Tỷ lệ hộ nghèo theo chuẩn nghèo đa chiều phân theo dân tộc, thành thị, nông thôn và theo vùng, địa phương",rate_percent,2024,2.858533,old_63,95,Bạc Liêu
1.2,"Tỷ lệ hộ nghèo theo chuẩn nghèo đa chiều phân theo dân tộc, thành thị, nông thôn và theo vùng, địa phương",rate_percent,2016,11.9,old_63,96,Cà Mau
1.2,"Tỷ lệ hộ nghèo theo chuẩn nghèo đa chiều phân theo dân tộc, thành thị, nông thôn và theo vùng, địa phương",rate_percent,2017,10.14,old_63,96,Cà Mau
1.2,"Tỷ lệ hộ nghèo theo chuẩn nghèo đa chiều phân theo dân tộc, thành thị, nông thôn và theo vùng, địa phương",rate_percent,2018,8.25,old_63,96,Cà Mau
1.2,"Tỷ lệ hộ nghèo theo chuẩn nghèo đa chiều phân theo dân tộc, thành thị, nông thôn và theo vùng, địa phương",rate_percent,2019,6.88,old_63,96,Cà Mau
1.2,"Tỷ lệ hộ nghèo theo chuẩn nghèo đa chiều phân theo dân tộc, thành thị, nông thôn và theo vùng, địa phương",rate_percent,2020,5.9179,old_63,96,Cà Mau
1.2,"Tỷ lệ hộ nghèo theo chuẩn nghèo đa chiều phân theo dân tộc, thành thị, nông thôn và theo vùng, địa phương",rate_percent,2021,5.217349,old_63,96,Cà Mau
1.2,"Tỷ lệ hộ nghèo theo chuẩn nghèo đa chiều phân theo dân tộc, thành thị, nông thôn và theo vùng, địa phương",rate_percent,2022,6.383558,old_63,96,Cà Mau
1.2,"Tỷ lệ hộ nghèo theo chuẩn nghèo đa chiều phân theo dân tộc, thành thị, nông thôn và theo vùng, địa phương",rate_percent,2023,5.24553,old_63,96,Cà Mau
1.2,"Tỷ lệ hộ nghèo theo chuẩn nghèo đa chiều phân theo dân tộc, thành thị, nông thôn và theo vùng, địa phương",rate_percent,2024,3.537795,old_63,96,Cà Mau
1.2.M,"Tỷ lệ hộ nghèo theo chuẩn nghèo đa chiều phân theo dân tộc, thành thị, nông thôn và theo vùng, địa phương",rate_percent,2016,1.4,new_34,1,Hà Nội
1.2.M,"Tỷ lệ hộ nghèo theo chuẩn nghèo đa chiều phân theo dân tộc, thành thị, nông thôn và theo vùng, địa phương",rate_percent,2017,1.3,new_34,1,Hà Nội
1.2.M,"Tỷ lệ hộ nghèo theo chuẩn nghèo đa chiều phân theo dân tộc, thành thị, nông thôn và theo vùng, địa phương",rate_percent,2018,0.88,new_34,1,Hà Nội
1.2.M,"Tỷ lệ hộ nghèo theo chuẩn nghèo đa chiều phân theo dân tộc, thành thị, nông thôn và theo vùng, địa phương",rate_percent,2019,0.71,new_34,1,Hà Nội
1.2.M,"Tỷ lệ hộ nghèo theo chuẩn nghèo đa chiều phân theo dân tộc, thành thị, nông thôn và theo vùng, địa phương",rate_percent,2020,0.4904,new_34,1,Hà Nội
1.2.M,"Tỷ lệ hộ nghèo theo chuẩn nghèo đa chiều phân theo dân tộc, thành thị, nông thôn và theo vùng, địa phương",rate_percent,2021,0.4235303,new_34,1,Hà Nội
1.2.M,"Tỷ lệ hộ nghèo theo chuẩn nghèo đa chiều phân theo dân tộc, thành thị, nông thôn và theo vùng, địa phương",rate_percent,2022,0.142707,new_34,1,Hà Nội
1.2.M,"Tỷ lệ hộ nghèo theo chuẩn nghèo đa chiều phân theo dân tộc, thành thị, nông thôn và theo vùng, địa phương",rate_percent,2023,0.1028912,new_34,1,Hà Nội
1.2.M,"Tỷ lệ hộ nghèo theo chuẩn nghèo đa chiều phân theo dân tộc, thành thị, nông thôn và theo vùng, địa phương",rate_percent,2024,0.1014575,new_34,1,Hà Nội
1.2.M,"Tỷ lệ hộ nghèo theo chuẩn nghèo đa chiều phân theo dân tộc, thành thị, nông thôn và theo vùng, địa phương",rate_percent,2016,4.165,new_34,24,Bắc Ninh
1.2.M,"Tỷ lệ hộ nghèo theo chuẩn nghèo đa chiều phân theo dân tộc, thành thị, nông thôn và theo vùng, địa phương",rate_percent,2017,3.4,new_34,24,Bắc Ninh
1.2.M,"Tỷ lệ hộ nghèo theo chuẩn nghèo đa chiều phân theo dân tộc, thành thị, nông thôn và theo vùng, địa phương",rate_percent,2018,2.445,new_34,24,Bắc Ninh
1.2.M,"Tỷ lệ hộ nghèo theo chuẩn nghèo đa chiều phân theo dân tộc, thành thị, nông thôn và theo vùng, địa phương",rate_percent,2019,2.045,new_34,24,Bắc Ninh
1.2.M,"Tỷ lệ hộ nghèo theo chuẩn nghèo đa chiều phân theo dân tộc, thành thị, nông thôn và theo vùng, địa phương",rate_percent,2020,1.7578,new_34,24,Bắc Ninh
1.2.M,"Tỷ lệ hộ nghèo theo chuẩn nghèo đa chiều phân theo dân tộc, thành thị, nông thôn và theo vùng, địa phương",rate_percent,2021,1.5997124,new_34,24,Bắc Ninh
1.2.M,"Tỷ lệ hộ nghèo theo chuẩn nghèo đa chiều phân theo dân tộc, thành thị, nông thôn và theo vùng, địa phương",rate_percent,2022,1.44201735,new_34,24,Bắc Ninh
1.2.M,"Tỷ lệ hộ nghèo theo chuẩn nghèo đa chiều phân theo dân tộc, thành thị, nông thôn và theo vùng, địa phương",rate_percent,2023,1.2508935,new_34,24,Bắc Ninh
1.2.M,"Tỷ lệ hộ nghèo theo chuẩn nghèo đa chiều phân theo dân tộc, thành thị, nông thôn và theo vùng, địa phương",rate_percent,2024,0.78200815,new_34,24,Bắc Ninh
1.2.M,"Tỷ lệ hộ nghèo theo chuẩn nghèo đa chiều phân theo dân tộc, thành thị, nông thôn và theo vùng, địa phương",rate_percent,2016,4.3,new_34,22,Quảng Ninh
1.2.M,"Tỷ lệ hộ nghèo theo chuẩn nghèo đa chiều phân theo dân tộc, thành thị, nông thôn và theo vùng, địa phương",rate_percent,2017,3.8,new_34,22,Quảng Ninh
1.2.M,"Tỷ lệ hộ nghèo theo chuẩn nghèo đa chiều phân theo dân tộc, thành thị, nông thôn và theo vùng, địa phương",rate_percent,2018,2.52,new_34,22,Quảng Ninh
1.2.M,"Tỷ lệ hộ nghèo theo chuẩn nghèo đa chiều phân theo dân tộc, thành thị, nông thôn và theo vùng, địa phương",rate_percent,2019,2.15,new_34,22,Quảng Ninh
1.2.M,"Tỷ lệ hộ nghèo theo chuẩn nghèo đa chiều phân theo dân tộc, thành thị, nông thôn và theo vùng, địa phương",rate_percent,2020,2.1335,new_34,22,Quảng Ninh
1.2.M,"Tỷ lệ hộ nghèo theo chuẩn nghèo đa chiều phân theo dân tộc, thành thị, nông thôn và theo vùng, địa phương",rate_percent,2021,1.837448,new_34,22,Quảng Ninh
1.2.M,"Tỷ lệ hộ nghèo theo chuẩn nghèo đa chiều phân theo dân tộc, thành thị, nông thôn và theo vùng, địa phương",rate_percent,2022,1.113927,new_34,22,Quảng Ninh
1.2.M,"Tỷ lệ hộ nghèo theo chuẩn nghèo đa chiều phân theo dân tộc, thành thị, nông thôn và theo vùng, địa phương",rate_percent,2023,1.088262,new_34,22,Quảng Ninh
1.2.M,"Tỷ lệ hộ nghèo theo chuẩn nghèo đa chiều phân theo dân tộc, thành thị, nông thôn và theo vùng, địa phương",rate_percent,2024,0.6355383,new_34,22,Quảng Ninh
1.2.M,"Tỷ lệ hộ nghèo theo chuẩn nghèo đa chiều phân theo dân tộc, thành thị, nông thôn và theo vùng, địa phương",rate_percent,2016,2.85,new_34,31,Hải Phòng
1.2.M,"Tỷ lệ hộ nghèo theo chuẩn nghèo đa chiều phân theo dân tộc, thành thị, nông thôn và theo vùng, địa phương",rate_percent,2017,2.5,new_34,31,Hải Phòng
1.2.M,"Tỷ lệ hộ nghèo theo chuẩn nghèo đa chiều phân theo dân tộc, thành thị, nông thôn và theo vùng, địa phương",rate_percent,2018,1.845,new_34,31,Hải Phòng
1.2.M,"Tỷ lệ hộ nghèo theo chuẩn nghèo đa chiều phân theo dân tộc, thành thị, nông thôn và theo vùng, địa phương",rate_percent,2019,1.595,new_34,31,Hải Phòng
1.2.M,"Tỷ lệ hộ nghèo theo chuẩn nghèo đa chiều phân theo dân tộc, thành thị, nông thôn và theo vùng, địa phương",rate_percent,2020,1.3967,new_34,31,Hải Phòng
1.2.M,"Tỷ lệ hộ nghèo theo chuẩn nghèo đa chiều phân theo dân tộc, thành thị, nông thôn và theo vùng, địa phương",rate_percent,2021,1.2589746,new_34,31,Hải Phòng
1.2.M,"Tỷ lệ hộ nghèo theo chuẩn nghèo đa chiều phân theo dân tộc, thành thị, nông thôn và theo vùng, địa phương",rate_percent,2022,0.8944048,new_34,31,Hải Phòng
1.2.M,"Tỷ lệ hộ nghèo theo chuẩn nghèo đa chiều phân theo dân tộc, thành thị, nông thôn và theo vùng, địa phương",rate_percent,2023,0.50228405,new_34,31,Hải Phòng
1.2.M,"Tỷ lệ hộ nghèo theo chuẩn nghèo đa chiều phân theo dân tộc, thành thị, nông thôn và theo vùng, địa phương",rate_percent,2024,0.3609524,new_34,31,Hải Phòng
1.2.M,"Tỷ lệ hộ nghèo theo chuẩn nghèo đa chiều phân theo dân tộc, thành thị, nông thôn và theo vùng, địa phương",rate_percent,2016,4.45,new_34,33,Hưng Yên
1.2.M,"Tỷ lệ hộ nghèo theo chuẩn nghèo đa chiều phân theo dân tộc, thành thị, nông thôn và theo vùng, địa phương",rate_percent,2017,3.85,new_34,33,Hưng Yên
1.2.M,"Tỷ lệ hộ nghèo theo chuẩn nghèo đa chiều phân theo dân tộc, thành thị, nông thôn và theo vùng, địa phương",rate_percent,2018,2.85,new_34,33,Hưng Yên
1.2.M,"Tỷ lệ hộ nghèo theo chuẩn nghèo đa chiều phân theo dân tộc, thành thị, nông thôn và theo vùng, địa phương",rate_percent,2019,2.32,new_34,33,Hưng Yên
1.2.M,"Tỷ lệ hộ nghèo theo chuẩn nghèo đa chiều phân theo dân tộc, thành thị, nông thôn và theo vùng, địa phương",rate_percent,2020,1.99365,new_34,33,Hưng Yên
1.2.M,"Tỷ lệ hộ nghèo theo chuẩn nghèo đa chiều phân theo dân tộc, thành thị, nông thôn và theo vùng, địa phương",rate_percent,2021,1.856349,new_34,33,Hưng Yên
1.2.M,"Tỷ lệ hộ nghèo theo chuẩn nghèo đa chiều phân theo dân tộc, thành thị, nông thôn và theo vùng, địa phương",rate_percent,2022,1.7448585,new_34,33,Hưng Yên
1.2.M,"Tỷ lệ hộ nghèo theo chuẩn nghèo đa chiều phân theo dân tộc, thành thị, nông thôn và theo vùng, địa phương",rate_percent,2023,1.4899365,new_34,33,Hưng Yên
1.2.M,"Tỷ lệ hộ nghèo theo chuẩn nghèo đa chiều phân theo dân tộc, thành thị, nông thôn và theo vùng, địa phương",rate_percent,2024,0.9370873,new_34,33,Hưng Yên
1.2.M,"Tỷ lệ hộ nghèo theo chuẩn nghèo đa chiều phân theo dân tộc, thành thị, nông thôn và theo vùng, địa phương",rate_percent,2016,4.533333333,new_34,37,Ninh Bình
1.2.M,"Tỷ lệ hộ nghèo theo chuẩn nghèo đa chiều phân theo dân tộc, thành thị, nông thôn và theo vùng, địa phương",rate_percent,2017,3.866666667,new_34,37,Ninh Bình
1.2.M,"Tỷ lệ hộ nghèo theo chuẩn nghèo đa chiều phân theo dân tộc, thành thị, nông thôn và theo vùng, địa phương",rate_percent,2018,2.766666667,new_34,37,Ninh Bình
1.2.M,"Tỷ lệ hộ nghèo theo chuẩn nghèo đa chiều phân theo dân tộc, thành thị, nông thôn và theo vùng, địa phương",rate_percent,2019,2.283333333,new_34,37,Ninh Bình
1.2.M,"Tỷ lệ hộ nghèo theo chuẩn nghèo đa chiều phân theo dân tộc, thành thị, nông thôn và theo vùng, địa phương",rate_percent,2020,2.0451,new_34,37,Ninh Bình
1.2.M,"Tỷ lệ hộ nghèo theo chuẩn nghèo đa chiều phân theo dân tộc, thành thị, nông thôn và theo vùng, địa phương",rate_percent,2021,1.94047,new_34,37,Ninh Bình
1.2.M,"Tỷ lệ hộ nghèo theo chuẩn nghèo đa chiều phân theo dân tộc, thành thị, nông thôn và theo vùng, địa phương",rate_percent,2022,1.698497,new_34,37,Ninh Bình
1.2.M,"Tỷ lệ hộ nghèo theo chuẩn nghèo đa chiều phân theo dân tộc, thành thị, nông thôn và theo vùng, địa phương",rate_percent,2023,1.241243267,new_34,37,Ninh Bình
1.2.M,"Tỷ lệ hộ nghèo theo chuẩn nghèo đa chiều phân theo dân tộc, thành thị, nông thôn và theo vùng, địa phương",rate_percent,2024,0.899663133,new_34,37,Ninh Bình
1.2.M,"Tỷ lệ hộ nghèo theo chuẩn nghèo đa chiều phân theo dân tộc, thành thị, nông thôn và theo vùng, địa phương",rate_percent,2016,37.33,new_34,4,Cao Bằng
1.2.M,"Tỷ lệ hộ nghèo theo chuẩn nghèo đa chiều phân theo dân tộc, thành thị, nông thôn và theo vùng, địa phương",rate_percent,2017,34.94,new_34,4,Cao Bằng
1.2.M,"Tỷ lệ hộ nghèo theo chuẩn nghèo đa chiều phân theo dân tộc, thành thị, nông thôn và theo vùng, địa phương",rate_percent,2018,31.46,new_34,4,Cao Bằng
1.2.M,"Tỷ lệ hộ nghèo theo chuẩn nghèo đa chiều phân theo dân tộc, thành thị, nông thôn và theo vùng, địa phương",rate_percent,2019,28.53,new_34,4,Cao Bằng
1.2.M,"Tỷ lệ hộ nghèo theo chuẩn nghèo đa chiều phân theo dân tộc, thành thị, nông thôn và theo vùng, địa phương",rate_percent,2020,25.9654,new_34,4,Cao Bằng
1.2.M,"Tỷ lệ hộ nghèo theo chuẩn nghèo đa chiều phân theo dân tộc, thành thị, nông thôn và theo vùng, địa phương",rate_percent,2021,24.46522,new_34,4,Cao Bằng
1.2.M,"Tỷ lệ hộ nghèo theo chuẩn nghèo đa chiều phân theo dân tộc, thành thị, nông thôn và theo vùng, địa phương",rate_percent,2022,23.61502,new_34,4,Cao Bằng
1.2.M,"Tỷ lệ hộ nghèo theo chuẩn nghèo đa chiều phân theo dân tộc, thành thị, nông thôn và theo vùng, địa phương",rate_percent,2023,21.2424,new_34,4,Cao Bằng
1.2.M,"Tỷ lệ hộ nghèo theo chuẩn nghèo đa chiều phân theo dân tộc, thành thị, nông thôn và theo vùng, địa phương",rate_percent,2024,17.01377,new_34,4,Cao Bằng
1.2.M,"Tỷ lệ hộ nghèo theo chuẩn nghèo đa chiều phân theo dân tộc, thành thị, nông thôn và theo vùng, địa phương",rate_percent,2016,30.895,new_34,8,Tuyên Quang
1.2.M,"Tỷ lệ hộ nghèo theo chuẩn nghèo đa chiều phân theo dân tộc, thành thị, nông thôn và theo vùng, địa phương",rate_percent,2017,28.23,new_34,8,Tuyên Quang
1.2.M,"Tỷ lệ hộ nghèo theo chuẩn nghèo đa chiều phân theo dân tộc, thành thị, nông thôn và theo vùng, địa phương",rate_percent,2018,25.02,new_34,8,Tuyên Quang
1.2.M,"Tỷ lệ hộ nghèo theo chuẩn nghèo đa chiều phân theo dân tộc, thành thị, nông thôn và theo vùng, địa phương",rate_percent,2019,22.11,new_34,8,Tuyên Quang
1.2.M,"Tỷ lệ hộ nghèo theo chuẩn nghèo đa chiều phân theo dân tộc, thành thị, nông thôn và theo vùng, địa phương",rate_percent,2020,19.94225,new_34,8,Tuyên Quang
1.2.M,"Tỷ lệ hộ nghèo theo chuẩn nghèo đa chiều phân theo dân tộc, thành thị, nông thôn và theo vùng, địa phương",rate_percent,2021,18.469935,new_34,8,Tuyên Quang
1.2.M,"Tỷ lệ hộ nghèo theo chuẩn nghèo đa chiều phân theo dân tộc, thành thị, nông thôn và theo vùng, địa phương",rate_percent,2022,20.957845,new_34,8,Tuyên Quang
1.2.M,"Tỷ lệ hộ nghèo theo chuẩn nghèo đa chiều phân theo dân tộc, thành thị, nông thôn và theo vùng, địa phương",rate_percent,2023,18.0855825,new_34,8,Tuyên Quang
1.2.M,"Tỷ lệ hộ nghèo theo chuẩn nghèo đa chiều phân theo dân tộc, thành thị, nông thôn và theo vùng, địa phương",rate_percent,2024,13.6739775,new_34,8,Tuyên Quang
1.2.M,"Tỷ lệ hộ nghèo theo chuẩn nghèo đa chiều phân theo dân tộc, thành thị, nông thôn và theo vùng, địa phương",rate_percent,2016,26.235,new_34,15,Lào Cai
1.2.M,"Tỷ lệ hộ nghèo theo chuẩn nghèo đa chiều phân theo dân tộc, thành thị, nông thôn và theo vùng, địa phương",rate_percent,2017,23.72,new_34,15,Lào Cai
1.2.M,"Tỷ lệ hộ nghèo theo chuẩn nghèo đa chiều phân theo dân tộc, thành thị, nông thôn và theo vùng, địa phương",rate_percent,2018,20.405,new_34,15,Lào Cai
1.2.M,"Tỷ lệ hộ nghèo theo chuẩn nghèo đa chiều phân theo dân tộc, thành thị, nông thôn và theo vùng, địa phương",rate_percent,2019,17.355,new_34,15,Lào Cai
1.2.M,"Tỷ lệ hộ nghèo theo chuẩn nghèo đa chiều phân theo dân tộc, thành thị, nông thôn và theo vùng, địa phương",rate_percent,2020,15.22235,new_34,15,Lào Cai
1.2.M,"Tỷ lệ hộ nghèo theo chuẩn nghèo đa chiều phân theo dân tộc, thành thị, nông thôn và theo vùng, địa phương",rate_percent,2021,14.42733,new_34,15,Lào Cai
1.2.M,"Tỷ lệ hộ nghèo theo chuẩn nghèo đa chiều phân theo dân tộc, thành thị, nông thôn và theo vùng, địa phương",rate_percent,2022,16.07266,new_34,15,Lào Cai
1.2.M,"Tỷ lệ hộ nghèo theo chuẩn nghèo đa chiều phân theo dân tộc, thành thị, nông thôn và theo vùng, địa phương",rate_percent,2023,12.14296,new_34,15,Lào Cai
1.2.M,"Tỷ lệ hộ nghèo theo chuẩn nghèo đa chiều phân theo dân tộc, thành thị, nông thôn và theo vùng, địa phương",rate_percent,2024,8.43204,new_34,15,Lào Cai
1.2.M,"Tỷ lệ hộ nghèo theo chuẩn nghèo đa chiều phân theo dân tộc, thành thị, nông thôn và theo vùng, địa phương",rate_percent,2016,18.725,new_34,19,Thái Nguyên
1.2.M,"Tỷ lệ hộ nghèo theo chuẩn nghèo đa chiều phân theo dân tộc, thành thị, nông thôn và theo vùng, địa phương",rate_percent,2017,17.585,new_34,19,Thái Nguyên
1.2.M,"Tỷ lệ hộ nghèo theo chuẩn nghèo đa chiều phân theo dân tộc, thành thị, nông thôn và theo vùng, địa phương",rate_percent,2018,15.515,new_34,19,Thái Nguyên
1.2.M,"Tỷ lệ hộ nghèo theo chuẩn nghèo đa chiều phân theo dân tộc, thành thị, nông thôn và theo vùng, địa phương",rate_percent,2019,13.81,new_34,19,Thái Nguyên
1.2.M,"Tỷ lệ hộ nghèo theo chuẩn nghèo đa chiều phân theo dân tộc, thành thị, nông thôn và theo vùng, địa phương",rate_percent,2020,12.77635,new_34,19,Thái Nguyên
1.2.M,"Tỷ lệ hộ nghèo theo chuẩn nghèo đa chiều phân theo dân tộc, thành thị, nông thôn và theo vùng, địa phương",rate_percent,2021,12.146991,new_34,19,Thái Nguyên
1.2.M,"Tỷ lệ hộ nghèo theo chuẩn nghèo đa chiều phân theo dân tộc, thành thị, nông thôn và theo vùng, địa phương",rate_percent,2022,11.125586,new_34,19,Thái Nguyên
1.2.M,"Tỷ lệ hộ nghèo theo chuẩn nghèo đa chiều phân theo dân tộc, thành thị, nông thôn và theo vùng, địa phương",rate_percent,2023,9.202124,new_34,19,Thái Nguyên
1.2.M,"Tỷ lệ hộ nghèo theo chuẩn nghèo đa chiều phân theo dân tộc, thành thị, nông thôn và theo vùng, địa phương",rate_percent,2024,6.235081,new_34,19,Thái Nguyên
1.2.M,"Tỷ lệ hộ nghèo theo chuẩn nghèo đa chiều phân theo dân tộc, thành thị, nông thôn và theo vùng, địa phương",rate_percent,2016,23.51,new_34,20,Lạng Sơn
1.2.M,"Tỷ lệ hộ nghèo theo chuẩn nghèo đa chiều phân theo dân tộc, thành thị, nông thôn và theo vùng, địa phương",rate_percent,2017,20.55,new_34,20,Lạng Sơn
1.2.M,"Tỷ lệ hộ nghèo theo chuẩn nghèo đa chiều phân theo dân tộc, thành thị, nông thôn và theo vùng, địa phương",rate_percent,2018,18.38,new_34,20,Lạng Sơn
1.2.M,"Tỷ lệ hộ nghèo theo chuẩn nghèo đa chiều phân theo dân tộc, thành thị, nông thôn và theo vùng, địa phương",rate_percent,2019,15.9,new_34,20,Lạng Sơn
1.2.M,"Tỷ lệ hộ nghèo theo chuẩn nghèo đa chiều phân theo dân tộc, thành thị, nông thôn và theo vùng, địa phương",rate_percent,2020,12.2617,new_34,20,Lạng Sơn
1.2.M,"Tỷ lệ hộ nghèo theo chuẩn nghèo đa chiều phân theo dân tộc, thành thị, nông thôn và theo vùng, địa phương",rate_percent,2021,10.68996,new_34,20,Lạng Sơn
1.2.M,"Tỷ lệ hộ nghèo theo chuẩn nghèo đa chiều phân theo dân tộc, thành thị, nông thôn và theo vùng, địa phương",rate_percent,2022,7.913534,new_34,20,Lạng Sơn
1.2.M,"Tỷ lệ hộ nghèo theo chuẩn nghèo đa chiều phân theo dân tộc, thành thị, nông thôn và theo vùng, địa phương",rate_percent,2023,6.065351,new_34,20,Lạng Sơn
1.2.M,"Tỷ lệ hộ nghèo theo chuẩn nghèo đa chiều phân theo dân tộc, thành thị, nông thôn và theo vùng, địa phương",rate_percent,2024,4.065543,new_34,20,Lạng Sơn
1.2.M,"Tỷ lệ hộ nghèo theo chuẩn nghèo đa chiều phân theo dân tộc, thành thị, nông thôn và theo vùng, địa phương",rate_percent,2016,11.04666667,new_34,25,Phú Thọ
1.2.M,"Tỷ lệ hộ nghèo theo chuẩn nghèo đa chiều phân theo dân tộc, thành thị, nông thôn và theo vùng, địa phương",rate_percent,2017,9.683333333,new_34,25,Phú Thọ
1.2.M,"Tỷ lệ hộ nghèo theo chuẩn nghèo đa chiều phân theo dân tộc, thành thị, nông thôn và theo vùng, địa phương",rate_percent,2018,7.866666667,new_34,25,Phú Thọ
1.2.M,"Tỷ lệ hộ nghèo theo chuẩn nghèo đa chiều phân theo dân tộc, thành thị, nông thôn và theo vùng, địa phương",rate_percent,2019,6.65,new_34,25,Phú Thọ
1.2.M,"Tỷ lệ hộ nghèo theo chuẩn nghèo đa chiều phân theo dân tộc, thành thị, nông thôn và theo vùng, địa phương",rate_percent,2020,5.803366667,new_34,25,Phú Thọ
1.2.M,"Tỷ lệ hộ nghèo theo chuẩn nghèo đa chiều phân theo dân tộc, thành thị, nông thôn và theo vùng, địa phương",rate_percent,2021,5.372446333,new_34,25,Phú Thọ
1.2.M,"Tỷ lệ hộ nghèo theo chuẩn nghèo đa chiều phân theo dân tộc, thành thị, nông thôn và theo vùng, địa phương",rate_percent,2022,4.334825333,new_34,25,Phú Thọ
1.2.M,"Tỷ lệ hộ nghèo theo chuẩn nghèo đa chiều phân theo dân tộc, thành thị, nông thôn và theo vùng, địa phương",rate_percent,2023,3.472944567,new_34,25,Phú Thọ
1.2.M,"Tỷ lệ hộ nghèo theo chuẩn nghèo đa chiều phân theo dân tộc, thành thị, nông thôn và theo vùng, địa phương",rate_percent,2024,2.235580667,new_34,25,Phú Thọ
1.2.M,"Tỷ lệ hộ nghèo theo chuẩn nghèo đa chiều phân theo dân tộc, thành thị, nông thôn và theo vùng, địa phương",rate_percent,2016,53.93,new_34,11,Điện Biên
1.2.M,"Tỷ lệ hộ nghèo theo chuẩn nghèo đa chiều phân theo dân tộc, thành thị, nông thôn và theo vùng, địa phương",rate_percent,2017,50.18,new_34,11,Điện Biên
1.2.M,"Tỷ lệ hộ nghèo theo chuẩn nghèo đa chiều phân theo dân tộc, thành thị, nông thôn và theo vùng, địa phương",rate_percent,2018,44.47,new_34,11,Điện Biên
1.2.M,"Tỷ lệ hộ nghèo theo chuẩn nghèo đa chiều phân theo dân tộc, thành thị, nông thôn và theo vùng, địa phương",rate_percent,2019,39.85,new_34,11,Điện Biên
1.2.M,"Tỷ lệ hộ nghèo theo chuẩn nghèo đa chiều phân theo dân tộc, thành thị, nông thôn và theo vùng, địa phương",rate_percent,2020,36.7358,new_34,11,Điện Biên
1.2.M,"Tỷ lệ hộ nghèo theo chuẩn nghèo đa chiều phân theo dân tộc, thành thị, nông thôn và theo vùng, địa phương",rate_percent,2021,34.51579,new_34,11,Điện Biên
1.2.M,"Tỷ lệ hộ nghèo theo chuẩn nghèo đa chiều phân theo dân tộc, thành thị, nông thôn và theo vùng, địa phương",rate_percent,2022,33.5817,new_34,11,Điện Biên
1.2.M,"Tỷ lệ hộ nghèo theo chuẩn nghèo đa chiều phân theo dân tộc, thành thị, nông thôn và theo vùng, địa phương",rate_percent,2023,29.54828,new_34,11,Điện Biên
1.2.M,"Tỷ lệ hộ nghèo theo chuẩn nghèo đa chiều phân theo dân tộc, thành thị, nông thôn và theo vùng, địa phương",rate_percent,2024,23.16886,new_34,11,Điện Biên
1.2.M,"Tỷ lệ hộ nghèo theo chuẩn nghèo đa chiều phân theo dân tộc, thành thị, nông thôn và theo vùng, địa phương",rate_percent,2016,44.31,new_34,12,Lai Châu
1.2.M,"Tỷ lệ hộ nghèo theo chuẩn nghèo đa chiều phân theo dân tộc, thành thị, nông thôn và theo vùng, địa phương",rate_percent,2017,41.55,new_34,12,Lai Châu
1.2.M,"Tỷ lệ hộ nghèo theo chuẩn nghèo đa chiều phân theo dân tộc, thành thị, nông thôn và theo vùng, địa phương",rate_percent,2018,37.05,new_34,12,Lai Châu
1.2.M,"Tỷ lệ hộ nghèo theo chuẩn nghèo đa chiều phân theo dân tộc, thành thị, nông thôn và theo vùng, địa phương",rate_percent,2019,33.04,new_34,12,Lai Châu
1.2.M,"Tỷ lệ hộ nghèo theo chuẩn nghèo đa chiều phân theo dân tộc, thành thị, nông thôn và theo vùng, địa phương",rate_percent,2020,30.8348,new_34,12,Lai Châu
1.2.M,"Tỷ lệ hộ nghèo theo chuẩn nghèo đa chiều phân theo dân tộc, thành thị, nông thôn và theo vùng, địa phương",rate_percent,2021,27.9048,new_34,12,Lai Châu
1.2.M,"Tỷ lệ hộ nghèo theo chuẩn nghèo đa chiều phân theo dân tộc, thành thị, nông thôn và theo vùng, địa phương",rate_percent,2022,30.31106,new_34,12,Lai Châu
1.2.M,"Tỷ lệ hộ nghèo theo chuẩn nghèo đa chiều phân theo dân tộc, thành thị, nông thôn và theo vùng, địa phương",rate_percent,2023,28.11657,new_34,12,Lai Châu
1.2.M,"Tỷ lệ hộ nghèo theo chuẩn nghèo đa chiều phân theo dân tộc, thành thị, nông thôn và theo vùng, địa phương",rate_percent,2024,21.79848,new_34,12,Lai Châu
1.2.M,"Tỷ lệ hộ nghèo theo chuẩn nghèo đa chiều phân theo dân tộc, thành thị, nông thôn và theo vùng, địa phương",rate_percent,2016,42.8,new_34,14,Sơn La
1.2.M,"Tỷ lệ hộ nghèo theo chuẩn nghèo đa chiều phân theo dân tộc, thành thị, nông thôn và theo vùng, địa phương",rate_percent,2017,41.02,new_34,14,Sơn La
1.2.M,"Tỷ lệ hộ nghèo theo chuẩn nghèo đa chiều phân theo dân tộc, thành thị, nông thôn và theo vùng, địa phương",rate_percent,2018,36.34,new_34,14,Sơn La
1.2.M,"Tỷ lệ hộ nghèo theo chuẩn nghèo đa chiều phân theo dân tộc, thành thị, nông thôn và theo vùng, địa phương",rate_percent,2019,33.01,new_34,14,Sơn La
1.2.M,"Tỷ lệ hộ nghèo theo chuẩn nghèo đa chiều phân theo dân tộc, thành thị, nông thôn và theo vùng, địa phương",rate_percent,2020,30.529,new_34,14,Sơn La
1.2.M,"Tỷ lệ hộ nghèo theo chuẩn nghèo đa chiều phân theo dân tộc, thành thị, nông thôn và theo vùng, địa phương",rate_percent,2021,28.60577,new_34,14,Sơn La
1.2.M,"Tỷ lệ hộ nghèo theo chuẩn nghèo đa chiều phân theo dân tộc, thành thị, nông thôn và theo vùng, địa phương",rate_percent,2022,23.87754,new_34,14,Sơn La
1.2.M,"Tỷ lệ hộ nghèo theo chuẩn nghèo đa chiều phân theo dân tộc, thành thị, nông thôn và theo vùng, địa phương",rate_percent,2023,19.78959,new_34,14,Sơn La
1.2.M,"Tỷ lệ hộ nghèo theo chuẩn nghèo đa chiều phân theo dân tộc, thành thị, nông thôn và theo vùng, địa phương",rate_percent,2024,14.50057,new_34,14,Sơn La
1.2.M,"Tỷ lệ hộ nghèo theo chuẩn nghèo đa chiều phân theo dân tộc, thành thị, nông thôn và theo vùng, địa phương",rate_percent,2016,11.86,new_34,38,Thanh Hóa
1.2.M,"Tỷ lệ hộ nghèo theo chuẩn nghèo đa chiều phân theo dân tộc, thành thị, nông thôn và theo vùng, địa phương",rate_percent,2017,10.88,new_34,38,Thanh Hóa
1.2.M,"Tỷ lệ hộ nghèo theo chuẩn nghèo đa chiều phân theo dân tộc, thành thị, nông thôn và theo vùng, địa phương",rate_percent,2018,8.82,new_34,38,Thanh Hóa
1.2.M,"Tỷ lệ hộ nghèo theo chuẩn nghèo đa chiều phân theo dân tộc, thành thị, nông thôn và theo vùng, địa phương",rate_percent,2019,7.99,new_34,38,Thanh Hóa
1.2.M,"Tỷ lệ hộ nghèo theo chuẩn nghèo đa chiều phân theo dân tộc, thành thị, nông thôn và theo vùng, địa phương",rate_percent,2020,7.0093,new_34,38,Thanh Hóa
1.2.M,"Tỷ lệ hộ nghèo theo chuẩn nghèo đa chiều phân theo dân tộc, thành thị, nông thôn và theo vùng, địa phương",rate_percent,2021,6.290437,new_34,38,Thanh Hóa
1.2.M,"Tỷ lệ hộ nghèo theo chuẩn nghèo đa chiều phân theo dân tộc, thành thị, nông thôn và theo vùng, địa phương",rate_percent,2022,5.212039,new_34,38,Thanh Hóa
1.2.M,"Tỷ lệ hộ nghèo theo chuẩn nghèo đa chiều phân theo dân tộc, thành thị, nông thôn và theo vùng, địa phương",rate_percent,2023,3.904528,new_34,38,Thanh Hóa
1.2.M,"Tỷ lệ hộ nghèo theo chuẩn nghèo đa chiều phân theo dân tộc, thành thị, nông thôn và theo vùng, địa phương",rate_percent,2024,2.683023,new_34,38,Thanh Hóa
1.2.M,"Tỷ lệ hộ nghèo theo chuẩn nghèo đa chiều phân theo dân tộc, thành thị, nông thôn và theo vùng, địa phương",rate_percent,2016,17.67,new_34,40,Nghệ An
1.2.M,"Tỷ lệ hộ nghèo theo chuẩn nghèo đa chiều phân theo dân tộc, thành thị, nông thôn và theo vùng, địa phương",rate_percent,2017,16.35,new_34,40,Nghệ An
1.2.M,"Tỷ lệ hộ nghèo theo chuẩn nghèo đa chiều phân theo dân tộc, thành thị, nông thôn và theo vùng, địa phương",rate_percent,2018,13.46,new_34,40,Nghệ An
1.2.M,"Tỷ lệ hộ nghèo theo chuẩn nghèo đa chiều phân theo dân tộc, thành thị, nông thôn và theo vùng, địa phương",rate_percent,2019,12.1,new_34,40,Nghệ An
1.2.M,"Tỷ lệ hộ nghèo theo chuẩn nghèo đa chiều phân theo dân tộc, thành thị, nông thôn và theo vùng, địa phương",rate_percent,2020,10.8822,new_34,40,Nghệ An
1.2.M,"Tỷ lệ hộ nghèo theo chuẩn nghèo đa chiều phân theo dân tộc, thành thị, nông thôn và theo vùng, địa phương",rate_percent,2021,9.530136,new_34,40,Nghệ An
1.2.M,"Tỷ lệ hộ nghèo theo chuẩn nghèo đa chiều phân theo dân tộc, thành thị, nông thôn và theo vùng, địa phương",rate_percent,2022,6.220279,new_34,40,Nghệ An
1.2.M,"Tỷ lệ hộ nghèo theo chuẩn nghèo đa chiều phân theo dân tộc, thành thị, nông thôn và theo vùng, địa phương",rate_percent,2023,4.718143,new_34,40,Nghệ An
1.2.M,"Tỷ lệ hộ nghèo theo chuẩn nghèo đa chiều phân theo dân tộc, thành thị, nông thôn và theo vùng, địa phương",rate_percent,2024,3.217572,new_34,40,Nghệ An
1.2.M,"Tỷ lệ hộ nghèo theo chuẩn nghèo đa chiều phân theo dân tộc, thành thị, nông thôn và theo vùng, địa phương",rate_percent,2016,12.51,new_34,42,Hà Tĩnh
1.2.M,"Tỷ lệ hộ nghèo theo chuẩn nghèo đa chiều phân theo dân tộc, thành thị, nông thôn và theo vùng, địa phương",rate_percent,2017,10.88,new_34,42,Hà Tĩnh
1.2.M,"Tỷ lệ hộ nghèo theo chuẩn nghèo đa chiều phân theo dân tộc, thành thị, nông thôn và theo vùng, địa phương",rate_percent,2018,8.77,new_34,42,Hà Tĩnh
1.2.M,"Tỷ lệ hộ nghèo theo chuẩn nghèo đa chiều phân theo dân tộc, thành thị, nông thôn và theo vùng, địa phương",rate_percent,2019,7.22,new_34,42,Hà Tĩnh
1.2.M,"Tỷ lệ hộ nghèo theo chuẩn nghèo đa chiều phân theo dân tộc, thành thị, nông thôn và theo vùng, địa phương",rate_percent,2020,6.5309,new_34,42,Hà Tĩnh
1.2.M,"Tỷ lệ hộ nghèo theo chuẩn nghèo đa chiều phân theo dân tộc, thành thị, nông thôn và theo vùng, địa phương",rate_percent,2021,5.881702,new_34,42,Hà Tĩnh
1.2.M,"Tỷ lệ hộ nghèo theo chuẩn nghèo đa chiều phân theo dân tộc, thành thị, nông thôn và theo vùng, địa phương",rate_percent,2022,3.830883,new_34,42,Hà Tĩnh
1.2.M,"Tỷ lệ hộ nghèo theo chuẩn nghèo đa chiều phân theo dân tộc, thành thị, nông thôn và theo vùng, địa phương",rate_percent,2023,2.904699,new_34,42,Hà Tĩnh
1.2.M,"Tỷ lệ hộ nghèo theo chuẩn nghèo đa chiều phân theo dân tộc, thành thị, nông thôn và theo vùng, địa phương",rate_percent,2024,1.915213,new_34,42,Hà Tĩnh
1.2.M,"Tỷ lệ hộ nghèo theo chuẩn nghèo đa chiều phân theo dân tộc, thành thị, nông thôn và theo vùng, địa phương",rate_percent,2016,14.865,new_34,44,Quảng Trị
1.2.M,"Tỷ lệ hộ nghèo theo chuẩn nghèo đa chiều phân theo dân tộc, thành thị, nông thôn và theo vùng, địa phương",rate_percent,2017,13.175,new_34,44,Quảng Trị
1.2.M,"Tỷ lệ hộ nghèo theo chuẩn nghèo đa chiều phân theo dân tộc, thành thị, nông thôn và theo vùng, địa phương",rate_percent,2018,11.66,new_34,44,Quảng Trị
1.2.M,"Tỷ lệ hộ nghèo theo chuẩn nghèo đa chiều phân theo dân tộc, thành thị, nông thôn và theo vùng, địa phương",rate_percent,2019,10.1,new_34,44,Quảng Trị
1.2.M,"Tỷ lệ hộ nghèo theo chuẩn nghèo đa chiều phân theo dân tộc, thành thị, nông thôn và theo vùng, địa phương",rate_percent,2020,8.9962,new_34,44,Quảng Trị
1.2.M,"Tỷ lệ hộ nghèo theo chuẩn nghèo đa chiều phân theo dân tộc, thành thị, nông thôn và theo vùng, địa phương",rate_percent,2021,7.900406,new_34,44,Quảng Trị
1.2.M,"Tỷ lệ hộ nghèo theo chuẩn nghèo đa chiều phân theo dân tộc, thành thị, nông thôn và theo vùng, địa phương",rate_percent,2022,7.9235995,new_34,44,Quảng Trị
1.2.M,"Tỷ lệ hộ nghèo theo chuẩn nghèo đa chiều phân theo dân tộc, thành thị, nông thôn và theo vùng, địa phương",rate_percent,2023,6.0067825,new_34,44,Quảng Trị
1.2.M,"Tỷ lệ hộ nghèo theo chuẩn nghèo đa chiều phân theo dân tộc, thành thị, nông thôn và theo vùng, địa phương",rate_percent,2024,4.518408,new_34,44,Quảng Trị
1.2.M,"Tỷ lệ hộ nghèo theo chuẩn nghèo đa chiều phân theo dân tộc, thành thị, nông thôn và theo vùng, địa phương",rate_percent,2016,7.33,new_34,46,Huế
1.2.M,"Tỷ lệ hộ nghèo theo chuẩn nghèo đa chiều phân theo dân tộc, thành thị, nông thôn và theo vùng, địa phương",rate_percent,2017,6.46,new_34,46,Huế
1.2.M,"Tỷ lệ hộ nghèo theo chuẩn nghèo đa chiều phân theo dân tộc, thành thị, nông thôn và theo vùng, địa phương",rate_percent,2018,4.65,new_34,46,Huế
1.2.M,"Tỷ lệ hộ nghèo theo chuẩn nghèo đa chiều phân theo dân tộc, thành thị, nông thôn và theo vùng, địa phương",rate_percent,2019,3.95,new_34,46,Huế
1.2.M,"Tỷ lệ hộ nghèo theo chuẩn nghèo đa chiều phân theo dân tộc, thành thị, nông thôn và theo vùng, địa phương",rate_percent,2020,3.4975,new_34,46,Huế
1.2.M,"Tỷ lệ hộ nghèo theo chuẩn nghèo đa chiều phân theo dân tộc, thành thị, nông thôn và theo vùng, địa phương",rate_percent,2021,3.024236,new_34,46,Huế
1.2.M,"Tỷ lệ hộ nghèo theo chuẩn nghèo đa chiều phân theo dân tộc, thành thị, nông thôn và theo vùng, địa phương",rate_percent,2022,3.93306,new_34,46,Huế
1.2.M,"Tỷ lệ hộ nghèo theo chuẩn nghèo đa chiều phân theo dân tộc, thành thị, nông thôn và theo vùng, địa phương",rate_percent,2023,3.305274,new_34,46,Huế
1.2.M,"Tỷ lệ hộ nghèo theo chuẩn nghèo đa chiều phân theo dân tộc, thành thị, nông thôn và theo vùng, địa phương",rate_percent,2024,2.306748,new_34,46,Huế
1.2.M,"Tỷ lệ hộ nghèo theo chuẩn nghèo đa chiều phân theo dân tộc, thành thị, nông thôn và theo vùng, địa phương",rate_percent,2016,7.575,new_34,48,Đà Nẵng
1.2.M,"Tỷ lệ hộ nghèo theo chuẩn nghèo đa chiều phân theo dân tộc, thành thị, nông thôn và theo vùng, địa phương",rate_percent,2017,6.905,new_34,48,Đà Nẵng
1.2.M,"Tỷ lệ hộ nghèo theo chuẩn nghèo đa chiều phân theo dân tộc, thành thị, nông thôn và theo vùng, địa phương",rate_percent,2018,5.59,new_34,48,Đà Nẵng
1.2.M,"Tỷ lệ hộ nghèo theo chuẩn nghèo đa chiều phân theo dân tộc, thành thị, nông thôn và theo vùng, địa phương",rate_percent,2019,4.9,new_34,48,Đà Nẵng
1.2.M,"Tỷ lệ hộ nghèo theo chuẩn nghèo đa chiều phân theo dân tộc, thành thị, nông thôn và theo vùng, địa phương",rate_percent,2020,4.31565,new_34,48,Đà Nẵng
1.2.M,"Tỷ lệ hộ nghèo theo chuẩn nghèo đa chiều phân theo dân tộc, thành thị, nông thôn và theo vùng, địa phương",rate_percent,2021,3.66864765,new_34,48,Đà Nẵng
1.2.M,"Tỷ lệ hộ nghèo theo chuẩn nghèo đa chiều phân theo dân tộc, thành thị, nông thôn và theo vùng, địa phương",rate_percent,2022,4.2291963,new_34,48,Đà Nẵng
1.2.M,"Tỷ lệ hộ nghèo theo chuẩn nghèo đa chiều phân theo dân tộc, thành thị, nông thôn và theo vùng, địa phương",rate_percent,2023,3.1678388,new_34,48,Đà Nẵng
1.2.M,"Tỷ lệ hộ nghèo theo chuẩn nghèo đa chiều phân theo dân tộc, thành thị, nông thôn và theo vùng, địa phương",rate_percent,2024,1.9668545,new_34,48,Đà Nẵng
1.2.M,"Tỷ lệ hộ nghèo theo chuẩn nghèo đa chiều phân theo dân tộc, thành thị, nông thôn và theo vùng, địa phương",rate_percent,2016,23.83,new_34,51,Quảng Ngãi
1.2.M,"Tỷ lệ hộ nghèo theo chuẩn nghèo đa chiều phân theo dân tộc, thành thị, nông thôn và theo vùng, địa phương",rate_percent,2017,22.055,new_34,51,Quảng Ngãi
1.2.M,"Tỷ lệ hộ nghèo theo chuẩn nghèo đa chiều phân theo dân tộc, thành thị, nông thôn và theo vùng, địa phương",rate_percent,2018,18.76,new_34,51,Quảng Ngãi
1.2.M,"Tỷ lệ hộ nghèo theo chuẩn nghèo đa chiều phân theo dân tộc, thành thị, nông thôn và theo vùng, địa phương",rate_percent,2019,16.235,new_34,51,Quảng Ngãi
1.2.M,"Tỷ lệ hộ nghèo theo chuẩn nghèo đa chiều phân theo dân tộc, thành thị, nông thôn và theo vùng, địa phương",rate_percent,2020,14.74205,new_34,51,Quảng Ngãi
1.2.M,"Tỷ lệ hộ nghèo theo chuẩn nghèo đa chiều phân theo dân tộc, thành thị, nông thôn và theo vùng, địa phương",rate_percent,2021,13.70975,new_34,51,Quảng Ngãi
1.2.M,"Tỷ lệ hộ nghèo theo chuẩn nghèo đa chiều phân theo dân tộc, thành thị, nông thôn và theo vùng, địa phương",rate_percent,2022,12.9204575,new_34,51,Quảng Ngãi
1.2.M,"Tỷ lệ hộ nghèo theo chuẩn nghèo đa chiều phân theo dân tộc, thành thị, nông thôn và theo vùng, địa phương",rate_percent,2023,10.5936265,new_34,51,Quảng Ngãi
1.2.M,"Tỷ lệ hộ nghèo theo chuẩn nghèo đa chiều phân theo dân tộc, thành thị, nông thôn và theo vùng, địa phương",rate_percent,2024,7.254977,new_34,51,Quảng Ngãi
1.2.M,"Tỷ lệ hộ nghèo theo chuẩn nghèo đa chiều phân theo dân tộc, thành thị, nông thôn và theo vùng, địa phương",rate_percent,2016,9.65,new_34,56,Khánh Hòa
1.2.M,"Tỷ lệ hộ nghèo theo chuẩn nghèo đa chiều phân theo dân tộc, thành thị, nông thôn và theo vùng, địa phương",rate_percent,2017,8.78,new_34,56,Khánh Hòa
1.2.M,"Tỷ lệ hộ nghèo theo chuẩn nghèo đa chiều phân theo dân tộc, thành thị, nông thôn và theo vùng, địa phương",rate_percent,2018,7.345,new_34,56,Khánh Hòa
1.2.M,"Tỷ lệ hộ nghèo theo chuẩn nghèo đa chiều phân theo dân tộc, thành thị, nông thôn và theo vùng, địa phương",rate_percent,2019,6.385,new_34,56,Khánh Hòa
1.2.M,"Tỷ lệ hộ nghèo theo chuẩn nghèo đa chiều phân theo dân tộc, thành thị, nông thôn và theo vùng, địa phương",rate_percent,2020,5.70605,new_34,56,Khánh Hòa
1.2.M,"Tỷ lệ hộ nghèo theo chuẩn nghèo đa chiều phân theo dân tộc, thành thị, nông thôn và theo vùng, địa phương",rate_percent,2021,5.2989015,new_34,56,Khánh Hòa
1.2.M,"Tỷ lệ hộ nghèo theo chuẩn nghèo đa chiều phân theo dân tộc, thành thị, nông thôn và theo vùng, địa phương",rate_percent,2022,6.058472,new_34,56,Khánh Hòa
1.2.M,"Tỷ lệ hộ nghèo theo chuẩn nghèo đa chiều phân theo dân tộc, thành thị, nông thôn và theo vùng, địa phương",rate_percent,2023,5.2150165,new_34,56,Khánh Hòa
1.2.M,"Tỷ lệ hộ nghèo theo chuẩn nghèo đa chiều phân theo dân tộc, thành thị, nông thôn và theo vùng, địa phương",rate_percent,2024,4.0387765,new_34,56,Khánh Hòa
1.2.M,"Tỷ lệ hộ nghèo theo chuẩn nghèo đa chiều phân theo dân tộc, thành thị, nông thôn và theo vùng, địa phương",rate_percent,2016,19.1,new_34,52,Gia Lai
1.2.M,"Tỷ lệ hộ nghèo theo chuẩn nghèo đa chiều phân theo dân tộc, thành thị, nông thôn và theo vùng, địa phương",rate_percent,2017,17.19,new_34,52,Gia Lai
1.2.M,"Tỷ lệ hộ nghèo theo chuẩn nghèo đa chiều phân theo dân tộc, thành thị, nông thôn và theo vùng, địa phương",rate_percent,2018,14.415,new_34,52,Gia Lai
1.2.M,"Tỷ lệ hộ nghèo theo chuẩn nghèo đa chiều phân theo dân tộc, thành thị, nông thôn và theo vùng, địa phương",rate_percent,2019,12.38,new_34,52,Gia Lai
1.2.M,"Tỷ lệ hộ nghèo theo chuẩn nghèo đa chiều phân theo dân tộc, thành thị, nông thôn và theo vùng, địa phương",rate_percent,2020,11.23785,new_34,52,Gia Lai
1.2.M,"Tỷ lệ hộ nghèo theo chuẩn nghèo đa chiều phân theo dân tộc, thành thị, nông thôn và theo vùng, địa phương",rate_percent,2021,10.256424,new_34,52,Gia Lai
1.2.M,"Tỷ lệ hộ nghèo theo chuẩn nghèo đa chiều phân theo dân tộc, thành thị, nông thôn và theo vùng, địa phương",rate_percent,2022,11.053855,new_34,52,Gia Lai
1.2.M,"Tỷ lệ hộ nghèo theo chuẩn nghèo đa chiều phân theo dân tộc, thành thị, nông thôn và theo vùng, địa phương",rate_percent,2023,8.5934915,new_34,52,Gia Lai
1.2.M,"Tỷ lệ hộ nghèo theo chuẩn nghèo đa chiều phân theo dân tộc, thành thị, nông thôn và theo vùng, địa phương",rate_percent,2024,5.8180885,new_34,52,Gia Lai
1.2.M,"Tỷ lệ hộ nghèo theo chuẩn nghèo đa chiều phân theo dân tộc, thành thị, nông thôn và theo vùng, địa phương",rate_percent,2016,12.635,new_34,66,Đắk Lắk
1.2.M,"Tỷ lệ hộ nghèo theo chuẩn nghèo đa chiều phân theo dân tộc, thành thị, nông thôn và theo vùng, địa phương",rate_percent,2017,11.17,new_34,66,Đắk Lắk
1.2.M,"Tỷ lệ hộ nghèo theo chuẩn nghèo đa chiều phân theo dân tộc, thành thị, nông thôn và theo vùng, địa phương",rate_percent,2018,9.195,new_34,66,Đắk Lắk
1.2.M,"Tỷ lệ hộ nghèo theo chuẩn nghèo đa chiều phân theo dân tộc, thành thị, nông thôn và theo vùng, địa phương",rate_percent,2019,7.69,new_34,66,Đắk Lắk
1.2.M,"Tỷ lệ hộ nghèo theo chuẩn nghèo đa chiều phân theo dân tộc, thành thị, nông thôn và theo vùng, địa phương",rate_percent,2020,6.67715,new_34,66,Đắk Lắk
1.2.M,"Tỷ lệ hộ nghèo theo chuẩn nghèo đa chiều phân theo dân tộc, thành thị, nông thôn và theo vùng, địa phương",rate_percent,2021,6.0367205,new_34,66,Đắk Lắk
1.2.M,"Tỷ lệ hộ nghèo theo chuẩn nghèo đa chiều phân theo dân tộc, thành thị, nông thôn và theo vùng, địa phương",rate_percent,2022,7.345636,new_34,66,Đắk Lắk
1.2.M,"Tỷ lệ hộ nghèo theo chuẩn nghèo đa chiều phân theo dân tộc, thành thị, nông thôn và theo vùng, địa phương",rate_percent,2023,6.0259215,new_34,66,Đắk Lắk
1.2.M,"Tỷ lệ hộ nghèo theo chuẩn nghèo đa chiều phân theo dân tộc, thành thị, nông thôn và theo vùng, địa phương",rate_percent,2024,4.0462765,new_34,66,Đắk Lắk
1.2.M,"Tỷ lệ hộ nghèo theo chuẩn nghèo đa chiều phân theo dân tộc, thành thị, nông thôn và theo vùng, địa phương",rate_percent,2016,9.856666667,new_34,68,Lâm Đồng
1.2.M,"Tỷ lệ hộ nghèo theo chuẩn nghèo đa chiều phân theo dân tộc, thành thị, nông thôn và theo vùng, địa phương",rate_percent,2017,8.433333333,new_34,68,Lâm Đồng
1.2.M,"Tỷ lệ hộ nghèo theo chuẩn nghèo đa chiều phân theo dân tộc, thành thị, nông thôn và theo vùng, địa phương",rate_percent,2018,6.846666667,new_34,68,Lâm Đồng
1.2.M,"Tỷ lệ hộ nghèo theo chuẩn nghèo đa chiều phân theo dân tộc, thành thị, nông thôn và theo vùng, địa phương",rate_percent,2019,5.693333333,new_34,68,Lâm Đồng
1.2.M,"Tỷ lệ hộ nghèo theo chuẩn nghèo đa chiều phân theo dân tộc, thành thị, nông thôn và theo vùng, địa phương",rate_percent,2020,4.901233333,new_34,68,Lâm Đồng
1.2.M,"Tỷ lệ hộ nghèo theo chuẩn nghèo đa chiều phân theo dân tộc, thành thị, nông thôn và theo vùng, địa phương",rate_percent,2021,4.29608,new_34,68,Lâm Đồng
1.2.M,"Tỷ lệ hộ nghèo theo chuẩn nghèo đa chiều phân theo dân tộc, thành thị, nông thôn và theo vùng, địa phương",rate_percent,2022,5.398179333,new_34,68,Lâm Đồng
1.2.M,"Tỷ lệ hộ nghèo theo chuẩn nghèo đa chiều phân theo dân tộc, thành thị, nông thôn và theo vùng, địa phương",rate_percent,2023,4.271361333,new_34,68,Lâm Đồng
1.2.M,"Tỷ lệ hộ nghèo theo chuẩn nghèo đa chiều phân theo dân tộc, thành thị, nông thôn và theo vùng, địa phương",rate_percent,2024,2.828643633,new_34,68,Lâm Đồng
1.2.M,"Tỷ lệ hộ nghèo theo chuẩn nghèo đa chiều phân theo dân tộc, thành thị, nông thôn và theo vùng, địa phương",rate_percent,2016,3.65,new_34,80,Tây Ninh
1.2.M,"Tỷ lệ hộ nghèo theo chuẩn nghèo đa chiều phân theo dân tộc, thành thị, nông thôn và theo vùng, địa phương",rate_percent,2017,3.125,new_34,80,Tây Ninh
1.2.M,"Tỷ lệ hộ nghèo theo chuẩn nghèo đa chiều phân theo dân tộc, thành thị, nông thôn và theo vùng, địa phương",rate_percent,2018,2.265,new_34,80,Tây Ninh
1.2.M,"Tỷ lệ hộ nghèo theo chuẩn nghèo đa chiều phân theo dân tộc, thành thị, nông thôn và theo vùng, địa phương",rate_percent,2019,1.845,new_34,80,Tây Ninh
1.2.M,"Tỷ lệ hộ nghèo theo chuẩn nghèo đa chiều phân theo dân tộc, thành thị, nông thôn và theo vùng, địa phương",rate_percent,2020,1.53805,new_34,80,Tây Ninh
1.2.M,"Tỷ lệ hộ nghèo theo chuẩn nghèo đa chiều phân theo dân tộc, thành thị, nông thôn và theo vùng, địa phương",rate_percent,2021,1.2678229,new_34,80,Tây Ninh
1.2.M,"Tỷ lệ hộ nghèo theo chuẩn nghèo đa chiều phân theo dân tộc, thành thị, nông thôn và theo vùng, địa phương",rate_percent,2022,1.7604745,new_34,80,Tây Ninh
1.2.M,"Tỷ lệ hộ nghèo theo chuẩn nghèo đa chiều phân theo dân tộc, thành thị, nông thôn và theo vùng, địa phương",rate_percent,2023,1.22893305,new_34,80,Tây Ninh
1.2.M,"Tỷ lệ hộ nghèo theo chuẩn nghèo đa chiều phân theo dân tộc, thành thị, nông thôn và theo vùng, địa phương",rate_percent,2024,0.8583914,new_34,80,Tây Ninh
1.2.M,"Tỷ lệ hộ nghèo theo chuẩn nghèo đa chiều phân theo dân tộc, thành thị, nông thôn và theo vùng, địa phương",rate_percent,2016,3.75,new_34,75,Đồng Nai
1.2.M,"Tỷ lệ hộ nghèo theo chuẩn nghèo đa chiều phân theo dân tộc, thành thị, nông thôn và theo vùng, địa phương",rate_percent,2017,3.355,new_34,75,Đồng Nai
1.2.M,"Tỷ lệ hộ nghèo theo chuẩn nghèo đa chiều phân theo dân tộc, thành thị, nông thôn và theo vùng, địa phương",rate_percent,2018,2.435,new_34,75,Đồng Nai
1.2.M,"Tỷ lệ hộ nghèo theo chuẩn nghèo đa chiều phân theo dân tộc, thành thị, nông thôn và theo vùng, địa phương",rate_percent,2019,1.995,new_34,75,Đồng Nai
1.2.M,"Tỷ lệ hộ nghèo theo chuẩn nghèo đa chiều phân theo dân tộc, thành thị, nông thôn và theo vùng, địa phương",rate_percent,2020,1.63915,new_34,75,Đồng Nai
1.2.M,"Tỷ lệ hộ nghèo theo chuẩn nghèo đa chiều phân theo dân tộc, thành thị, nông thôn và theo vùng, địa phương",rate_percent,2021,1.5133741,new_34,75,Đồng Nai
1.2.M,"Tỷ lệ hộ nghèo theo chuẩn nghèo đa chiều phân theo dân tộc, thành thị, nông thôn và theo vùng, địa phương",rate_percent,2022,1.4444259,new_34,75,Đồng Nai
1.2.M,"Tỷ lệ hộ nghèo theo chuẩn nghèo đa chiều phân theo dân tộc, thành thị, nông thôn và theo vùng, địa phương",rate_percent,2023,1.11114885,new_34,75,Đồng Nai
1.2.M,"Tỷ lệ hộ nghèo theo chuẩn nghèo đa chiều phân theo dân tộc, thành thị, nông thôn và theo vùng, địa phương",rate_percent,2024,0.73004465,new_34,75,Đồng Nai
1.2.M,"Tỷ lệ hộ nghèo theo chuẩn nghèo đa chiều phân theo dân tộc, thành thị, nông thôn và theo vùng, địa phương",rate_percent,2016,0.866666667,new_34,79,TP. Hồ Chí Minh
1.2.M,"Tỷ lệ hộ nghèo theo chuẩn nghèo đa chiều phân theo dân tộc, thành thị, nông thôn và theo vùng, địa phương",rate_percent,2017,0.703333333,new_34,79,TP. Hồ Chí Minh
1.2.M,"Tỷ lệ hộ nghèo theo chuẩn nghèo đa chiều phân theo dân tộc, thành thị, nông thôn và theo vùng, địa phương",rate_percent,2018,0.586666667,new_34,79,TP. Hồ Chí Minh
1.2.M,"Tỷ lệ hộ nghèo theo chuẩn nghèo đa chiều phân theo dân tộc, thành thị, nông thôn và theo vùng, địa phương",rate_percent,2019,0.453333333,new_34,79,TP. Hồ Chí Minh
1.2.M,"Tỷ lệ hộ nghèo theo chuẩn nghèo đa chiều phân theo dân tộc, thành thị, nông thôn và theo vùng, địa phương",rate_percent,2020,0.196566667,new_34,79,TP. Hồ Chí Minh
1.2.M,"Tỷ lệ hộ nghèo theo chuẩn nghèo đa chiều phân theo dân tộc, thành thị, nông thôn và theo vùng, địa phương",rate_percent,2021,0.076090833,new_34,79,TP. Hồ Chí Minh
1.2.M,"Tỷ lệ hộ nghèo theo chuẩn nghèo đa chiều phân theo dân tộc, thành thị, nông thôn và theo vùng, địa phương",rate_percent,2022,0.314968933,new_34,79,TP. Hồ Chí Minh
1.2.M,"Tỷ lệ hộ nghèo theo chuẩn nghèo đa chiều phân theo dân tộc, thành thị, nông thôn và theo vùng, địa phương",rate_percent,2023,0.240638333,new_34,79,TP. Hồ Chí Minh
1.2.M,"Tỷ lệ hộ nghèo theo chuẩn nghèo đa chiều phân theo dân tộc, thành thị, nông thôn và theo vùng, địa phương",rate_percent,2024,0.1827326,new_34,79,TP. Hồ Chí Minh
1.2.M,"Tỷ lệ hộ nghèo theo chuẩn nghèo đa chiều phân theo dân tộc, thành thị, nông thôn và theo vùng, địa phương",rate_percent,2016,11.1,new_34,86,Vĩnh Long
1.2.M,"Tỷ lệ hộ nghèo theo chuẩn nghèo đa chiều phân theo dân tộc, thành thị, nông thôn và theo vùng, địa phương",rate_percent,2017,9.53,new_34,86,Vĩnh Long
1.2.M,"Tỷ lệ hộ nghèo theo chuẩn nghèo đa chiều phân theo dân tộc, thành thị, nông thôn và theo vùng, địa phương",rate_percent,2018,7.716666667,new_34,86,Vĩnh Long
1.2.M,"Tỷ lệ hộ nghèo theo chuẩn nghèo đa chiều phân theo dân tộc, thành thị, nông thôn và theo vùng, địa phương",rate_percent,2019,6.57,new_34,86,Vĩnh Long
1.2.M,"Tỷ lệ hộ nghèo theo chuẩn nghèo đa chiều phân theo dân tộc, thành thị, nông thôn và theo vùng, địa phương",rate_percent,2020,5.811133333,new_34,86,Vĩnh Long
1.2.M,"Tỷ lệ hộ nghèo theo chuẩn nghèo đa chiều phân theo dân tộc, thành thị, nông thôn và theo vùng, địa phương",rate_percent,2021,5.235139667,new_34,86,Vĩnh Long
1.2.M,"Tỷ lệ hộ nghèo theo chuẩn nghèo đa chiều phân theo dân tộc, thành thị, nông thôn và theo vùng, địa phương",rate_percent,2022,4.814543333,new_34,86,Vĩnh Long
1.2.M,"Tỷ lệ hộ nghèo theo chuẩn nghèo đa chiều phân theo dân tộc, thành thị, nông thôn và theo vùng, địa phương",rate_percent,2023,3.680161,new_34,86,Vĩnh Long
1.2.M,"Tỷ lệ hộ nghèo theo chuẩn nghèo đa chiều phân theo dân tộc, thành thị, nông thôn và theo vùng, địa phương",rate_percent,2024,2.506353333,new_34,86,Vĩnh Long
1.2.M,"Tỷ lệ hộ nghèo theo chuẩn nghèo đa chiều phân theo dân tộc, thành thị, nông thôn và theo vùng, địa phương",rate_percent,2016,6.85,new_34,82,Đồng Tháp
1.2.M,"Tỷ lệ hộ nghèo theo chuẩn nghèo đa chiều phân theo dân tộc, thành thị, nông thôn và theo vùng, địa phương",rate_percent,2017,5.76,new_34,82,Đồng Tháp
1.2.M,"Tỷ lệ hộ nghèo theo chuẩn nghèo đa chiều phân theo dân tộc, thành thị, nông thôn và theo vùng, địa phương",rate_percent,2018,4.4,new_34,82,Đồng Tháp
1.2.M,"Tỷ lệ hộ nghèo theo chuẩn nghèo đa chiều phân theo dân tộc, thành thị, nông thôn và theo vùng, địa phương",rate_percent,2019,3.635,new_34,82,Đồng Tháp
1.2.M,"Tỷ lệ hộ nghèo theo chuẩn nghèo đa chiều phân theo dân tộc, thành thị, nông thôn và theo vùng, địa phương",rate_percent,2020,3.0152,new_34,82,Đồng Tháp
1.2.M,"Tỷ lệ hộ nghèo theo chuẩn nghèo đa chiều phân theo dân tộc, thành thị, nông thôn và theo vùng, địa phương",rate_percent,2021,2.7120295,new_34,82,Đồng Tháp
1.2.M,"Tỷ lệ hộ nghèo theo chuẩn nghèo đa chiều phân theo dân tộc, thành thị, nông thôn và theo vùng, địa phương",rate_percent,2022,2.686836,new_34,82,Đồng Tháp
1.2.M,"Tỷ lệ hộ nghèo theo chuẩn nghèo đa chiều phân theo dân tộc, thành thị, nông thôn và theo vùng, địa phương",rate_percent,2023,1.660504,new_34,82,Đồng Tháp
1.2.M,"Tỷ lệ hộ nghèo theo chuẩn nghèo đa chiều phân theo dân tộc, thành thị, nông thôn và theo vùng, địa phương",rate_percent,2024,1.0771988,new_34,82,Đồng Tháp
1.2.M,"Tỷ lệ hộ nghèo theo chuẩn nghèo đa chiều phân theo dân tộc, thành thị, nông thôn và theo vùng, địa phương",rate_percent,2016,7.9,new_34,91,An Giang
1.2.M,"Tỷ lệ hộ nghèo theo chuẩn nghèo đa chiều phân theo dân tộc, thành thị, nông thôn và theo vùng, địa phương",rate_percent,2017,6.945,new_34,91,An Giang
1.2.M,"Tỷ lệ hộ nghèo theo chuẩn nghèo đa chiều phân theo dân tộc, thành thị, nông thôn và theo vùng, địa phương",rate_percent,2018,5.745,new_34,91,An Giang
1.2.M,"Tỷ lệ hộ nghèo theo chuẩn nghèo đa chiều phân theo dân tộc, thành thị, nông thôn và theo vùng, địa phương",rate_percent,2019,4.835,new_34,91,An Giang
1.2.M,"Tỷ lệ hộ nghèo theo chuẩn nghèo đa chiều phân theo dân tộc, thành thị, nông thôn và theo vùng, địa phương",rate_percent,2020,4.02995,new_34,91,An Giang
1.2.M,"Tỷ lệ hộ nghèo theo chuẩn nghèo đa chiều phân theo dân tộc, thành thị, nông thôn và theo vùng, địa phương",rate_percent,2021,3.557331,new_34,91,An Giang
1.2.M,"Tỷ lệ hộ nghèo theo chuẩn nghèo đa chiều phân theo dân tộc, thành thị, nông thôn và theo vùng, địa phương",rate_percent,2022,4.362372,new_34,91,An Giang
1.2.M,"Tỷ lệ hộ nghèo theo chuẩn nghèo đa chiều phân theo dân tộc, thành thị, nông thôn và theo vùng, địa phương",rate_percent,2023,3.5473075,new_34,91,An Giang
1.2.M,"Tỷ lệ hộ nghèo theo chuẩn nghèo đa chiều phân theo dân tộc, thành thị, nông thôn và theo vùng, địa phương",rate_percent,2024,2.381503,new_34,91,An Giang
1.2.M,"Tỷ lệ hộ nghèo theo chuẩn nghèo đa chiều phân theo dân tộc, thành thị, nông thôn và theo vùng, địa phương",rate_percent,2016,8.5,new_34,92,Cần Thơ
1.2.M,"Tỷ lệ hộ nghèo theo chuẩn nghèo đa chiều phân theo dân tộc, thành thị, nông thôn và theo vùng, địa phương",rate_percent,2017,7.306666667,new_34,92,Cần Thơ
1.2.M,"Tỷ lệ hộ nghèo theo chuẩn nghèo đa chiều phân theo dân tộc, thành thị, nông thôn và theo vùng, địa phương",rate_percent,2018,5.596666667,new_34,92,Cần Thơ
1.2.M,"Tỷ lệ hộ nghèo theo chuẩn nghèo đa chiều phân theo dân tộc, thành thị, nông thôn và theo vùng, địa phương",rate_percent,2019,4.646666667,new_34,92,Cần Thơ
1.2.M,"Tỷ lệ hộ nghèo theo chuẩn nghèo đa chiều phân theo dân tộc, thành thị, nông thôn và theo vùng, địa phương",rate_percent,2020,4.184466667,new_34,92,Cần Thơ
1.2.M,"Tỷ lệ hộ nghèo theo chuẩn nghèo đa chiều phân theo dân tộc, thành thị, nông thôn và theo vùng, địa phương",rate_percent,2021,3.909867333,new_34,92,Cần Thơ
1.2.M,"Tỷ lệ hộ nghèo theo chuẩn nghèo đa chiều phân theo dân tộc, thành thị, nông thôn và theo vùng, địa phương",rate_percent,2022,4.138493333,new_34,92,Cần Thơ
1.2.M,"Tỷ lệ hộ nghèo theo chuẩn nghèo đa chiều phân theo dân tộc, thành thị, nông thôn và theo vùng, địa phương",rate_percent,2023,3.234179067,new_34,92,Cần Thơ
1.2.M,"Tỷ lệ hộ nghèo theo chuẩn nghèo đa chiều phân theo dân tộc, thành thị, nông thôn và theo vùng, địa phương",rate_percent,2024,2.2812519,new_34,92,Cần Thơ
1.2.M,"Tỷ lệ hộ nghèo theo chuẩn nghèo đa chiều phân theo dân tộc, thành thị, nông thôn và theo vùng, địa phương",rate_percent,2016,12.6,new_34,96,Cà Mau
1.2.M,"Tỷ lệ hộ nghèo theo chuẩn nghèo đa chiều phân theo dân tộc, thành thị, nông thôn và theo vùng, địa phương",rate_percent,2017,10.8,new_34,96,Cà Mau
1.2.M,"Tỷ lệ hộ nghèo theo chuẩn nghèo đa chiều phân theo dân tộc, thành thị, nông thôn và theo vùng, địa phương",rate_percent,2018,8.81,new_34,96,Cà Mau
1.2.M,"Tỷ lệ hộ nghèo theo chuẩn nghèo đa chiều phân theo dân tộc, thành thị, nông thôn và theo vùng, địa phương",rate_percent,2019,7.38,new_34,96,Cà Mau
1.2.M,"Tỷ lệ hộ nghèo theo chuẩn nghèo đa chiều phân theo dân tộc, thành thị, nông thôn và theo vùng, địa phương",rate_percent,2020,6.29485,new_34,96,Cà Mau
1.2.M,"Tỷ lệ hộ nghèo theo chuẩn nghèo đa chiều phân theo dân tộc, thành thị, nông thôn và theo vùng, địa phương",rate_percent,2021,5.5146745,new_34,96,Cà Mau
1.2.M,"Tỷ lệ hộ nghèo theo chuẩn nghèo đa chiều phân theo dân tộc, thành thị, nông thôn và theo vùng, địa phương",rate_percent,2022,5.8095965,new_34,96,Cà Mau
1.2.M,"Tỷ lệ hộ nghèo theo chuẩn nghèo đa chiều phân theo dân tộc, thành thị, nông thôn và theo vùng, địa phương",rate_percent,2023,4.768056,new_34,96,Cà Mau
1.2.M,"Tỷ lệ hộ nghèo theo chuẩn nghèo đa chiều phân theo dân tộc, thành thị, nông thôn và theo vùng, địa phương",rate_percent,2024,3.198164,new_34,96,Cà Mau
1.3,"Số hộ nghèo theo chuẩn nghèo đa chiều phân theo thành thị, nông thôn và theo vùng, địa phương",count_households,2016,67297,old_63,2,Hà Giang
1.3,"Số hộ nghèo theo chuẩn nghèo đa chiều phân theo thành thị, nông thôn và theo vùng, địa phương",count_households,2017,60428,old_63,2,Hà Giang
1.3,"Số hộ nghèo theo chuẩn nghèo đa chiều phân theo thành thị, nông thôn và theo vùng, địa phương",count_households,2018,56083,old_63,2,Hà Giang
1.3,"Số hộ nghèo theo chuẩn nghèo đa chiều phân theo thành thị, nông thôn và theo vùng, địa phương",count_households,2019,48824,old_63,2,Hà Giang
1.3,"Số hộ nghèo theo chuẩn nghèo đa chiều phân theo thành thị, nông thôn và theo vùng, địa phương",count_households,2020,41476,old_63,2,Hà Giang
1.3,"Số hộ nghèo theo chuẩn nghèo đa chiều phân theo thành thị, nông thôn và theo vùng, địa phương",count_households,2021,79099,old_63,2,Hà Giang
1.3,"Số hộ nghèo theo chuẩn nghèo đa chiều phân theo thành thị, nông thôn và theo vùng, địa phương",count_households,2022,70318,old_63,2,Hà Giang
1.3,"Số hộ nghèo theo chuẩn nghèo đa chiều phân theo thành thị, nông thôn và theo vùng, địa phương",count_households,2023,59496,old_63,2,Hà Giang
1.3,"Số hộ nghèo theo chuẩn nghèo đa chiều phân theo thành thị, nông thôn và theo vùng, địa phương",count_households,2024,49760,old_63,2,Hà Giang
1.3,"Số hộ nghèo theo chuẩn nghèo đa chiều phân theo thành thị, nông thôn và theo vùng, địa phương",count_households,2016,48070,old_63,4,Cao Bằng
1.3,"Số hộ nghèo theo chuẩn nghèo đa chiều phân theo thành thị, nông thôn và theo vùng, địa phương",count_households,2017,43592,old_63,4,Cao Bằng
1.3,"Số hộ nghèo theo chuẩn nghèo đa chiều phân theo thành thị, nông thôn và theo vùng, địa phương",count_households,2018,38987,old_63,4,Cao Bằng
1.3,"Số hộ nghèo theo chuẩn nghèo đa chiều phân theo thành thị, nông thôn và theo vùng, địa phương",count_households,2019,33616,old_63,4,Cao Bằng
1.3,"Số hộ nghèo theo chuẩn nghèo đa chiều phân theo thành thị, nông thôn và theo vùng, địa phương",count_households,2020,2866,old_63,4,Cao Bằng
1.3,"Số hộ nghèo theo chuẩn nghèo đa chiều phân theo thành thị, nông thôn và theo vùng, địa phương",count_households,2021,42751,old_63,4,Cao Bằng
1.3,"Số hộ nghèo theo chuẩn nghèo đa chiều phân theo thành thị, nông thôn và theo vùng, địa phương",count_households,2022,37409,old_63,4,Cao Bằng
1.3,"Số hộ nghèo theo chuẩn nghèo đa chiều phân theo thành thị, nông thôn và theo vùng, địa phương",count_households,2023,32060,old_63,4,Cao Bằng
1.3,"Số hộ nghèo theo chuẩn nghèo đa chiều phân theo thành thị, nông thôn và theo vùng, địa phương",count_households,2024,25995,old_63,4,Cao Bằng
1.3,"Số hộ nghèo theo chuẩn nghèo đa chiều phân theo thành thị, nông thôn và theo vùng, địa phương",count_households,2016,20809,old_63,6,Bắc Kạn
1.3,"Số hộ nghèo theo chuẩn nghèo đa chiều phân theo thành thị, nông thôn và theo vùng, địa phương",count_households,2017,19379,old_63,6,Bắc Kạn
1.3,"Số hộ nghèo theo chuẩn nghèo đa chiều phân theo thành thị, nông thôn và theo vùng, địa phương",count_households,2018,17435,old_63,6,Bắc Kạn
1.3,"Số hộ nghèo theo chuẩn nghèo đa chiều phân theo thành thị, nông thôn và theo vùng, địa phương",count_households,2019,15722,old_63,6,Bắc Kạn
1.3,"Số hộ nghèo theo chuẩn nghèo đa chiều phân theo thành thị, nông thôn và theo vùng, địa phương",count_households,2020,14973,old_63,6,Bắc Kạn
1.3,"Số hộ nghèo theo chuẩn nghèo đa chiều phân theo thành thị, nông thôn và theo vùng, địa phương",count_households,2021,22308,old_63,6,Bắc Kạn
1.3,"Số hộ nghèo theo chuẩn nghèo đa chiều phân theo thành thị, nông thôn và theo vùng, địa phương",count_households,2022,20281,old_63,6,Bắc Kạn
1.3,"Số hộ nghèo theo chuẩn nghèo đa chiều phân theo thành thị, nông thôn và theo vùng, địa phương",count_households,2023,18067,old_63,6,Bắc Kạn
1.3,"Số hộ nghèo theo chuẩn nghèo đa chiều phân theo thành thị, nông thôn và theo vùng, địa phương",count_households,2024,16123,old_63,6,Bắc Kạn
1.3,"Số hộ nghèo theo chuẩn nghèo đa chiều phân theo thành thị, nông thôn và theo vùng, địa phương",count_households,2016,47377,old_63,8,Tuyên Quang
1.3,"Số hộ nghèo theo chuẩn nghèo đa chiều phân theo thành thị, nông thôn và theo vùng, địa phương",count_households,2017,39644,old_63,8,Tuyên Quang
1.3,"Số hộ nghèo theo chuẩn nghèo đa chiều phân theo thành thị, nông thôn và theo vùng, địa phương",count_households,2018,31983,old_63,8,Tuyên Quang
1.3,"Số hộ nghèo theo chuẩn nghèo đa chiều phân theo thành thị, nông thôn và theo vùng, địa phương",count_households,2019,24814,old_63,8,Tuyên Quang
1.3,"Số hộ nghèo theo chuẩn nghèo đa chiều phân theo thành thị, nông thôn và theo vùng, địa phương",count_households,2020,19103,old_63,8,Tuyên Quang
1.3,"Số hộ nghèo theo chuẩn nghèo đa chiều phân theo thành thị, nông thôn và theo vùng, địa phương",count_households,2021,50049,old_63,8,Tuyên Quang
1.3,"Số hộ nghèo theo chuẩn nghèo đa chiều phân theo thành thị, nông thôn và theo vùng, địa phương",count_households,2022,40522,old_63,8,Tuyên Quang
1.3,"Số hộ nghèo theo chuẩn nghèo đa chiều phân theo thành thị, nông thôn và theo vùng, địa phương",count_households,2023,30142,old_63,8,Tuyên Quang
1.3,"Số hộ nghèo theo chuẩn nghèo đa chiều phân theo thành thị, nông thôn và theo vùng, địa phương",count_households,2024,21895,old_63,8,Tuyên Quang
1.3,"Số hộ nghèo theo chuẩn nghèo đa chiều phân theo thành thị, nông thôn và theo vùng, địa phương",count_households,2016,43835,old_63,10,Lào Cai
1.3,"Số hộ nghèo theo chuẩn nghèo đa chiều phân theo thành thị, nông thôn và theo vùng, địa phương",count_households,2017,35746,old_63,10,Lào Cai
1.3,"Số hộ nghèo theo chuẩn nghèo đa chiều phân theo thành thị, nông thôn và theo vùng, địa phương",count_households,2018,27364,old_63,10,Lào Cai
1.3,"Số hộ nghèo theo chuẩn nghèo đa chiều phân theo thành thị, nông thôn và theo vùng, địa phương",count_households,2019,19708,old_63,10,Lào Cai
1.3,"Số hộ nghèo theo chuẩn nghèo đa chiều phân theo thành thị, nông thôn và theo vùng, địa phương",count_households,2020,19672,old_63,10,Lào Cai
1.3,"Số hộ nghèo theo chuẩn nghèo đa chiều phân theo thành thị, nông thôn và theo vùng, địa phương",count_households,2021,44355,old_63,10,Lào Cai
1.3,"Số hộ nghèo theo chuẩn nghèo đa chiều phân theo thành thị, nông thôn và theo vùng, địa phương",count_households,2022,34584,old_63,10,Lào Cai
1.3,"Số hộ nghèo theo chuẩn nghèo đa chiều phân theo thành thị, nông thôn và theo vùng, địa phương",count_households,2023,26791,old_63,10,Lào Cai
1.3,"Số hộ nghèo theo chuẩn nghèo đa chiều phân theo thành thị, nông thôn và theo vùng, địa phương",count_households,2024,20411,old_63,10,Lào Cai
1.3,"Số hộ nghèo theo chuẩn nghèo đa chiều phân theo thành thị, nông thôn và theo vùng, địa phương",count_households,2016,55437,old_63,15,Yên Bái
1.3,"Số hộ nghèo theo chuẩn nghèo đa chiều phân theo thành thị, nông thôn và theo vùng, địa phương",count_households,2017,45899,old_63,15,Yên Bái
1.3,"Số hộ nghèo theo chuẩn nghèo đa chiều phân theo thành thị, nông thôn và theo vùng, địa phương",count_households,2018,37634,old_63,15,Yên Bái
1.3,"Số hộ nghèo theo chuẩn nghèo đa chiều phân theo thành thị, nông thôn và theo vùng, địa phương",count_households,2019,25086,old_63,15,Yên Bái
1.3,"Số hộ nghèo theo chuẩn nghèo đa chiều phân theo thành thị, nông thôn và theo vùng, địa phương",count_households,2020,15372,old_63,15,Yên Bái
1.3,"Số hộ nghèo theo chuẩn nghèo đa chiều phân theo thành thị, nông thôn và theo vùng, địa phương",count_households,2021,39749,old_63,15,Yên Bái
1.3,"Số hộ nghèo theo chuẩn nghèo đa chiều phân theo thành thị, nông thôn và theo vùng, địa phương",count_households,2022,28443,old_63,15,Yên Bái
1.3,"Số hộ nghèo theo chuẩn nghèo đa chiều phân theo thành thị, nông thôn và theo vùng, địa phương",count_households,2023,20222,old_63,15,Yên Bái
1.3,"Số hộ nghèo theo chuẩn nghèo đa chiều phân theo thành thị, nông thôn và theo vùng, địa phương",count_households,2024,12575,old_63,15,Yên Bái
1.3,"Số hộ nghèo theo chuẩn nghèo đa chiều phân theo thành thị, nông thôn và theo vùng, địa phương",count_households,2016,35683,old_63,19,Thái Nguyên
1.3,"Số hộ nghèo theo chuẩn nghèo đa chiều phân theo thành thị, nông thôn và theo vùng, địa phương",count_households,2017,28810,old_63,19,Thái Nguyên
1.3,"Số hộ nghèo theo chuẩn nghèo đa chiều phân theo thành thị, nông thôn và theo vùng, địa phương",count_households,2018,20705,old_63,19,Thái Nguyên
1.3,"Số hộ nghèo theo chuẩn nghèo đa chiều phân theo thành thị, nông thôn và theo vùng, địa phương",count_households,2019,14341,old_63,19,Thái Nguyên
1.3,"Số hộ nghèo theo chuẩn nghèo đa chiều phân theo thành thị, nông thôn và theo vùng, địa phương",count_households,2020,14429,old_63,19,Thái Nguyên
1.3,"Số hộ nghèo theo chuẩn nghèo đa chiều phân theo thành thị, nông thôn và theo vùng, địa phương",count_households,2021,20595,old_63,19,Thái Nguyên
1.3,"Số hộ nghèo theo chuẩn nghèo đa chiều phân theo thành thị, nông thôn và theo vùng, địa phương",count_households,2022,14624,old_63,19,Thái Nguyên
1.3,"Số hộ nghèo theo chuẩn nghèo đa chiều phân theo thành thị, nông thôn và theo vùng, địa phương",count_households,2023,10190,old_63,19,Thái Nguyên
1.3,"Số hộ nghèo theo chuẩn nghèo đa chiều phân theo thành thị, nông thôn và theo vùng, địa phương",count_households,2024,6938,old_63,19,Thái Nguyên
1.3,"Số hộ nghèo theo chuẩn nghèo đa chiều phân theo thành thị, nông thôn và theo vùng, địa phương",count_households,2016,42490,old_63,20,Lạng Sơn
1.3,"Số hộ nghèo theo chuẩn nghèo đa chiều phân theo thành thị, nông thôn và theo vùng, địa phương",count_households,2017,36537,old_63,20,Lạng Sơn
1.3,"Số hộ nghèo theo chuẩn nghèo đa chiều phân theo thành thị, nông thôn và theo vùng, địa phương",count_households,2018,30583,old_63,20,Lạng Sơn
1.3,"Số hộ nghèo theo chuẩn nghèo đa chiều phân theo thành thị, nông thôn và theo vùng, địa phương",count_households,2019,21336,old_63,20,Lạng Sơn
1.3,"Số hộ nghèo theo chuẩn nghèo đa chiều phân theo thành thị, nông thôn và theo vùng, địa phương",count_households,2020,20512,old_63,20,Lạng Sơn
1.3,"Số hộ nghèo theo chuẩn nghèo đa chiều phân theo thành thị, nông thôn và theo vùng, địa phương",count_households,2021,23648,old_63,20,Lạng Sơn
1.3,"Số hộ nghèo theo chuẩn nghèo đa chiều phân theo thành thị, nông thôn và theo vùng, địa phương",count_households,2022,17497,old_63,20,Lạng Sơn
1.3,"Số hộ nghèo theo chuẩn nghèo đa chiều phân theo thành thị, nông thôn và theo vùng, địa phương",count_households,2023,12397,old_63,20,Lạng Sơn
1.3,"Số hộ nghèo theo chuẩn nghèo đa chiều phân theo thành thị, nông thôn và theo vùng, địa phương",count_households,2024,6912,old_63,20,Lạng Sơn
1.3,"Số hộ nghèo theo chuẩn nghèo đa chiều phân theo thành thị, nông thôn và theo vùng, địa phương",count_households,2016,51794,old_63,24,Bắc Giang
1.3,"Số hộ nghèo theo chuẩn nghèo đa chiều phân theo thành thị, nông thôn và theo vùng, địa phương",count_households,2017,42734,old_63,24,Bắc Giang
1.3,"Số hộ nghèo theo chuẩn nghèo đa chiều phân theo thành thị, nông thôn và theo vùng, địa phương",count_households,2018,33156,old_63,24,Bắc Giang
1.3,"Số hộ nghèo theo chuẩn nghèo đa chiều phân theo thành thị, nông thôn và theo vùng, địa phương",count_households,2019,23137,old_63,24,Bắc Giang
1.3,"Số hộ nghèo theo chuẩn nghèo đa chiều phân theo thành thị, nông thôn và theo vùng, địa phương",count_households,2020,16863,old_63,24,Bắc Giang
1.3,"Số hộ nghèo theo chuẩn nghèo đa chiều phân theo thành thị, nông thôn và theo vùng, địa phương",count_households,2021,24648,old_63,24,Bắc Giang
1.3,"Số hộ nghèo theo chuẩn nghèo đa chiều phân theo thành thị, nông thôn và theo vùng, địa phương",count_households,2022,17946,old_63,24,Bắc Giang
1.3,"Số hộ nghèo theo chuẩn nghèo đa chiều phân theo thành thị, nông thôn và theo vùng, địa phương",count_households,2023,12558,old_63,24,Bắc Giang
1.3,"Số hộ nghèo theo chuẩn nghèo đa chiều phân theo thành thị, nông thôn và theo vùng, địa phương",count_households,2024,8308,old_63,24,Bắc Giang
1.3,"Số hộ nghèo theo chuẩn nghèo đa chiều phân theo thành thị, nông thôn và theo vùng, địa phương",count_households,2016,41050,old_63,25,Phú Thọ
1.3,"Số hộ nghèo theo chuẩn nghèo đa chiều phân theo thành thị, nông thôn và theo vùng, địa phương",count_households,2017,35247,old_63,25,Phú Thọ
1.3,"Số hộ nghèo theo chuẩn nghèo đa chiều phân theo thành thị, nông thôn và theo vùng, địa phương",count_households,2018,28667,old_63,25,Phú Thọ
1.3,"Số hộ nghèo theo chuẩn nghèo đa chiều phân theo thành thị, nông thôn và theo vùng, địa phương",count_households,2019,22880,old_63,25,Phú Thọ
1.3,"Số hộ nghèo theo chuẩn nghèo đa chiều phân theo thành thị, nông thôn và theo vùng, địa phương",count_households,2020,10894,old_63,25,Phú Thọ
1.3,"Số hộ nghèo theo chuẩn nghèo đa chiều phân theo thành thị, nông thôn và theo vùng, địa phương",count_households,2021,24643,old_63,25,Phú Thọ
1.3,"Số hộ nghèo theo chuẩn nghèo đa chiều phân theo thành thị, nông thôn và theo vùng, địa phương",count_households,2022,21919,old_63,25,Phú Thọ
1.3,"Số hộ nghèo theo chuẩn nghèo đa chiều phân theo thành thị, nông thôn và theo vùng, địa phương",count_households,2023,18957,old_63,25,Phú Thọ
1.3,"Số hộ nghèo theo chuẩn nghèo đa chiều phân theo thành thị, nông thôn và theo vùng, địa phương",count_households,2024,15983,old_63,25,Phú Thọ
1.3,"Số hộ nghèo theo chuẩn nghèo đa chiều phân theo thành thị, nông thôn và theo vùng, địa phương",count_households,2016,54723,old_63,11,Điện Biên
1.3,"Số hộ nghèo theo chuẩn nghèo đa chiều phân theo thành thị, nông thôn và theo vùng, địa phương",count_households,2017,51188,old_63,11,Điện Biên
1.3,"Số hộ nghèo theo chuẩn nghèo đa chiều phân theo thành thị, nông thôn và theo vùng, địa phương",count_households,2018,47336,old_63,11,Điện Biên
1.3,"Số hộ nghèo theo chuẩn nghèo đa chiều phân theo thành thị, nông thôn và theo vùng, địa phương",count_households,2019,43048,old_63,11,Điện Biên
1.3,"Số hộ nghèo theo chuẩn nghèo đa chiều phân theo thành thị, nông thôn và theo vùng, địa phương",count_households,2020,39982,old_63,11,Điện Biên
1.3,"Số hộ nghèo theo chuẩn nghèo đa chiều phân theo thành thị, nông thôn và theo vùng, địa phương",count_households,2021,47327,old_63,11,Điện Biên
1.3,"Số hộ nghèo theo chuẩn nghèo đa chiều phân theo thành thị, nông thôn và theo vùng, địa phương",count_households,2022,41706,old_63,11,Điện Biên
1.3,"Số hộ nghèo theo chuẩn nghèo đa chiều phân theo thành thị, nông thôn và theo vùng, địa phương",count_households,2023,35922,old_63,11,Điện Biên
1.3,"Số hộ nghèo theo chuẩn nghèo đa chiều phân theo thành thị, nông thôn và theo vùng, địa phương",count_households,2024,30327,old_63,11,Điện Biên
1.3,"Số hộ nghèo theo chuẩn nghèo đa chiều phân theo thành thị, nông thôn và theo vùng, địa phương",count_households,2016,32259,old_63,12,Lai Châu
1.3,"Số hộ nghèo theo chuẩn nghèo đa chiều phân theo thành thị, nông thôn và theo vùng, địa phương",count_households,2017,28257,old_63,12,Lai Châu
1.3,"Số hộ nghèo theo chuẩn nghèo đa chiều phân theo thành thị, nông thôn và theo vùng, địa phương",count_households,2018,24195,old_63,12,Lai Châu
1.3,"Số hộ nghèo theo chuẩn nghèo đa chiều phân theo thành thị, nông thôn và theo vùng, địa phương",count_households,2019,20174,old_63,12,Lai Châu
1.3,"Số hộ nghèo theo chuẩn nghèo đa chiều phân theo thành thị, nông thôn và theo vùng, địa phương",count_households,2020,16745,old_63,12,Lai Châu
1.3,"Số hộ nghèo theo chuẩn nghèo đa chiều phân theo thành thị, nông thôn và theo vùng, địa phương",count_households,2021,33798,old_63,12,Lai Châu
1.3,"Số hộ nghèo theo chuẩn nghèo đa chiều phân theo thành thị, nông thôn và theo vùng, địa phương",count_households,2022,30048,old_63,12,Lai Châu
1.3,"Số hộ nghèo theo chuẩn nghèo đa chiều phân theo thành thị, nông thôn và theo vùng, địa phương",count_households,2023,25426,old_63,12,Lai Châu
1.3,"Số hộ nghèo theo chuẩn nghèo đa chiều phân theo thành thị, nông thôn và theo vùng, địa phương",count_households,2024,20961,old_63,12,Lai Châu
1.3,"Số hộ nghèo theo chuẩn nghèo đa chiều phân theo thành thị, nông thôn và theo vùng, địa phương",count_households,2016,87146,old_63,14,Sơn La
1.3,"Số hộ nghèo theo chuẩn nghèo đa chiều phân theo thành thị, nông thôn và theo vùng, địa phương",count_households,2017,81260,old_63,14,Sơn La
1.3,"Số hộ nghèo theo chuẩn nghèo đa chiều phân theo thành thị, nông thôn và theo vùng, địa phương",count_households,2018,71798,old_63,14,Sơn La
1.3,"Số hộ nghèo theo chuẩn nghèo đa chiều phân theo thành thị, nông thôn và theo vùng, địa phương",count_households,2019,62068,old_63,14,Sơn La
1.3,"Số hộ nghèo theo chuẩn nghèo đa chiều phân theo thành thị, nông thôn và theo vùng, địa phương",count_households,2020,53387,old_63,14,Sơn La
1.3,"Số hộ nghèo theo chuẩn nghèo đa chiều phân theo thành thị, nông thôn và theo vùng, địa phương",count_households,2021,63513,old_63,14,Sơn La
1.3,"Số hộ nghèo theo chuẩn nghèo đa chiều phân theo thành thị, nông thôn và theo vùng, địa phương",count_households,2022,52883,old_63,14,Sơn La
1.3,"Số hộ nghèo theo chuẩn nghèo đa chiều phân theo thành thị, nông thôn và theo vùng, địa phương",count_households,2023,42147,old_63,14,Sơn La
1.3,"Số hộ nghèo theo chuẩn nghèo đa chiều phân theo thành thị, nông thôn và theo vùng, địa phương",count_households,2024,32652,old_63,14,Sơn La
1.3,"Số hộ nghèo theo chuẩn nghèo đa chiều phân theo thành thị, nông thôn và theo vùng, địa phương",count_households,2016,44112,old_63,17,Hoà Bình
1.3,"Số hộ nghèo theo chuẩn nghèo đa chiều phân theo thành thị, nông thôn và theo vùng, địa phương",count_households,2017,38293,old_63,17,Hoà Bình
1.3,"Số hộ nghèo theo chuẩn nghèo đa chiều phân theo thành thị, nông thôn và theo vùng, địa phương",count_households,2018,31792,old_63,17,Hoà Bình
1.3,"Số hộ nghèo theo chuẩn nghèo đa chiều phân theo thành thị, nông thôn và theo vùng, địa phương",count_households,2019,24771,old_63,17,Hoà Bình
1.3,"Số hộ nghèo theo chuẩn nghèo đa chiều phân theo thành thị, nông thôn và theo vùng, địa phương",count_households,2020,18847,old_63,17,Hoà Bình
1.3,"Số hộ nghèo theo chuẩn nghèo đa chiều phân theo thành thị, nông thôn và theo vùng, địa phương",count_households,2021,34033,old_63,17,Hoà Bình
1.3,"Số hộ nghèo theo chuẩn nghèo đa chiều phân theo thành thị, nông thôn và theo vùng, địa phương",count_households,2022,27091,old_63,17,Hoà Bình
1.3,"Số hộ nghèo theo chuẩn nghèo đa chiều phân theo thành thị, nông thôn và theo vùng, địa phương",count_households,2023,20306,old_63,17,Hoà Bình
1.3,"Số hộ nghèo theo chuẩn nghèo đa chiều phân theo thành thị, nông thôn và theo vùng, địa phương",count_households,2024,14573,old_63,17,Hoà Bình
1.3,"Số hộ nghèo theo chuẩn nghèo đa chiều phân theo thành thị, nông thôn và theo vùng, địa phương",count_households,2016,24215,old_63,1,Hà Nội
1.3,"Số hộ nghèo theo chuẩn nghèo đa chiều phân theo thành thị, nông thôn và theo vùng, địa phương",count_households,2017,17465,old_63,1,Hà Nội
1.3,"Số hộ nghèo theo chuẩn nghèo đa chiều phân theo thành thị, nông thôn và theo vùng, địa phương",count_households,2018,11901,old_63,1,Hà Nội
1.3,"Số hộ nghèo theo chuẩn nghèo đa chiều phân theo thành thị, nông thôn và theo vùng, địa phương",count_households,2019,4112,old_63,1,Hà Nội
1.3,"Số hộ nghèo theo chuẩn nghèo đa chiều phân theo thành thị, nông thôn và theo vùng, địa phương",count_households,2020,1969,old_63,1,Hà Nội
1.3,"Số hộ nghèo theo chuẩn nghèo đa chiều phân theo thành thị, nông thôn và theo vùng, địa phương",count_households,2021,1289,old_63,1,Hà Nội
1.3,"Số hộ nghèo theo chuẩn nghèo đa chiều phân theo thành thị, nông thôn và theo vùng, địa phương",count_households,2022,745,old_63,1,Hà Nội
1.3,"Số hộ nghèo theo chuẩn nghèo đa chiều phân theo thành thị, nông thôn và theo vùng, địa phương",count_households,2023,255,old_63,1,Hà Nội
1.3,"Số hộ nghèo theo chuẩn nghèo đa chiều phân theo thành thị, nông thôn và theo vùng, địa phương",count_households,2024,0,old_63,1,Hà Nội
1.3,"Số hộ nghèo theo chuẩn nghèo đa chiều phân theo thành thị, nông thôn và theo vùng, địa phương",count_households,2016,11901,old_63,26,Vĩnh Phúc
1.3,"Số hộ nghèo theo chuẩn nghèo đa chiều phân theo thành thị, nông thôn và theo vùng, địa phương",count_households,2017,9368,old_63,26,Vĩnh Phúc
1.3,"Số hộ nghèo theo chuẩn nghèo đa chiều phân theo thành thị, nông thôn và theo vùng, địa phương",count_households,2018,6921,old_63,26,Vĩnh Phúc
1.3,"Số hộ nghèo theo chuẩn nghèo đa chiều phân theo thành thị, nông thôn và theo vùng, địa phương",count_households,2019,4975,old_63,26,Vĩnh Phúc
1.3,"Số hộ nghèo theo chuẩn nghèo đa chiều phân theo thành thị, nông thôn và theo vùng, địa phương",count_households,2020,3456,old_63,26,Vĩnh Phúc
1.3,"Số hộ nghèo theo chuẩn nghèo đa chiều phân theo thành thị, nông thôn và theo vùng, địa phương",count_households,2021,5207,old_63,26,Vĩnh Phúc
1.3,"Số hộ nghèo theo chuẩn nghèo đa chiều phân theo thành thị, nông thôn và theo vùng, địa phương",count_households,2022,3405,old_63,26,Vĩnh Phúc
1.3,"Số hộ nghèo theo chuẩn nghèo đa chiều phân theo thành thị, nông thôn và theo vùng, địa phương",count_households,2023,2094,old_63,26,Vĩnh Phúc
1.3,"Số hộ nghèo theo chuẩn nghèo đa chiều phân theo thành thị, nông thôn và theo vùng, địa phương",count_households,2024,1491,old_63,26,Vĩnh Phúc
1.3,"Số hộ nghèo theo chuẩn nghèo đa chiều phân theo thành thị, nông thôn và theo vùng, địa phương",count_households,2016,8266,old_63,27,Bắc Ninh
1.3,"Số hộ nghèo theo chuẩn nghèo đa chiều phân theo thành thị, nông thôn và theo vùng, địa phương",count_households,2017,6739,old_63,27,Bắc Ninh
1.3,"Số hộ nghèo theo chuẩn nghèo đa chiều phân theo thành thị, nông thôn và theo vùng, địa phương",count_households,2018,5593,old_63,27,Bắc Ninh
1.3,"Số hộ nghèo theo chuẩn nghèo đa chiều phân theo thành thị, nông thôn và theo vùng, địa phương",count_households,2019,4565,old_63,27,Bắc Ninh
1.3,"Số hộ nghèo theo chuẩn nghèo đa chiều phân theo thành thị, nông thôn và theo vùng, địa phương",count_households,2020,3816,old_63,27,Bắc Ninh
1.3,"Số hộ nghèo theo chuẩn nghèo đa chiều phân theo thành thị, nông thôn và theo vùng, địa phương",count_households,2021,4214,old_63,27,Bắc Ninh
1.3,"Số hộ nghèo theo chuẩn nghèo đa chiều phân theo thành thị, nông thôn và theo vùng, địa phương",count_households,2022,3467,old_63,27,Bắc Ninh
1.3,"Số hộ nghèo theo chuẩn nghèo đa chiều phân theo thành thị, nông thôn và theo vùng, địa phương",count_households,2023,2804,old_63,27,Bắc Ninh
1.3,"Số hộ nghèo theo chuẩn nghèo đa chiều phân theo thành thị, nông thôn và theo vùng, địa phương",count_households,2024,0,old_63,27,Bắc Ninh
1.3,"Số hộ nghèo theo chuẩn nghèo đa chiều phân theo thành thị, nông thôn và theo vùng, địa phương",count_households,2016,11582,old_63,22,Quảng Ninh
1.3,"Số hộ nghèo theo chuẩn nghèo đa chiều phân theo thành thị, nông thôn và theo vùng, địa phương",count_households,2017,7783,old_63,22,Quảng Ninh
1.3,"Số hộ nghèo theo chuẩn nghèo đa chiều phân theo thành thị, nông thôn và theo vùng, địa phương",count_households,2018,4248,old_63,22,Quảng Ninh
1.3,"Số hộ nghèo theo chuẩn nghèo đa chiều phân theo thành thị, nông thôn và theo vùng, địa phương",count_households,2019,1896,old_63,22,Quảng Ninh
1.3,"Số hộ nghèo theo chuẩn nghèo đa chiều phân theo thành thị, nông thôn và theo vùng, địa phương",count_households,2020,7732,old_63,22,Quảng Ninh
1.3,"Số hộ nghèo theo chuẩn nghèo đa chiều phân theo thành thị, nông thôn và theo vùng, địa phương",count_households,2021,1526,old_63,22,Quảng Ninh
1.3,"Số hộ nghèo theo chuẩn nghèo đa chiều phân theo thành thị, nông thôn và theo vùng, địa phương",count_households,2022,258,old_63,22,Quảng Ninh
1.3,"Số hộ nghèo theo chuẩn nghèo đa chiều phân theo thành thị, nông thôn và theo vùng, địa phương",count_households,2023,0,old_63,22,Quảng Ninh
1.3,"Số hộ nghèo theo chuẩn nghèo đa chiều phân theo thành thị, nông thôn và theo vùng, địa phương",count_households,2024,0,old_63,22,Quảng Ninh
1.3,"Số hộ nghèo theo chuẩn nghèo đa chiều phân theo thành thị, nông thôn và theo vùng, địa phương",count_households,2016,29107,old_63,30,Hải Dương
1.3,"Số hộ nghèo theo chuẩn nghèo đa chiều phân theo thành thị, nông thôn và theo vùng, địa phương",count_households,2017,21105,old_63,30,Hải Dương
1.3,"Số hộ nghèo theo chuẩn nghèo đa chiều phân theo thành thị, nông thôn và theo vùng, địa phương",count_households,2018,15255,old_63,30,Hải Dương
1.3,"Số hộ nghèo theo chuẩn nghèo đa chiều phân theo thành thị, nông thôn và theo vùng, địa phương",count_households,2019,11457,old_63,30,Hải Dương
1.3,"Số hộ nghèo theo chuẩn nghèo đa chiều phân theo thành thị, nông thôn và theo vùng, địa phương",count_households,2020,8858,old_63,30,Hải Dương
1.3,"Số hộ nghèo theo chuẩn nghèo đa chiều phân theo thành thị, nông thôn và theo vùng, địa phương",count_households,2021,13823,old_63,30,Hải Dương
1.3,"Số hộ nghèo theo chuẩn nghèo đa chiều phân theo thành thị, nông thôn và theo vùng, địa phương",count_households,2022,11037,old_63,30,Hải Dương
1.3,"Số hộ nghèo theo chuẩn nghèo đa chiều phân theo thành thị, nông thôn và theo vùng, địa phương",count_households,2023,8695,old_63,30,Hải Dương
1.3,"Số hộ nghèo theo chuẩn nghèo đa chiều phân theo thành thị, nông thôn và theo vùng, địa phương",count_households,2024,6287,old_63,30,Hải Dương
1.3,"Số hộ nghèo theo chuẩn nghèo đa chiều phân theo thành thị, nông thôn và theo vùng, địa phương",count_households,2016,15525,old_63,31,Hải Phòng
1.3,"Số hộ nghèo theo chuẩn nghèo đa chiều phân theo thành thị, nông thôn và theo vùng, địa phương",count_households,2017,11611,old_63,31,Hải Phòng
1.3,"Số hộ nghèo theo chuẩn nghèo đa chiều phân theo thành thị, nông thôn và theo vùng, địa phương",count_households,2018,8223,old_63,31,Hải Phòng
1.3,"Số hộ nghèo theo chuẩn nghèo đa chiều phân theo thành thị, nông thôn và theo vùng, địa phương",count_households,2019,4348,old_63,31,Hải Phòng
1.3,"Số hộ nghèo theo chuẩn nghèo đa chiều phân theo thành thị, nông thôn và theo vùng, địa phương",count_households,2020,1258,old_63,31,Hải Phòng
1.3,"Số hộ nghèo theo chuẩn nghèo đa chiều phân theo thành thị, nông thôn và theo vùng, địa phương",count_households,2021,8717,old_63,31,Hải Phòng
1.3,"Số hộ nghèo theo chuẩn nghèo đa chiều phân theo thành thị, nông thôn và theo vùng, địa phương",count_households,2022,4961,old_63,31,Hải Phòng
1.3,"Số hộ nghèo theo chuẩn nghèo đa chiều phân theo thành thị, nông thôn và theo vùng, địa phương",count_households,2023,2032,old_63,31,Hải Phòng
1.3,"Số hộ nghèo theo chuẩn nghèo đa chiều phân theo thành thị, nông thôn và theo vùng, địa phương",count_households,2024,0,old_63,31,Hải Phòng
1.3,"Số hộ nghèo theo chuẩn nghèo đa chiều phân theo thành thị, nông thôn và theo vùng, địa phương",count_households,2016,16661,old_63,33,Hưng Yên
1.3,"Số hộ nghèo theo chuẩn nghèo đa chiều phân theo thành thị, nông thôn và theo vùng, địa phương",count_households,2017,12640,old_63,33,Hưng Yên
1.3,"Số hộ nghèo theo chuẩn nghèo đa chiều phân theo thành thị, nông thôn và theo vùng, địa phương",count_households,2018,9953,old_63,33,Hưng Yên
1.3,"Số hộ nghèo theo chuẩn nghèo đa chiều phân theo thành thị, nông thôn và theo vùng, địa phương",count_households,2019,7575,old_63,33,Hưng Yên
1.3,"Số hộ nghèo theo chuẩn nghèo đa chiều phân theo thành thị, nông thôn và theo vùng, địa phương",count_households,2020,6025,old_63,33,Hưng Yên
1.3,"Số hộ nghèo theo chuẩn nghèo đa chiều phân theo thành thị, nông thôn và theo vùng, địa phương",count_households,2021,10368,old_63,33,Hưng Yên
1.3,"Số hộ nghèo theo chuẩn nghèo đa chiều phân theo thành thị, nông thôn và theo vùng, địa phương",count_households,2022,7855,old_63,33,Hưng Yên
1.3,"Số hộ nghèo theo chuẩn nghèo đa chiều phân theo thành thị, nông thôn và theo vùng, địa phương",count_households,2023,3483,old_63,33,Hưng Yên
1.3,"Số hộ nghèo theo chuẩn nghèo đa chiều phân theo thành thị, nông thôn và theo vùng, địa phương",count_households,2024,1794,old_63,33,Hưng Yên
1.3,"Số hộ nghèo theo chuẩn nghèo đa chiều phân theo thành thị, nông thôn và theo vùng, địa phương",count_households,2016,28747,old_63,34,Thái Bình
1.3,"Số hộ nghèo theo chuẩn nghèo đa chiều phân theo thành thị, nông thôn và theo vùng, địa phương",count_households,2017,25349,old_63,34,Thái Bình
1.3,"Số hộ nghèo theo chuẩn nghèo đa chiều phân theo thành thị, nông thôn và theo vùng, địa phương",count_households,2018,21361,old_63,34,Thái Bình
1.3,"Số hộ nghèo theo chuẩn nghèo đa chiều phân theo thành thị, nông thôn và theo vùng, địa phương",count_households,2019,17022,old_63,34,Thái Bình
1.3,"Số hộ nghèo theo chuẩn nghèo đa chiều phân theo thành thị, nông thôn và theo vùng, địa phương",count_households,2020,15279,old_63,34,Thái Bình
1.3,"Số hộ nghèo theo chuẩn nghèo đa chiều phân theo thành thị, nông thôn và theo vùng, địa phương",count_households,2021,15739,old_63,34,Thái Bình
1.3,"Số hộ nghèo theo chuẩn nghèo đa chiều phân theo thành thị, nông thôn và theo vùng, địa phương",count_households,2022,14070,old_63,34,Thái Bình
1.3,"Số hộ nghèo theo chuẩn nghèo đa chiều phân theo thành thị, nông thôn và theo vùng, địa phương",count_households,2023,11925,old_63,34,Thái Bình
1.3,"Số hộ nghèo theo chuẩn nghèo đa chiều phân theo thành thị, nông thôn và theo vùng, địa phương",count_households,2024,10384,old_63,34,Thái Bình
1.3,"Số hộ nghèo theo chuẩn nghèo đa chiều phân theo thành thị, nông thôn và theo vùng, địa phương",count_households,2016,11456,old_63,35,Hà Nam
1.3,"Số hộ nghèo theo chuẩn nghèo đa chiều phân theo thành thị, nông thôn và theo vùng, địa phương",count_households,2017,8929,old_63,35,Hà Nam
1.3,"Số hộ nghèo theo chuẩn nghèo đa chiều phân theo thành thị, nông thôn và theo vùng, địa phương",count_households,2018,7540,old_63,35,Hà Nam
1.3,"Số hộ nghèo theo chuẩn nghèo đa chiều phân theo thành thị, nông thôn và theo vùng, địa phương",count_households,2019,6635,old_63,35,Hà Nam
1.3,"Số hộ nghèo theo chuẩn nghèo đa chiều phân theo thành thị, nông thôn và theo vùng, địa phương",count_households,2020,5201,old_63,35,Hà Nam
1.3,"Số hộ nghèo theo chuẩn nghèo đa chiều phân theo thành thị, nông thôn và theo vùng, địa phương",count_households,2021,10265,old_63,35,Hà Nam
1.3,"Số hộ nghèo theo chuẩn nghèo đa chiều phân theo thành thị, nông thôn và theo vùng, địa phương",count_households,2022,7571,old_63,35,Hà Nam
1.3,"Số hộ nghèo theo chuẩn nghèo đa chiều phân theo thành thị, nông thôn và theo vùng, địa phương",count_households,2023,5915,old_63,35,Hà Nam
1.3,"Số hộ nghèo theo chuẩn nghèo đa chiều phân theo thành thị, nông thôn và theo vùng, địa phương",count_households,2024,4321,old_63,35,Hà Nam
1.3,"Số hộ nghèo theo chuẩn nghèo đa chiều phân theo thành thị, nông thôn và theo vùng, địa phương",count_households,2016,23477,old_63,36,Nam Định
1.3,"Số hộ nghèo theo chuẩn nghèo đa chiều phân theo thành thị, nông thôn và theo vùng, địa phương",count_households,2017,18267,old_63,36,Nam Định
1.3,"Số hộ nghèo theo chuẩn nghèo đa chiều phân theo thành thị, nông thôn và theo vùng, địa phương",count_households,2018,13106,old_63,36,Nam Định
1.3,"Số hộ nghèo theo chuẩn nghèo đa chiều phân theo thành thị, nông thôn và theo vùng, địa phương",count_households,2019,9443,old_63,36,Nam Định
1.3,"Số hộ nghèo theo chuẩn nghèo đa chiều phân theo thành thị, nông thôn và theo vùng, địa phương",count_households,2020,5338,old_63,36,Nam Định
1.3,"Số hộ nghèo theo chuẩn nghèo đa chiều phân theo thành thị, nông thôn và theo vùng, địa phương",count_households,2021,11088,old_63,36,Nam Định
1.3,"Số hộ nghèo theo chuẩn nghèo đa chiều phân theo thành thị, nông thôn và theo vùng, địa phương",count_households,2022,8522,old_63,36,Nam Định
1.3,"Số hộ nghèo theo chuẩn nghèo đa chiều phân theo thành thị, nông thôn và theo vùng, địa phương",count_households,2023,7041,old_63,36,Nam Định
1.3,"Số hộ nghèo theo chuẩn nghèo đa chiều phân theo thành thị, nông thôn và theo vùng, địa phương",count_households,2024,6131,old_63,36,Nam Định
1.3,"Số hộ nghèo theo chuẩn nghèo đa chiều phân theo thành thị, nông thôn và theo vùng, địa phương",count_households,2016,16808,old_63,37,Ninh Bình
1.3,"Số hộ nghèo theo chuẩn nghèo đa chiều phân theo thành thị, nông thôn và theo vùng, địa phương",count_households,2017,13455,old_63,37,Ninh Bình
1.3,"Số hộ nghèo theo chuẩn nghèo đa chiều phân theo thành thị, nông thôn và theo vùng, địa phương",count_households,2018,10951,old_63,37,Ninh Bình
1.3,"Số hộ nghèo theo chuẩn nghèo đa chiều phân theo thành thị, nông thôn và theo vùng, địa phương",count_households,2019,7898,old_63,37,Ninh Bình
1.3,"Số hộ nghèo theo chuẩn nghèo đa chiều phân theo thành thị, nông thôn và theo vùng, địa phương",count_households,2020,5827,old_63,37,Ninh Bình
1.3,"Số hộ nghèo theo chuẩn nghèo đa chiều phân theo thành thị, nông thôn và theo vùng, địa phương",count_households,2021,9553,old_63,37,Ninh Bình
1.3,"Số hộ nghèo theo chuẩn nghèo đa chiều phân theo thành thị, nông thôn và theo vùng, địa phương",count_households,2022,7438,old_63,37,Ninh Bình
1.3,"Số hộ nghèo theo chuẩn nghèo đa chiều phân theo thành thị, nông thôn và theo vùng, địa phương",count_households,2023,5905,old_63,37,Ninh Bình
1.3,"Số hộ nghèo theo chuẩn nghèo đa chiều phân theo thành thị, nông thôn và theo vùng, địa phương",count_households,2024,4720,old_63,37,Ninh Bình
1.3,"Số hộ nghèo theo chuẩn nghèo đa chiều phân theo thành thị, nông thôn và theo vùng, địa phương",count_households,2016,105855,old_63,38,Thanh Hóa
1.3,"Số hộ nghèo theo chuẩn nghèo đa chiều phân theo thành thị, nông thôn và theo vùng, địa phương",count_households,2017,81758,old_63,38,Thanh Hóa
1.3,"Số hộ nghèo theo chuẩn nghèo đa chiều phân theo thành thị, nông thôn và theo vùng, địa phương",count_households,2018,54918,old_63,38,Thanh Hóa
1.3,"Số hộ nghèo theo chuẩn nghèo đa chiều phân theo thành thị, nông thôn và theo vùng, địa phương",count_households,2019,32230,old_63,38,Thanh Hóa
1.3,"Số hộ nghèo theo chuẩn nghèo đa chiều phân theo thành thị, nông thôn và theo vùng, địa phương",count_households,2020,21923,old_63,38,Thanh Hóa
1.3,"Số hộ nghèo theo chuẩn nghèo đa chiều phân theo thành thị, nông thôn và theo vùng, địa phương",count_households,2021,67684,old_63,38,Thanh Hóa
1.3,"Số hộ nghèo theo chuẩn nghèo đa chiều phân theo thành thị, nông thôn và theo vùng, địa phương",count_households,2022,49893,old_63,38,Thanh Hóa
1.3,"Số hộ nghèo theo chuẩn nghèo đa chiều phân theo thành thị, nông thôn và theo vùng, địa phương",count_households,2023,35320,old_63,38,Thanh Hóa
1.3,"Số hộ nghèo theo chuẩn nghèo đa chiều phân theo thành thị, nông thôn và theo vùng, địa phương",count_households,2024,20660,old_63,38,Thanh Hóa
1.3,"Số hộ nghèo theo chuẩn nghèo đa chiều phân theo thành thị, nông thôn và theo vùng, địa phương",count_households,2016,80168,old_63,40,Nghệ An
1.3,"Số hộ nghèo theo chuẩn nghèo đa chiều phân theo thành thị, nông thôn và theo vùng, địa phương",count_households,2017,65435,old_63,40,Nghệ An
1.3,"Số hộ nghèo theo chuẩn nghèo đa chiều phân theo thành thị, nông thôn và theo vùng, địa phương",count_households,2018,51949,old_63,40,Nghệ An
1.3,"Số hộ nghèo theo chuẩn nghèo đa chiều phân theo thành thị, nông thôn và theo vùng, địa phương",count_households,2019,41041,old_63,40,Nghệ An
1.3,"Số hộ nghèo theo chuẩn nghèo đa chiều phân theo thành thị, nông thôn và theo vùng, địa phương",count_households,2020,34161,old_63,40,Nghệ An
1.3,"Số hộ nghèo theo chuẩn nghèo đa chiều phân theo thành thị, nông thôn và theo vùng, địa phương",count_households,2021,66709,old_63,40,Nghệ An
1.3,"Số hộ nghèo theo chuẩn nghèo đa chiều phân theo thành thị, nông thôn và theo vùng, địa phương",count_households,2022,55348,old_63,40,Nghệ An
1.3,"Số hộ nghèo theo chuẩn nghèo đa chiều phân theo thành thị, nông thôn và theo vùng, địa phương",count_households,2023,45333,old_63,40,Nghệ An
1.3,"Số hộ nghèo theo chuẩn nghèo đa chiều phân theo thành thị, nông thôn và theo vùng, địa phương",count_households,2024,36703,old_63,40,Nghệ An
1.3,"Số hộ nghèo theo chuẩn nghèo đa chiều phân theo thành thị, nông thôn và theo vùng, địa phương",count_households,2016,39033,old_63,42,Hà Tĩnh
1.3,"Số hộ nghèo theo chuẩn nghèo đa chiều phân theo thành thị, nông thôn và theo vùng, địa phương",count_households,2017,32180,old_63,42,Hà Tĩnh
1.3,"Số hộ nghèo theo chuẩn nghèo đa chiều phân theo thành thị, nông thôn và theo vùng, địa phương",count_households,2018,26140,old_63,42,Hà Tĩnh
1.3,"Số hộ nghèo theo chuẩn nghèo đa chiều phân theo thành thị, nông thôn và theo vùng, địa phương",count_households,2019,17352,old_63,42,Hà Tĩnh
1.3,"Số hộ nghèo theo chuẩn nghèo đa chiều phân theo thành thị, nông thôn và theo vùng, địa phương",count_households,2020,13412,old_63,42,Hà Tĩnh
1.3,"Số hộ nghèo theo chuẩn nghèo đa chiều phân theo thành thị, nông thôn và theo vùng, địa phương",count_households,2021,17848,old_63,42,Hà Tĩnh
1.3,"Số hộ nghèo theo chuẩn nghèo đa chiều phân theo thành thị, nông thôn và theo vùng, địa phương",count_households,2022,14527,old_63,42,Hà Tĩnh
1.3,"Số hộ nghèo theo chuẩn nghèo đa chiều phân theo thành thị, nông thôn và theo vùng, địa phương",count_households,2023,11572,old_63,42,Hà Tĩnh
1.3,"Số hộ nghèo theo chuẩn nghèo đa chiều phân theo thành thị, nông thôn và theo vùng, địa phương",count_households,2024,9236,old_63,42,Hà Tĩnh
1.3,"Số hộ nghèo theo chuẩn nghèo đa chiều phân theo thành thị, nông thôn và theo vùng, địa phương",count_households,2016,28885,old_63,44,Quảng Bình
1.3,"Số hộ nghèo theo chuẩn nghèo đa chiều phân theo thành thị, nông thôn và theo vùng, địa phương",count_households,2017,23219,old_63,44,Quảng Bình
1.3,"Số hộ nghèo theo chuẩn nghèo đa chiều phân theo thành thị, nông thôn và theo vùng, địa phương",count_households,2018,17298,old_63,44,Quảng Bình
1.3,"Số hộ nghèo theo chuẩn nghèo đa chiều phân theo thành thị, nông thôn và theo vùng, địa phương",count_households,2019,12393,old_63,44,Quảng Bình
1.3,"Số hộ nghèo theo chuẩn nghèo đa chiều phân theo thành thị, nông thôn và theo vùng, địa phương",count_households,2020,9887,old_63,44,Quảng Bình
1.3,"Số hộ nghèo theo chuẩn nghèo đa chiều phân theo thành thị, nông thôn và theo vùng, địa phương",count_households,2021,16684,old_63,44,Quảng Bình
1.3,"Số hộ nghèo theo chuẩn nghèo đa chiều phân theo thành thị, nông thôn và theo vùng, địa phương",count_households,2022,12855,old_63,44,Quảng Bình
1.3,"Số hộ nghèo theo chuẩn nghèo đa chiều phân theo thành thị, nông thôn và theo vùng, địa phương",count_households,2023,10473,old_63,44,Quảng Bình
1.3,"Số hộ nghèo theo chuẩn nghèo đa chiều phân theo thành thị, nông thôn và theo vùng, địa phương",count_households,2024,8162,old_63,44,Quảng Bình
1.3,"Số hộ nghèo theo chuẩn nghèo đa chiều phân theo thành thị, nông thôn và theo vùng, địa phương",count_households,2016,22313,old_63,45,Quảng Trị
1.3,"Số hộ nghèo theo chuẩn nghèo đa chiều phân theo thành thị, nông thôn và theo vùng, địa phương",count_households,2017,19541,old_63,45,Quảng Trị
1.3,"Số hộ nghèo theo chuẩn nghèo đa chiều phân theo thành thị, nông thôn và theo vùng, địa phương",count_households,2018,16723,old_63,45,Quảng Trị
1.3,"Số hộ nghèo theo chuẩn nghèo đa chiều phân theo thành thị, nông thôn và theo vùng, địa phương",count_households,2019,14101,old_63,45,Quảng Trị
1.3,"Số hộ nghèo theo chuẩn nghèo đa chiều phân theo thành thị, nông thôn và theo vùng, địa phương",count_households,2020,12505,old_63,45,Quảng Trị
1.3,"Số hộ nghèo theo chuẩn nghèo đa chiều phân theo thành thị, nông thôn và theo vùng, địa phương",count_households,2021,18904,old_63,45,Quảng Trị
1.3,"Số hộ nghèo theo chuẩn nghèo đa chiều phân theo thành thị, nông thôn và theo vùng, địa phương",count_households,2022,16512,old_63,45,Quảng Trị
1.3,"Số hộ nghèo theo chuẩn nghèo đa chiều phân theo thành thị, nông thôn và theo vùng, địa phương",count_households,2023,14040,old_63,45,Quảng Trị
1.3,"Số hộ nghèo theo chuẩn nghèo đa chiều phân theo thành thị, nông thôn và theo vùng, địa phương",count_households,2024,11643,old_63,45,Quảng Trị
1.3,"Số hộ nghèo theo chuẩn nghèo đa chiều phân theo thành thị, nông thôn và theo vùng, địa phương",count_households,2016,20623,old_63,46,Thừa Thiên Huế
1.3,"Số hộ nghèo theo chuẩn nghèo đa chiều phân theo thành thị, nông thôn và theo vùng, địa phương",count_households,2017,17662,old_63,46,Thừa Thiên Huế
1.3,"Số hộ nghèo theo chuẩn nghèo đa chiều phân theo thành thị, nông thôn và theo vùng, địa phương",count_households,2018,15153,old_63,46,Thừa Thiên Huế
1.3,"Số hộ nghèo theo chuẩn nghèo đa chiều phân theo thành thị, nông thôn và theo vùng, địa phương",count_households,2019,12901,old_63,46,Thừa Thiên Huế
1.3,"Số hộ nghèo theo chuẩn nghèo đa chiều phân theo thành thị, nông thôn và theo vùng, địa phương",count_households,2020,10871,old_63,46,Thừa Thiên Huế
1.3,"Số hộ nghèo theo chuẩn nghèo đa chiều phân theo thành thị, nông thôn và theo vùng, địa phương",count_households,2021,16008,old_63,46,Thừa Thiên Huế
1.3,"Số hộ nghèo theo chuẩn nghèo đa chiều phân theo thành thị, nông thôn và theo vùng, địa phương",count_households,2022,11735,old_63,46,Thừa Thiên Huế
1.3,"Số hộ nghèo theo chuẩn nghèo đa chiều phân theo thành thị, nông thôn và theo vùng, địa phương",count_households,2023,7540,old_63,46,Thừa Thiên Huế
1.3,"Số hộ nghèo theo chuẩn nghèo đa chiều phân theo thành thị, nông thôn và theo vùng, địa phương",count_households,2024,4689,old_63,46,Thừa Thiên Huế
1.3,"Số hộ nghèo theo chuẩn nghèo đa chiều phân theo thành thị, nông thôn và theo vùng, địa phương",count_households,2016,7295,old_63,48,Đà Nẵng
1.3,"Số hộ nghèo theo chuẩn nghèo đa chiều phân theo thành thị, nông thôn và theo vùng, địa phương",count_households,2017,4990,old_63,48,Đà Nẵng
1.3,"Số hộ nghèo theo chuẩn nghèo đa chiều phân theo thành thị, nông thôn và theo vùng, địa phương",count_households,2018,2578,old_63,48,Đà Nẵng
1.3,"Số hộ nghèo theo chuẩn nghèo đa chiều phân theo thành thị, nông thôn và theo vùng, địa phương",count_households,2019,3421,old_63,48,Đà Nẵng
1.3,"Số hộ nghèo theo chuẩn nghèo đa chiều phân theo thành thị, nông thôn và theo vùng, địa phương",count_households,2020,3065,old_63,48,Đà Nẵng
1.3,"Số hộ nghèo theo chuẩn nghèo đa chiều phân theo thành thị, nông thôn và theo vùng, địa phương",count_households,2021,4320,old_63,48,Đà Nẵng
1.3,"Số hộ nghèo theo chuẩn nghèo đa chiều phân theo thành thị, nông thôn và theo vùng, địa phương",count_households,2022,3806,old_63,48,Đà Nẵng
1.3,"Số hộ nghèo theo chuẩn nghèo đa chiều phân theo thành thị, nông thôn và theo vùng, địa phương",count_households,2023,3379,old_63,48,Đà Nẵng
1.3,"Số hộ nghèo theo chuẩn nghèo đa chiều phân theo thành thị, nông thôn và theo vùng, địa phương",count_households,2024,2599,old_63,48,Đà Nẵng
1.3,"Số hộ nghèo theo chuẩn nghèo đa chiều phân theo thành thị, nông thôn và theo vùng, địa phương",count_households,2016,45330,old_63,49,Quảng Nam
1.3,"Số hộ nghèo theo chuẩn nghèo đa chiều phân theo thành thị, nông thôn và theo vùng, địa phương",count_households,2017,38112,old_63,49,Quảng Nam
1.3,"Số hộ nghèo theo chuẩn nghèo đa chiều phân theo thành thị, nông thôn và theo vùng, địa phương",count_households,2018,31537,old_63,49,Quảng Nam
1.3,"Số hộ nghèo theo chuẩn nghèo đa chiều phân theo thành thị, nông thôn và theo vùng, địa phương",count_households,2019,25650,old_63,49,Quảng Nam
1.3,"Số hộ nghèo theo chuẩn nghèo đa chiều phân theo thành thị, nông thôn và theo vùng, địa phương",count_households,2020,22368,old_63,49,Quảng Nam
1.3,"Số hộ nghèo theo chuẩn nghèo đa chiều phân theo thành thị, nông thôn và theo vùng, địa phương",count_households,2021,33147,old_63,49,Quảng Nam
1.3,"Số hộ nghèo theo chuẩn nghèo đa chiều phân theo thành thị, nông thôn và theo vùng, địa phương",count_households,2022,29146,old_63,49,Quảng Nam
1.3,"Số hộ nghèo theo chuẩn nghèo đa chiều phân theo thành thị, nông thôn và theo vùng, địa phương",count_households,2023,24669,old_63,49,Quảng Nam
1.3,"Số hộ nghèo theo chuẩn nghèo đa chiều phân theo thành thị, nông thôn và theo vùng, địa phương",count_households,2024,20272,old_63,49,Quảng Nam
1.3,"Số hộ nghèo theo chuẩn nghèo đa chiều phân theo thành thị, nông thôn và theo vùng, địa phương",count_households,2016,45260,old_63,51,Quảng Ngãi
1.3,"Số hộ nghèo theo chuẩn nghèo đa chiều phân theo thành thị, nông thôn và theo vùng, địa phương",count_households,2017,39127,old_63,51,Quảng Ngãi
1.3,"Số hộ nghèo theo chuẩn nghèo đa chiều phân theo thành thị, nông thôn và theo vùng, địa phương",count_households,2018,33381,old_63,51,Quảng Ngãi
1.3,"Số hộ nghèo theo chuẩn nghèo đa chiều phân theo thành thị, nông thôn và theo vùng, địa phương",count_households,2019,27964,old_63,51,Quảng Ngãi
1.3,"Số hộ nghèo theo chuẩn nghèo đa chiều phân theo thành thị, nông thôn và theo vùng, địa phương",count_households,2020,23537,old_63,51,Quảng Ngãi
1.3,"Số hộ nghèo theo chuẩn nghèo đa chiều phân theo thành thị, nông thôn và theo vùng, địa phương",count_households,2021,33782,old_63,51,Quảng Ngãi
1.3,"Số hộ nghèo theo chuẩn nghèo đa chiều phân theo thành thị, nông thôn và theo vùng, địa phương",count_households,2022,29229,old_63,51,Quảng Ngãi
1.3,"Số hộ nghèo theo chuẩn nghèo đa chiều phân theo thành thị, nông thôn và theo vùng, địa phương",count_households,2023,23317,old_63,51,Quảng Ngãi
1.3,"Số hộ nghèo theo chuẩn nghèo đa chiều phân theo thành thị, nông thôn và theo vùng, địa phương",count_households,2024,16368,old_63,51,Quảng Ngãi
1.3,"Số hộ nghèo theo chuẩn nghèo đa chiều phân theo thành thị, nông thôn và theo vùng, địa phương",count_households,2016,44637,old_63,52,Bình Định
1.3,"Số hộ nghèo theo chuẩn nghèo đa chiều phân theo thành thị, nông thôn và theo vùng, địa phương",count_households,2017,37181,old_63,52,Bình Định
1.3,"Số hộ nghèo theo chuẩn nghèo đa chiều phân theo thành thị, nông thôn và theo vùng, địa phương",count_households,2018,30067,old_63,52,Bình Định
1.3,"Số hộ nghèo theo chuẩn nghèo đa chiều phân theo thành thị, nông thôn và theo vùng, địa phương",count_households,2019,23261,old_63,52,Bình Định
1.3,"Số hộ nghèo theo chuẩn nghèo đa chiều phân theo thành thị, nông thôn và theo vùng, địa phương",count_households,2020,17980,old_63,52,Bình Định
1.3,"Số hộ nghèo theo chuẩn nghèo đa chiều phân theo thành thị, nông thôn và theo vùng, địa phương",count_households,2021,25321,old_63,52,Bình Định
1.3,"Số hộ nghèo theo chuẩn nghèo đa chiều phân theo thành thị, nông thôn và theo vùng, địa phương",count_households,2022,19805,old_63,52,Bình Định
1.3,"Số hộ nghèo theo chuẩn nghèo đa chiều phân theo thành thị, nông thôn và theo vùng, địa phương",count_households,2023,13834,old_63,52,Bình Định
1.3,"Số hộ nghèo theo chuẩn nghèo đa chiều phân theo thành thị, nông thôn và theo vùng, địa phương",count_households,2024,4517,old_63,52,Bình Định
1.3,"Số hộ nghèo theo chuẩn nghèo đa chiều phân theo thành thị, nông thôn và theo vùng, địa phương",count_households,2016,25765,old_63,54,Phú Yên
1.3,"Số hộ nghèo theo chuẩn nghèo đa chiều phân theo thành thị, nông thôn và theo vùng, địa phương",count_households,2017,20258,old_63,54,Phú Yên
1.3,"Số hộ nghèo theo chuẩn nghèo đa chiều phân theo thành thị, nông thôn và theo vùng, địa phương",count_households,2018,15150,old_63,54,Phú Yên
1.3,"Số hộ nghèo theo chuẩn nghèo đa chiều phân theo thành thị, nông thôn và theo vùng, địa phương",count_households,2019,10271,old_63,54,Phú Yên
1.3,"Số hộ nghèo theo chuẩn nghèo đa chiều phân theo thành thị, nông thôn và theo vùng, địa phương",count_households,2020,7756,old_63,54,Phú Yên
1.3,"Số hộ nghèo theo chuẩn nghèo đa chiều phân theo thành thị, nông thôn và theo vùng, địa phương",count_households,2021,13046,old_63,54,Phú Yên
1.3,"Số hộ nghèo theo chuẩn nghèo đa chiều phân theo thành thị, nông thôn và theo vùng, địa phương",count_households,2022,10781,old_63,54,Phú Yên
1.3,"Số hộ nghèo theo chuẩn nghèo đa chiều phân theo thành thị, nông thôn và theo vùng, địa phương",count_households,2023,8480,old_63,54,Phú Yên
1.3,"Số hộ nghèo theo chuẩn nghèo đa chiều phân theo thành thị, nông thôn và theo vùng, địa phương",count_households,2024,6483,old_63,54,Phú Yên
1.3,"Số hộ nghèo theo chuẩn nghèo đa chiều phân theo thành thị, nông thôn và theo vùng, địa phương",count_households,2016,21379,old_63,56,Khánh Hòa
1.3,"Số hộ nghèo theo chuẩn nghèo đa chiều phân theo thành thị, nông thôn và theo vùng, địa phương",count_households,2017,19142,old_63,56,Khánh Hòa
1.3,"Số hộ nghèo theo chuẩn nghèo đa chiều phân theo thành thị, nông thôn và theo vùng, địa phương",count_households,2018,15035,old_63,56,Khánh Hòa
1.3,"Số hộ nghèo theo chuẩn nghèo đa chiều phân theo thành thị, nông thôn và theo vùng, địa phương",count_households,2019,10143,old_63,56,Khánh Hòa
1.3,"Số hộ nghèo theo chuẩn nghèo đa chiều phân theo thành thị, nông thôn và theo vùng, địa phương",count_households,2020,6968,old_63,56,Khánh Hòa
1.3,"Số hộ nghèo theo chuẩn nghèo đa chiều phân theo thành thị, nông thôn và theo vùng, địa phương",count_households,2021,12858,old_63,56,Khánh Hòa
1.3,"Số hộ nghèo theo chuẩn nghèo đa chiều phân theo thành thị, nông thôn và theo vùng, địa phương",count_households,2022,10826,old_63,56,Khánh Hòa
1.3,"Số hộ nghèo theo chuẩn nghèo đa chiều phân theo thành thị, nông thôn và theo vùng, địa phương",count_households,2023,7298,old_63,56,Khánh Hòa
1.3,"Số hộ nghèo theo chuẩn nghèo đa chiều phân theo thành thị, nông thôn và theo vùng, địa phương",count_households,2024,4348,old_63,56,Khánh Hòa
1.3,"Số hộ nghèo theo chuẩn nghèo đa chiều phân theo thành thị, nông thôn và theo vùng, địa phương",count_households,2016,20253,old_63,58,Ninh Thuận
1.3,"Số hộ nghèo theo chuẩn nghèo đa chiều phân theo thành thị, nông thôn và theo vùng, địa phương",count_households,2017,17284,old_63,58,Ninh Thuận
1.3,"Số hộ nghèo theo chuẩn nghèo đa chiều phân theo thành thị, nông thôn và theo vùng, địa phương",count_households,2018,14391,old_63,58,Ninh Thuận
1.3,"Số hộ nghèo theo chuẩn nghèo đa chiều phân theo thành thị, nông thôn và theo vùng, địa phương",count_households,2019,11925,old_63,58,Ninh Thuận
1.3,"Số hộ nghèo theo chuẩn nghèo đa chiều phân theo thành thị, nông thôn và theo vùng, địa phương",count_households,2020,9606,old_63,58,Ninh Thuận
1.3,"Số hộ nghèo theo chuẩn nghèo đa chiều phân theo thành thị, nông thôn và theo vùng, địa phương",count_households,2021,14255,old_63,58,Ninh Thuận
1.3,"Số hộ nghèo theo chuẩn nghèo đa chiều phân theo thành thị, nông thôn và theo vùng, địa phương",count_households,2022,11015,old_63,58,Ninh Thuận
1.3,"Số hộ nghèo theo chuẩn nghèo đa chiều phân theo thành thị, nông thôn và theo vùng, địa phương",count_households,2023,7874,old_63,58,Ninh Thuận
1.3,"Số hộ nghèo theo chuẩn nghèo đa chiều phân theo thành thị, nông thôn và theo vùng, địa phương",count_households,2024,4971,old_63,58,Ninh Thuận
1.3,"Số hộ nghèo theo chuẩn nghèo đa chiều phân theo thành thị, nông thôn và theo vùng, địa phương",count_households,2016,13753,old_63,60,Bình Thuận
1.3,"Số hộ nghèo theo chuẩn nghèo đa chiều phân theo thành thị, nông thôn và theo vùng, địa phương",count_households,2017,11085,old_63,60,Bình Thuận
1.3,"Số hộ nghèo theo chuẩn nghèo đa chiều phân theo thành thị, nông thôn và theo vùng, địa phương",count_households,2018,8289,old_63,60,Bình Thuận
1.3,"Số hộ nghèo theo chuẩn nghèo đa chiều phân theo thành thị, nông thôn và theo vùng, địa phương",count_households,2019,6323,old_63,60,Bình Thuận
1.3,"Số hộ nghèo theo chuẩn nghèo đa chiều phân theo thành thị, nông thôn và theo vùng, địa phương",count_households,2020,4363,old_63,60,Bình Thuận
1.3,"Số hộ nghèo theo chuẩn nghèo đa chiều phân theo thành thị, nông thôn và theo vùng, địa phương",count_households,2021,10689,old_63,60,Bình Thuận
1.3,"Số hộ nghèo theo chuẩn nghèo đa chiều phân theo thành thị, nông thôn và theo vùng, địa phương",count_households,2022,8659,old_63,60,Bình Thuận
1.3,"Số hộ nghèo theo chuẩn nghèo đa chiều phân theo thành thị, nông thôn và theo vùng, địa phương",count_households,2023,6621,old_63,60,Bình Thuận
1.3,"Số hộ nghèo theo chuẩn nghèo đa chiều phân theo thành thị, nông thôn và theo vùng, địa phương",count_households,2024,4850,old_63,60,Bình Thuận
1.3,"Số hộ nghèo theo chuẩn nghèo đa chiều phân theo thành thị, nông thôn và theo vùng, địa phương",count_households,2016,28990,old_63,62,Kon Tum
1.3,"Số hộ nghèo theo chuẩn nghèo đa chiều phân theo thành thị, nông thôn và theo vùng, địa phương",count_households,2017,26164,old_63,62,Kon Tum
1.3,"Số hộ nghèo theo chuẩn nghèo đa chiều phân theo thành thị, nông thôn và theo vùng, địa phương",count_households,2018,22851,old_63,62,Kon Tum
1.3,"Số hộ nghèo theo chuẩn nghèo đa chiều phân theo thành thị, nông thôn và theo vùng, địa phương",count_households,2019,18858,old_63,62,Kon Tum
1.3,"Số hộ nghèo theo chuẩn nghèo đa chiều phân theo thành thị, nông thôn và theo vùng, địa phương",count_households,2020,14601,old_63,62,Kon Tum
1.3,"Số hộ nghèo theo chuẩn nghèo đa chiều phân theo thành thị, nông thôn và theo vùng, địa phương",count_households,2021,22027,old_63,62,Kon Tum
1.3,"Số hộ nghèo theo chuẩn nghèo đa chiều phân theo thành thị, nông thôn và theo vùng, địa phương",count_households,2022,15943,old_63,62,Kon Tum
1.3,"Số hộ nghèo theo chuẩn nghèo đa chiều phân theo thành thị, nông thôn và theo vùng, địa phương",count_households,2023,10220,old_63,62,Kon Tum
1.3,"Số hộ nghèo theo chuẩn nghèo đa chiều phân theo thành thị, nông thôn và theo vùng, địa phương",count_households,2024,6557,old_63,62,Kon Tum
1.3,"Số hộ nghèo theo chuẩn nghèo đa chiều phân theo thành thị, nông thôn và theo vùng, địa phương",count_households,2016,54925,old_63,64,Gia Lai
1.3,"Số hộ nghèo theo chuẩn nghèo đa chiều phân theo thành thị, nông thôn và theo vùng, địa phương",count_households,2017,45340,old_63,64,Gia Lai
1.3,"Số hộ nghèo theo chuẩn nghèo đa chiều phân theo thành thị, nông thôn và theo vùng, địa phương",count_households,2018,34873,old_63,64,Gia Lai
1.3,"Số hộ nghèo theo chuẩn nghèo đa chiều phân theo thành thị, nông thôn và theo vùng, địa phương",count_households,2019,25807,old_63,64,Gia Lai
1.3,"Số hộ nghèo theo chuẩn nghèo đa chiều phân theo thành thị, nông thôn và theo vùng, địa phương",count_households,2020,19958,old_63,64,Gia Lai
1.3,"Số hộ nghèo theo chuẩn nghèo đa chiều phân theo thành thị, nông thôn và theo vùng, địa phương",count_households,2021,45965,old_63,64,Gia Lai
1.3,"Số hộ nghèo theo chuẩn nghèo đa chiều phân theo thành thị, nông thôn và theo vùng, địa phương",count_households,2022,38550,old_63,64,Gia Lai
1.3,"Số hộ nghèo theo chuẩn nghèo đa chiều phân theo thành thị, nông thôn và theo vùng, địa phương",count_households,2023,31502,old_63,64,Gia Lai
1.3,"Số hộ nghèo theo chuẩn nghèo đa chiều phân theo thành thị, nông thôn và theo vùng, địa phương",count_households,2024,23852,old_63,64,Gia Lai
1.3,"Số hộ nghèo theo chuẩn nghèo đa chiều phân theo thành thị, nông thôn và theo vùng, địa phương",count_households,2016,76434,old_63,66,Đắk Lắk
1.3,"Số hộ nghèo theo chuẩn nghèo đa chiều phân theo thành thị, nông thôn và theo vùng, địa phương",count_households,2017,66956,old_63,66,Đắk Lắk
1.3,"Số hộ nghèo theo chuẩn nghèo đa chiều phân theo thành thị, nông thôn và theo vùng, địa phương",count_households,2018,57180,old_63,66,Đắk Lắk
1.3,"Số hộ nghèo theo chuẩn nghèo đa chiều phân theo thành thị, nông thôn và theo vùng, địa phương",count_households,2019,46033,old_63,66,Đắk Lắk
1.3,"Số hộ nghèo theo chuẩn nghèo đa chiều phân theo thành thị, nông thôn và theo vùng, địa phương",count_households,2020,3925,old_63,66,Đắk Lắk
1.3,"Số hộ nghèo theo chuẩn nghèo đa chiều phân theo thành thị, nông thôn và theo vùng, địa phương",count_households,2021,63767,old_63,66,Đắk Lắk
1.3,"Số hộ nghèo theo chuẩn nghèo đa chiều phân theo thành thị, nông thôn và theo vùng, địa phương",count_households,2022,54689,old_63,66,Đắk Lắk
1.3,"Số hộ nghèo theo chuẩn nghèo đa chiều phân theo thành thị, nông thôn và theo vùng, địa phương",count_households,2023,46091,old_63,66,Đắk Lắk
1.3,"Số hộ nghèo theo chuẩn nghèo đa chiều phân theo thành thị, nông thôn và theo vùng, địa phương",count_households,2024,34434,old_63,66,Đắk Lắk
1.3,"Số hộ nghèo theo chuẩn nghèo đa chiều phân theo thành thị, nông thôn và theo vùng, địa phương",count_households,2016,28739,old_63,67,Đắk Nông
1.3,"Số hộ nghèo theo chuẩn nghèo đa chiều phân theo thành thị, nông thôn và theo vùng, địa phương",count_households,2017,25144,old_63,67,Đắk Nông
1.3,"Số hộ nghèo theo chuẩn nghèo đa chiều phân theo thành thị, nông thôn và theo vùng, địa phương",count_households,2018,21070,old_63,67,Đắk Nông
1.3,"Số hộ nghèo theo chuẩn nghèo đa chiều phân theo thành thị, nông thôn và theo vùng, địa phương",count_households,2019,17128,old_63,67,Đắk Nông
1.3,"Số hộ nghèo theo chuẩn nghèo đa chiều phân theo thành thị, nông thôn và theo vùng, địa phương",count_households,2020,11785,old_63,67,Đắk Nông
1.3,"Số hộ nghèo theo chuẩn nghèo đa chiều phân theo thành thị, nông thôn và theo vùng, địa phương",count_households,2021,18317,old_63,67,Đắk Nông
1.3,"Số hộ nghèo theo chuẩn nghèo đa chiều phân theo thành thị, nông thôn và theo vùng, địa phương",count_households,2022,13342,old_63,67,Đắk Nông
1.3,"Số hộ nghèo theo chuẩn nghèo đa chiều phân theo thành thị, nông thôn và theo vùng, địa phương",count_households,2023,8838,old_63,67,Đắk Nông
1.3,"Số hộ nghèo theo chuẩn nghèo đa chiều phân theo thành thị, nông thôn và theo vùng, địa phương",count_households,2024,5163,old_63,67,Đắk Nông
1.3,"Số hộ nghèo theo chuẩn nghèo đa chiều phân theo thành thị, nông thôn và theo vùng, địa phương",count_households,2016,15908,old_63,68,Lâm Đồng
1.3,"Số hộ nghèo theo chuẩn nghèo đa chiều phân theo thành thị, nông thôn và theo vùng, địa phương",count_households,2017,12168,old_63,68,Lâm Đồng
1.3,"Số hộ nghèo theo chuẩn nghèo đa chiều phân theo thành thị, nông thôn và theo vùng, địa phương",count_households,2018,9046,old_63,68,Lâm Đồng
1.3,"Số hộ nghèo theo chuẩn nghèo đa chiều phân theo thành thị, nông thôn và theo vùng, địa phương",count_households,2019,6325,old_63,68,Lâm Đồng
1.3,"Số hộ nghèo theo chuẩn nghèo đa chiều phân theo thành thị, nông thôn và theo vùng, địa phương",count_households,2020,4488,old_63,68,Lâm Đồng
1.3,"Số hộ nghèo theo chuẩn nghèo đa chiều phân theo thành thị, nông thôn và theo vùng, địa phương",count_households,2021,9751,old_63,68,Lâm Đồng
1.3,"Số hộ nghèo theo chuẩn nghèo đa chiều phân theo thành thị, nông thôn và theo vùng, địa phương",count_households,2022,6636,old_63,68,Lâm Đồng
1.3,"Số hộ nghèo theo chuẩn nghèo đa chiều phân theo thành thị, nông thôn và theo vùng, địa phương",count_households,2023,3912,old_63,68,Lâm Đồng
1.3,"Số hộ nghèo theo chuẩn nghèo đa chiều phân theo thành thị, nông thôn và theo vùng, địa phương",count_households,2024,2324,old_63,68,Lâm Đồng
1.3,"Số hộ nghèo theo chuẩn nghèo đa chiều phân theo thành thị, nông thôn và theo vùng, địa phương",count_households,2016,12772,old_63,70,Bình Phước
1.3,"Số hộ nghèo theo chuẩn nghèo đa chiều phân theo thành thị, nông thôn và theo vùng, địa phương",count_households,2017,10760,old_63,70,Bình Phước
1.3,"Số hộ nghèo theo chuẩn nghèo đa chiều phân theo thành thị, nông thôn và theo vùng, địa phương",count_households,2018,8614,old_63,70,Bình Phước
1.3,"Số hộ nghèo theo chuẩn nghèo đa chiều phân theo thành thị, nông thôn và theo vùng, địa phương",count_households,2019,6691,old_63,70,Bình Phước
1.3,"Số hộ nghèo theo chuẩn nghèo đa chiều phân theo thành thị, nông thôn và theo vùng, địa phương",count_households,2020,3568,old_63,70,Bình Phước
1.3,"Số hộ nghèo theo chuẩn nghèo đa chiều phân theo thành thị, nông thôn và theo vùng, địa phương",count_households,2021,4894,old_63,70,Bình Phước
1.3,"Số hộ nghèo theo chuẩn nghèo đa chiều phân theo thành thị, nông thôn và theo vùng, địa phương",count_households,2022,2879,old_63,70,Bình Phước
1.3,"Số hộ nghèo theo chuẩn nghèo đa chiều phân theo thành thị, nông thôn và theo vùng, địa phương",count_households,2023,1121,old_63,70,Bình Phước
1.3,"Số hộ nghèo theo chuẩn nghèo đa chiều phân theo thành thị, nông thôn và theo vùng, địa phương",count_households,2024,583,old_63,70,Bình Phước
1.3,"Số hộ nghèo theo chuẩn nghèo đa chiều phân theo thành thị, nông thôn và theo vùng, địa phương",count_households,2016,6184,old_63,72,Tây Ninh
1.3,"Số hộ nghèo theo chuẩn nghèo đa chiều phân theo thành thị, nông thôn và theo vùng, địa phương",count_households,2017,4339,old_63,72,Tây Ninh
1.3,"Số hộ nghèo theo chuẩn nghèo đa chiều phân theo thành thị, nông thôn và theo vùng, địa phương",count_households,2018,2976,old_63,72,Tây Ninh
1.3,"Số hộ nghèo theo chuẩn nghèo đa chiều phân theo thành thị, nông thôn và theo vùng, địa phương",count_households,2019,1930,old_63,72,Tây Ninh
1.3,"Số hộ nghèo theo chuẩn nghèo đa chiều phân theo thành thị, nông thôn và theo vùng, địa phương",count_households,2020,0,old_63,72,Tây Ninh
1.3,"Số hộ nghèo theo chuẩn nghèo đa chiều phân theo thành thị, nông thôn và theo vùng, địa phương",count_households,2021,2075,old_63,72,Tây Ninh
1.3,"Số hộ nghèo theo chuẩn nghèo đa chiều phân theo thành thị, nông thôn và theo vùng, địa phương",count_households,2022,1037,old_63,72,Tây Ninh
1.3,"Số hộ nghèo theo chuẩn nghèo đa chiều phân theo thành thị, nông thôn và theo vùng, địa phương",count_households,2023,512,old_63,72,Tây Ninh
1.3,"Số hộ nghèo theo chuẩn nghèo đa chiều phân theo thành thị, nông thôn và theo vùng, địa phương",count_households,2024,335,old_63,72,Tây Ninh
1.3,"Số hộ nghèo theo chuẩn nghèo đa chiều phân theo thành thị, nông thôn và theo vùng, địa phương",count_households,2016,0,old_63,74,Bình Dương
1.3,"Số hộ nghèo theo chuẩn nghèo đa chiều phân theo thành thị, nông thôn và theo vùng, địa phương",count_households,2017,0,old_63,74,Bình Dương
1.3,"Số hộ nghèo theo chuẩn nghèo đa chiều phân theo thành thị, nông thôn và theo vùng, địa phương",count_households,2018,0,old_63,74,Bình Dương
1.3,"Số hộ nghèo theo chuẩn nghèo đa chiều phân theo thành thị, nông thôn và theo vùng, địa phương",count_households,2019,0,old_63,74,Bình Dương
1.3,"Số hộ nghèo theo chuẩn nghèo đa chiều phân theo thành thị, nông thôn và theo vùng, địa phương",count_households,2020,0,old_63,74,Bình Dương
1.3,"Số hộ nghèo theo chuẩn nghèo đa chiều phân theo thành thị, nông thôn và theo vùng, địa phương",count_households,2021,4093,old_63,74,Bình Dương
1.3,"Số hộ nghèo theo chuẩn nghèo đa chiều phân theo thành thị, nông thôn và theo vùng, địa phương",count_households,2022,2326,old_63,74,Bình Dương
1.3,"Số hộ nghèo theo chuẩn nghèo đa chiều phân theo thành thị, nông thôn và theo vùng, địa phương",count_households,2023,2009,old_63,74,Bình Dương
1.3,"Số hộ nghèo theo chuẩn nghèo đa chiều phân theo thành thị, nông thôn và theo vùng, địa phương",count_households,2024,1250,old_63,74,Bình Dương
1.3,"Số hộ nghèo theo chuẩn nghèo đa chiều phân theo thành thị, nông thôn và theo vùng, địa phương",count_households,2016,6384,old_63,75,Đồng Nai
1.3,"Số hộ nghèo theo chuẩn nghèo đa chiều phân theo thành thị, nông thôn và theo vùng, địa phương",count_households,2017,4020,old_63,75,Đồng Nai
1.3,"Số hộ nghèo theo chuẩn nghèo đa chiều phân theo thành thị, nông thôn và theo vùng, địa phương",count_households,2018,3150,old_63,75,Đồng Nai
1.3,"Số hộ nghèo theo chuẩn nghèo đa chiều phân theo thành thị, nông thôn và theo vùng, địa phương",count_households,2019,2338,old_63,75,Đồng Nai
1.3,"Số hộ nghèo theo chuẩn nghèo đa chiều phân theo thành thị, nông thôn và theo vùng, địa phương",count_households,2020,1710,old_63,75,Đồng Nai
1.3,"Số hộ nghèo theo chuẩn nghèo đa chiều phân theo thành thị, nông thôn và theo vùng, địa phương",count_households,2021,7057,old_63,75,Đồng Nai
1.3,"Số hộ nghèo theo chuẩn nghèo đa chiều phân theo thành thị, nông thôn và theo vùng, địa phương",count_households,2022,3468,old_63,75,Đồng Nai
1.3,"Số hộ nghèo theo chuẩn nghèo đa chiều phân theo thành thị, nông thôn và theo vùng, địa phương",count_households,2023,2597,old_63,75,Đồng Nai
1.3,"Số hộ nghèo theo chuẩn nghèo đa chiều phân theo thành thị, nông thôn và theo vùng, địa phương",count_households,2024,2317,old_63,75,Đồng Nai
1.3,"Số hộ nghèo theo chuẩn nghèo đa chiều phân theo thành thị, nông thôn và theo vùng, địa phương",count_households,2016,4738,old_63,77,Bà Rịa - Vũng Tàu
1.3,"Số hộ nghèo theo chuẩn nghèo đa chiều phân theo thành thị, nông thôn và theo vùng, địa phương",count_households,2017,2609,old_63,77,Bà Rịa - Vũng Tàu
1.3,"Số hộ nghèo theo chuẩn nghèo đa chiều phân theo thành thị, nông thôn và theo vùng, địa phương",count_households,2018,1652,old_63,77,Bà Rịa - Vũng Tàu
1.3,"Số hộ nghèo theo chuẩn nghèo đa chiều phân theo thành thị, nông thôn và theo vùng, địa phương",count_households,2019,669,old_63,77,Bà Rịa - Vũng Tàu
1.3,"Số hộ nghèo theo chuẩn nghèo đa chiều phân theo thành thị, nông thôn và theo vùng, địa phương",count_households,2020,257,old_63,77,Bà Rịa - Vũng Tàu
1.3,"Số hộ nghèo theo chuẩn nghèo đa chiều phân theo thành thị, nông thôn và theo vùng, địa phương",count_households,2021,1278,old_63,77,Bà Rịa - Vũng Tàu
1.3,"Số hộ nghèo theo chuẩn nghèo đa chiều phân theo thành thị, nông thôn và theo vùng, địa phương",count_households,2022,0,old_63,77,Bà Rịa - Vũng Tàu
1.3,"Số hộ nghèo theo chuẩn nghèo đa chiều phân theo thành thị, nông thôn và theo vùng, địa phương",count_households,2023,0,old_63,77,Bà Rịa - Vũng Tàu
1.3,"Số hộ nghèo theo chuẩn nghèo đa chiều phân theo thành thị, nông thôn và theo vùng, địa phương",count_households,2024,0,old_63,77,Bà Rịa - Vũng Tàu
1.3,"Số hộ nghèo theo chuẩn nghèo đa chiều phân theo thành thị, nông thôn và theo vùng, địa phương",count_households,2016,0,old_63,79,TP. Hồ Chí Minh
1.3,"Số hộ nghèo theo chuẩn nghèo đa chiều phân theo thành thị, nông thôn và theo vùng, địa phương",count_households,2017,0,old_63,79,TP. Hồ Chí Minh
1.3,"Số hộ nghèo theo chuẩn nghèo đa chiều phân theo thành thị, nông thôn và theo vùng, địa phương",count_households,2018,0,old_63,79,TP. Hồ Chí Minh
1.3,"Số hộ nghèo theo chuẩn nghèo đa chiều phân theo thành thị, nông thôn và theo vùng, địa phương",count_households,2019,0,old_63,79,TP. Hồ Chí Minh
1.3,"Số hộ nghèo theo chuẩn nghèo đa chiều phân theo thành thị, nông thôn và theo vùng, địa phương",count_households,2020,0,old_63,79,TP. Hồ Chí Minh
1.3,"Số hộ nghèo theo chuẩn nghèo đa chiều phân theo thành thị, nông thôn và theo vùng, địa phương",count_households,2021,4249,old_63,79,TP. Hồ Chí Minh
1.3,"Số hộ nghèo theo chuẩn nghèo đa chiều phân theo thành thị, nông thôn và theo vùng, địa phương",count_households,2022,0,old_63,79,TP. Hồ Chí Minh
1.3,"Số hộ nghèo theo chuẩn nghèo đa chiều phân theo thành thị, nông thôn và theo vùng, địa phương",count_households,2023,0,old_63,79,TP. Hồ Chí Minh
1.3,"Số hộ nghèo theo chuẩn nghèo đa chiều phân theo thành thị, nông thôn và theo vùng, địa phương",count_households,2024,0,old_63,79,TP. Hồ Chí Minh
1.3,"Số hộ nghèo theo chuẩn nghèo đa chiều phân theo thành thị, nông thôn và theo vùng, địa phương",count_households,2016,14198,old_63,80,Long An
1.3,"Số hộ nghèo theo chuẩn nghèo đa chiều phân theo thành thị, nông thôn và theo vùng, địa phương",count_households,2017,11852,old_63,80,Long An
1.3,"Số hộ nghèo theo chuẩn nghèo đa chiều phân theo thành thị, nông thôn và theo vùng, địa phương",count_households,2018,9108,old_63,80,Long An
1.3,"Số hộ nghèo theo chuẩn nghèo đa chiều phân theo thành thị, nông thôn và theo vùng, địa phương",count_households,2019,7183,old_63,80,Long An
1.3,"Số hộ nghèo theo chuẩn nghèo đa chiều phân theo thành thị, nông thôn và theo vùng, địa phương",count_households,2020,5529,old_63,80,Long An
1.3,"Số hộ nghèo theo chuẩn nghèo đa chiều phân theo thành thị, nông thôn và theo vùng, địa phương",count_households,2021,6234,old_63,80,Long An
1.3,"Số hộ nghèo theo chuẩn nghèo đa chiều phân theo thành thị, nông thôn và theo vùng, địa phương",count_households,2022,4764,old_63,80,Long An
1.3,"Số hộ nghèo theo chuẩn nghèo đa chiều phân theo thành thị, nông thôn và theo vùng, địa phương",count_households,2023,3654,old_63,80,Long An
1.3,"Số hộ nghèo theo chuẩn nghèo đa chiều phân theo thành thị, nông thôn và theo vùng, địa phương",count_households,2024,2692,old_63,80,Long An
1.3,"Số hộ nghèo theo chuẩn nghèo đa chiều phân theo thành thị, nông thôn và theo vùng, địa phương",count_households,2016,23334,old_63,82,Tiền Giang
1.3,"Số hộ nghèo theo chuẩn nghèo đa chiều phân theo thành thị, nông thôn và theo vùng, địa phương",count_households,2017,19680,old_63,82,Tiền Giang
1.3,"Số hộ nghèo theo chuẩn nghèo đa chiều phân theo thành thị, nông thôn và theo vùng, địa phương",count_households,2018,16097,old_63,82,Tiền Giang
1.3,"Số hộ nghèo theo chuẩn nghèo đa chiều phân theo thành thị, nông thôn và theo vùng, địa phương",count_households,2019,12629,old_63,82,Tiền Giang
1.3,"Số hộ nghèo theo chuẩn nghèo đa chiều phân theo thành thị, nông thôn và theo vùng, địa phương",count_households,2020,9429,old_63,82,Tiền Giang
1.3,"Số hộ nghèo theo chuẩn nghèo đa chiều phân theo thành thị, nông thôn và theo vùng, địa phương",count_households,2021,8122,old_63,82,Tiền Giang
1.3,"Số hộ nghèo theo chuẩn nghèo đa chiều phân theo thành thị, nông thôn và theo vùng, địa phương",count_households,2022,6433,old_63,82,Tiền Giang
1.3,"Số hộ nghèo theo chuẩn nghèo đa chiều phân theo thành thị, nông thôn và theo vùng, địa phương",count_households,2023,4925,old_63,82,Tiền Giang
1.3,"Số hộ nghèo theo chuẩn nghèo đa chiều phân theo thành thị, nông thôn và theo vùng, địa phương",count_households,2024,4035,old_63,82,Tiền Giang
1.3,"Số hộ nghèo theo chuẩn nghèo đa chiều phân theo thành thị, nông thôn và theo vùng, địa phương",count_households,2016,37541,old_63,83,Bến Tre
1.3,"Số hộ nghèo theo chuẩn nghèo đa chiều phân theo thành thị, nông thôn và theo vùng, địa phương",count_households,2017,30154,old_63,83,Bến Tre
1.3,"Số hộ nghèo theo chuẩn nghèo đa chiều phân theo thành thị, nông thôn và theo vùng, địa phương",count_households,2018,23470,old_63,83,Bến Tre
1.3,"Số hộ nghèo theo chuẩn nghèo đa chiều phân theo thành thị, nông thôn và theo vùng, địa phương",count_households,2019,18185,old_63,83,Bến Tre
1.3,"Số hộ nghèo theo chuẩn nghèo đa chiều phân theo thành thị, nông thôn và theo vùng, địa phương",count_households,2020,14218,old_63,83,Bến Tre
1.3,"Số hộ nghèo theo chuẩn nghèo đa chiều phân theo thành thị, nông thôn và theo vùng, địa phương",count_households,2021,17097,old_63,83,Bến Tre
1.3,"Số hộ nghèo theo chuẩn nghèo đa chiều phân theo thành thị, nông thôn và theo vùng, địa phương",count_households,2022,14073,old_63,83,Bến Tre
1.3,"Số hộ nghèo theo chuẩn nghèo đa chiều phân theo thành thị, nông thôn và theo vùng, địa phương",count_households,2023,10600,old_63,83,Bến Tre
1.3,"Số hộ nghèo theo chuẩn nghèo đa chiều phân theo thành thị, nông thôn và theo vùng, địa phương",count_households,2024,8298,old_63,83,Bến Tre
1.3,"Số hộ nghèo theo chuẩn nghèo đa chiều phân theo thành thị, nông thôn và theo vùng, địa phương",count_households,2016,30359,old_63,84,Trà Vinh
1.3,"Số hộ nghèo theo chuẩn nghèo đa chiều phân theo thành thị, nông thôn và theo vùng, địa phương",count_households,2017,23078,old_63,84,Trà Vinh
1.3,"Số hộ nghèo theo chuẩn nghèo đa chiều phân theo thành thị, nông thôn và theo vùng, địa phương",count_households,2018,16414,old_63,84,Trà Vinh
1.3,"Số hộ nghèo theo chuẩn nghèo đa chiều phân theo thành thị, nông thôn và theo vùng, địa phương",count_households,2019,9214,old_63,84,Trà Vinh
1.3,"Số hộ nghèo theo chuẩn nghèo đa chiều phân theo thành thị, nông thôn và theo vùng, địa phương",count_households,2020,5204,old_63,84,Trà Vinh
1.3,"Số hộ nghèo theo chuẩn nghèo đa chiều phân theo thành thị, nông thôn và theo vùng, địa phương",count_households,2021,10207,old_63,84,Trà Vinh
1.3,"Số hộ nghèo theo chuẩn nghèo đa chiều phân theo thành thị, nông thôn và theo vùng, địa phương",count_households,2022,5404,old_63,84,Trà Vinh
1.3,"Số hộ nghèo theo chuẩn nghèo đa chiều phân theo thành thị, nông thôn và theo vùng, địa phương",count_households,2023,3416,old_63,84,Trà Vinh
1.3,"Số hộ nghèo theo chuẩn nghèo đa chiều phân theo thành thị, nông thôn và theo vùng, địa phương",count_households,2024,2493,old_63,84,Trà Vinh
1.3,"Số hộ nghèo theo chuẩn nghèo đa chiều phân theo thành thị, nông thôn và theo vùng, địa phương",count_households,2016,13229,old_63,86,Vĩnh Long
1.3,"Số hộ nghèo theo chuẩn nghèo đa chiều phân theo thành thị, nông thôn và theo vùng, địa phương",count_households,2017,10355,old_63,86,Vĩnh Long
1.3,"Số hộ nghèo theo chuẩn nghèo đa chiều phân theo thành thị, nông thôn và theo vùng, địa phương",count_households,2018,7363,old_63,86,Vĩnh Long
1.3,"Số hộ nghèo theo chuẩn nghèo đa chiều phân theo thành thị, nông thôn và theo vùng, địa phương",count_households,2019,5158,old_63,86,Vĩnh Long
1.3,"Số hộ nghèo theo chuẩn nghèo đa chiều phân theo thành thị, nông thôn và theo vùng, địa phương",count_households,2020,3449,old_63,86,Vĩnh Long
1.3,"Số hộ nghèo theo chuẩn nghèo đa chiều phân theo thành thị, nông thôn và theo vùng, địa phương",count_households,2021,6055,old_63,86,Vĩnh Long
1.3,"Số hộ nghèo theo chuẩn nghèo đa chiều phân theo thành thị, nông thôn và theo vùng, địa phương",count_households,2022,4247,old_63,86,Vĩnh Long
1.3,"Số hộ nghèo theo chuẩn nghèo đa chiều phân theo thành thị, nông thôn và theo vùng, địa phương",count_households,2023,2808,old_63,86,Vĩnh Long
1.3,"Số hộ nghèo theo chuẩn nghèo đa chiều phân theo thành thị, nông thôn và theo vùng, địa phương",count_households,2024,1458,old_63,86,Vĩnh Long
1.3,"Số hộ nghèo theo chuẩn nghèo đa chiều phân theo thành thị, nông thôn và theo vùng, địa phương",count_households,2016,11993,old_63,92,Cần Thơ
1.3,"Số hộ nghèo theo chuẩn nghèo đa chiều phân theo thành thị, nông thôn và theo vùng, địa phương",count_households,2017,8229,old_63,92,Cần Thơ
1.3,"Số hộ nghèo theo chuẩn nghèo đa chiều phân theo thành thị, nông thôn và theo vùng, địa phương",count_households,2018,4951,old_63,92,Cần Thơ
1.3,"Số hộ nghèo theo chuẩn nghèo đa chiều phân theo thành thị, nông thôn và theo vùng, địa phương",count_households,2019,2401,old_63,92,Cần Thơ
1.3,"Số hộ nghèo theo chuẩn nghèo đa chiều phân theo thành thị, nông thôn và theo vùng, địa phương",count_households,2020,1036,old_63,92,Cần Thơ
1.3,"Số hộ nghèo theo chuẩn nghèo đa chiều phân theo thành thị, nông thôn và theo vùng, địa phương",count_households,2021,2913,old_63,92,Cần Thơ
1.3,"Số hộ nghèo theo chuẩn nghèo đa chiều phân theo thành thị, nông thôn và theo vùng, địa phương",count_households,2022,1904,old_63,92,Cần Thơ
1.3,"Số hộ nghèo theo chuẩn nghèo đa chiều phân theo thành thị, nông thôn và theo vùng, địa phương",count_households,2023,764,old_63,92,Cần Thơ
1.3,"Số hộ nghèo theo chuẩn nghèo đa chiều phân theo thành thị, nông thôn và theo vùng, địa phương",count_households,2024,350,old_63,92,Cần Thơ
1.3,"Số hộ nghèo theo chuẩn nghèo đa chiều phân theo thành thị, nông thôn và theo vùng, địa phương",count_households,2016,24695,old_63,93,Hậu Giang
1.3,"Số hộ nghèo theo chuẩn nghèo đa chiều phân theo thành thị, nông thôn và theo vùng, địa phương",count_households,2017,19228,old_63,93,Hậu Giang
1.3,"Số hộ nghèo theo chuẩn nghèo đa chiều phân theo thành thị, nông thôn và theo vùng, địa phương",count_households,2018,14489,old_63,93,Hậu Giang
1.3,"Số hộ nghèo theo chuẩn nghèo đa chiều phân theo thành thị, nông thôn và theo vùng, địa phương",count_households,2019,10088,old_63,93,Hậu Giang
1.3,"Số hộ nghèo theo chuẩn nghèo đa chiều phân theo thành thị, nông thôn và theo vùng, địa phương",count_households,2020,6965,old_63,93,Hậu Giang
1.3,"Số hộ nghèo theo chuẩn nghèo đa chiều phân theo thành thị, nông thôn và theo vùng, địa phương",count_households,2021,12989,old_63,93,Hậu Giang
1.3,"Số hộ nghèo theo chuẩn nghèo đa chiều phân theo thành thị, nông thôn và theo vùng, địa phương",count_households,2022,9736,old_63,93,Hậu Giang
1.3,"Số hộ nghèo theo chuẩn nghèo đa chiều phân theo thành thị, nông thôn và theo vùng, địa phương",count_households,2023,6611,old_63,93,Hậu Giang
1.3,"Số hộ nghèo theo chuẩn nghèo đa chiều phân theo thành thị, nông thôn và theo vùng, địa phương",count_households,2024,2965,old_63,93,Hậu Giang
1.3,"Số hộ nghèo theo chuẩn nghèo đa chiều phân theo thành thị, nông thôn và theo vùng, địa phương",count_households,2016,49501,old_63,94,Sóc Trăng
1.3,"Số hộ nghèo theo chuẩn nghèo đa chiều phân theo thành thị, nông thôn và theo vùng, địa phương",count_households,2017,38304,old_63,94,Sóc Trăng
1.3,"Số hộ nghèo theo chuẩn nghèo đa chiều phân theo thành thị, nông thôn và theo vùng, địa phương",count_households,2018,27154,old_63,94,Sóc Trăng
1.3,"Số hộ nghèo theo chuẩn nghèo đa chiều phân theo thành thị, nông thôn và theo vùng, địa phương",count_households,2019,15890,old_63,94,Sóc Trăng
1.3,"Số hộ nghèo theo chuẩn nghèo đa chiều phân theo thành thị, nông thôn và theo vùng, địa phương",count_households,2020,8617,old_63,94,Sóc Trăng
1.3,"Số hộ nghèo theo chuẩn nghèo đa chiều phân theo thành thị, nông thôn và theo vùng, địa phương",count_households,2021,22409,old_63,94,Sóc Trăng
1.3,"Số hộ nghèo theo chuẩn nghèo đa chiều phân theo thành thị, nông thôn và theo vùng, địa phương",count_households,2022,15139,old_63,94,Sóc Trăng
1.3,"Số hộ nghèo theo chuẩn nghèo đa chiều phân theo thành thị, nông thôn và theo vùng, địa phương",count_households,2023,8526,old_63,94,Sóc Trăng
1.3,"Số hộ nghèo theo chuẩn nghèo đa chiều phân theo thành thị, nông thôn và theo vùng, địa phương",count_households,2024,4430,old_63,94,Sóc Trăng
1.3,"Số hộ nghèo theo chuẩn nghèo đa chiều phân theo thành thị, nông thôn và theo vùng, địa phương",count_households,2016,36726,old_63,89,An Giang
1.3,"Số hộ nghèo theo chuẩn nghèo đa chiều phân theo thành thị, nông thôn và theo vùng, địa phương",count_households,2017,28461,old_63,89,An Giang
1.3,"Số hộ nghèo theo chuẩn nghèo đa chiều phân theo thành thị, nông thôn và theo vùng, địa phương",count_households,2018,19989,old_63,89,An Giang
1.3,"Số hộ nghèo theo chuẩn nghèo đa chiều phân theo thành thị, nông thôn và theo vùng, địa phương",count_households,2019,14170,old_63,89,An Giang
1.3,"Số hộ nghèo theo chuẩn nghèo đa chiều phân theo thành thị, nông thôn và theo vùng, địa phương",count_households,2020,10232,old_63,89,An Giang
1.3,"Số hộ nghèo theo chuẩn nghèo đa chiều phân theo thành thị, nông thôn và theo vùng, địa phương",count_households,2021,20129,old_63,89,An Giang
1.3,"Số hộ nghèo theo chuẩn nghèo đa chiều phân theo thành thị, nông thôn và theo vùng, địa phương",count_households,2022,14872,old_63,89,An Giang
1.3,"Số hộ nghèo theo chuẩn nghèo đa chiều phân theo thành thị, nông thôn và theo vùng, địa phương",count_households,2023,10913,old_63,89,An Giang
1.3,"Số hộ nghèo theo chuẩn nghèo đa chiều phân theo thành thị, nông thôn và theo vùng, địa phương",count_households,2024,8033,old_63,89,An Giang
1.3,"Số hộ nghèo theo chuẩn nghèo đa chiều phân theo thành thị, nông thôn và theo vùng, địa phương",count_households,2016,35835,old_63,87,Đồng Tháp
1.3,"Số hộ nghèo theo chuẩn nghèo đa chiều phân theo thành thị, nông thôn và theo vùng, địa phương",count_households,2017,27146,old_63,87,Đồng Tháp
1.3,"Số hộ nghèo theo chuẩn nghèo đa chiều phân theo thành thị, nông thôn và theo vùng, địa phương",count_households,2018,19077,old_63,87,Đồng Tháp
1.3,"Số hộ nghèo theo chuẩn nghèo đa chiều phân theo thành thị, nông thôn và theo vùng, địa phương",count_households,2019,12542,old_63,87,Đồng Tháp
1.3,"Số hộ nghèo theo chuẩn nghèo đa chiều phân theo thành thị, nông thôn và theo vùng, địa phương",count_households,2020,8327,old_63,87,Đồng Tháp
1.3,"Số hộ nghèo theo chuẩn nghèo đa chiều phân theo thành thị, nông thôn và theo vùng, địa phương",count_households,2021,13971,old_63,87,Đồng Tháp
1.3,"Số hộ nghèo theo chuẩn nghèo đa chiều phân theo thành thị, nông thôn và theo vùng, địa phương",count_households,2022,9701,old_63,87,Đồng Tháp
1.3,"Số hộ nghèo theo chuẩn nghèo đa chiều phân theo thành thị, nông thôn và theo vùng, địa phương",count_households,2023,6726,old_63,87,Đồng Tháp
1.3,"Số hộ nghèo theo chuẩn nghèo đa chiều phân theo thành thị, nông thôn và theo vùng, địa phương",count_households,2024,4823,old_63,87,Đồng Tháp
1.3,"Số hộ nghèo theo chuẩn nghèo đa chiều phân theo thành thị, nông thôn và theo vùng, địa phương",count_households,2016,35233,old_63,91,Kiên Giang
1.3,"Số hộ nghèo theo chuẩn nghèo đa chiều phân theo thành thị, nông thôn và theo vùng, địa phương",count_households,2017,26833,old_63,91,Kiên Giang
1.3,"Số hộ nghèo theo chuẩn nghèo đa chiều phân theo thành thị, nông thôn và theo vùng, địa phương",count_households,2018,18252,old_63,91,Kiên Giang
1.3,"Số hộ nghèo theo chuẩn nghèo đa chiều phân theo thành thị, nông thôn và theo vùng, địa phương",count_households,2019,12313,old_63,91,Kiên Giang
1.3,"Số hộ nghèo theo chuẩn nghèo đa chiều phân theo thành thị, nông thôn và theo vùng, địa phương",count_households,2020,8790,old_63,91,Kiên Giang
1.3,"Số hộ nghèo theo chuẩn nghèo đa chiều phân theo thành thị, nông thôn và theo vùng, địa phương",count_households,2021,11822,old_63,91,Kiên Giang
1.3,"Số hộ nghèo theo chuẩn nghèo đa chiều phân theo thành thị, nông thôn và theo vùng, địa phương",count_households,2022,8854,old_63,91,Kiên Giang
1.3,"Số hộ nghèo theo chuẩn nghèo đa chiều phân theo thành thị, nông thôn và theo vùng, địa phương",count_households,2023,5990,old_63,91,Kiên Giang
1.3,"Số hộ nghèo theo chuẩn nghèo đa chiều phân theo thành thị, nông thôn và theo vùng, địa phương",count_households,2024,4703,old_63,91,Kiên Giang
1.3,"Số hộ nghèo theo chuẩn nghèo đa chiều phân theo thành thị, nông thôn và theo vùng, địa phương",count_households,2016,24957,old_63,95,Bạc Liêu
1.3,"Số hộ nghèo theo chuẩn nghèo đa chiều phân theo thành thị, nông thôn và theo vùng, địa phương",count_households,2017,17216,old_63,95,Bạc Liêu
1.3,"Số hộ nghèo theo chuẩn nghèo đa chiều phân theo thành thị, nông thôn và theo vùng, địa phương",count_households,2018,8818,old_63,95,Bạc Liêu
1.3,"Số hộ nghèo theo chuẩn nghèo đa chiều phân theo thành thị, nông thôn và theo vùng, địa phương",count_households,2019,3086,old_63,95,Bạc Liêu
1.3,"Số hộ nghèo theo chuẩn nghèo đa chiều phân theo thành thị, nông thôn và theo vùng, địa phương",count_households,2020,1061,old_63,95,Bạc Liêu
1.3,"Số hộ nghèo theo chuẩn nghèo đa chiều phân theo thành thị, nông thôn và theo vùng, địa phương",count_households,2021,11563,old_63,95,Bạc Liêu
1.3,"Số hộ nghèo theo chuẩn nghèo đa chiều phân theo thành thị, nông thôn và theo vùng, địa phương",count_households,2022,7233,old_63,95,Bạc Liêu
1.3,"Số hộ nghèo theo chuẩn nghèo đa chiều phân theo thành thị, nông thôn và theo vùng, địa phương",count_households,2023,3886,old_63,95,Bạc Liêu
1.3,"Số hộ nghèo theo chuẩn nghèo đa chiều phân theo thành thị, nông thôn và theo vùng, địa phương",count_households,2024,1581,old_63,95,Bạc Liêu
1.3,"Số hộ nghèo theo chuẩn nghèo đa chiều phân theo thành thị, nông thôn và theo vùng, địa phương",count_households,2016,23646,old_63,96,Cà Mau
1.3,"Số hộ nghèo theo chuẩn nghèo đa chiều phân theo thành thị, nông thôn và theo vùng, địa phương",count_households,2017,17754,old_63,96,Cà Mau
1.3,"Số hộ nghèo theo chuẩn nghèo đa chiều phân theo thành thị, nông thôn và theo vùng, địa phương",count_households,2018,12028,old_63,96,Cà Mau
1.3,"Số hộ nghèo theo chuẩn nghèo đa chiều phân theo thành thị, nông thôn và theo vùng, địa phương",count_households,2019,7699,old_63,96,Cà Mau
1.3,"Số hộ nghèo theo chuẩn nghèo đa chiều phân theo thành thị, nông thôn và theo vùng, địa phương",count_households,2020,5367,old_63,96,Cà Mau
1.3,"Số hộ nghèo theo chuẩn nghèo đa chiều phân theo thành thị, nông thôn và theo vùng, địa phương",count_households,2021,9604,old_63,96,Cà Mau
1.3,"Số hộ nghèo theo chuẩn nghèo đa chiều phân theo thành thị, nông thôn và theo vùng, địa phương",count_households,2022,7407,old_63,96,Cà Mau
1.3,"Số hộ nghèo theo chuẩn nghèo đa chiều phân theo thành thị, nông thôn và theo vùng, địa phương",count_households,2023,4900,old_63,96,Cà Mau
1.3,"Số hộ nghèo theo chuẩn nghèo đa chiều phân theo thành thị, nông thôn và theo vùng, địa phương",count_households,2024,2890,old_63,96,Cà Mau
1.3.M,"Số hộ nghèo theo chuẩn nghèo đa chiều phân theo thành thị, nông thôn và theo vùng, địa phương",count_households,2016,24215,new_34,1,Hà Nội
1.3.M,"Số hộ nghèo theo chuẩn nghèo đa chiều phân theo thành thị, nông thôn và theo vùng, địa phương",count_households,2017,17465,new_34,1,Hà Nội
1.3.M,"Số hộ nghèo theo chuẩn nghèo đa chiều phân theo thành thị, nông thôn và theo vùng, địa phương",count_households,2018,11901,new_34,1,Hà Nội
1.3.M,"Số hộ nghèo theo chuẩn nghèo đa chiều phân theo thành thị, nông thôn và theo vùng, địa phương",count_households,2019,4112,new_34,1,Hà Nội
1.3.M,"Số hộ nghèo theo chuẩn nghèo đa chiều phân theo thành thị, nông thôn và theo vùng, địa phương",count_households,2020,1969,new_34,1,Hà Nội
1.3.M,"Số hộ nghèo theo chuẩn nghèo đa chiều phân theo thành thị, nông thôn và theo vùng, địa phương",count_households,2021,1289,new_34,1,Hà Nội
1.3.M,"Số hộ nghèo theo chuẩn nghèo đa chiều phân theo thành thị, nông thôn và theo vùng, địa phương",count_households,2022,745,new_34,1,Hà Nội
1.3.M,"Số hộ nghèo theo chuẩn nghèo đa chiều phân theo thành thị, nông thôn và theo vùng, địa phương",count_households,2023,255,new_34,1,Hà Nội
1.3.M,"Số hộ nghèo theo chuẩn nghèo đa chiều phân theo thành thị, nông thôn và theo vùng, địa phương",count_households,2024,0,new_34,1,Hà Nội
1.3.M,"Số hộ nghèo theo chuẩn nghèo đa chiều phân theo thành thị, nông thôn và theo vùng, địa phương",count_households,2016,60060,new_34,24,Bắc Ninh
1.3.M,"Số hộ nghèo theo chuẩn nghèo đa chiều phân theo thành thị, nông thôn và theo vùng, địa phương",count_households,2017,49473,new_34,24,Bắc Ninh
1.3.M,"Số hộ nghèo theo chuẩn nghèo đa chiều phân theo thành thị, nông thôn và theo vùng, địa phương",count_households,2018,38749,new_34,24,Bắc Ninh
1.3.M,"Số hộ nghèo theo chuẩn nghèo đa chiều phân theo thành thị, nông thôn và theo vùng, địa phương",count_households,2019,27702,new_34,24,Bắc Ninh
1.3.M,"Số hộ nghèo theo chuẩn nghèo đa chiều phân theo thành thị, nông thôn và theo vùng, địa phương",count_households,2020,20679,new_34,24,Bắc Ninh
1.3.M,"Số hộ nghèo theo chuẩn nghèo đa chiều phân theo thành thị, nông thôn và theo vùng, địa phương",count_households,2021,28862,new_34,24,Bắc Ninh
1.3.M,"Số hộ nghèo theo chuẩn nghèo đa chiều phân theo thành thị, nông thôn và theo vùng, địa phương",count_households,2022,21413,new_34,24,Bắc Ninh
1.3.M,"Số hộ nghèo theo chuẩn nghèo đa chiều phân theo thành thị, nông thôn và theo vùng, địa phương",count_households,2023,15362,new_34,24,Bắc Ninh
1.3.M,"Số hộ nghèo theo chuẩn nghèo đa chiều phân theo thành thị, nông thôn và theo vùng, địa phương",count_households,2024,8308,new_34,24,Bắc Ninh
1.3.M,"Số hộ nghèo theo chuẩn nghèo đa chiều phân theo thành thị, nông thôn và theo vùng, địa phương",count_households,2016,11582,new_34,22,Quảng Ninh
1.3.M,"Số hộ nghèo theo chuẩn nghèo đa chiều phân theo thành thị, nông thôn và theo vùng, địa phương",count_households,2017,7783,new_34,22,Quảng Ninh
1.3.M,"Số hộ nghèo theo chuẩn nghèo đa chiều phân theo thành thị, nông thôn và theo vùng, địa phương",count_households,2018,4248,new_34,22,Quảng Ninh
1.3.M,"Số hộ nghèo theo chuẩn nghèo đa chiều phân theo thành thị, nông thôn và theo vùng, địa phương",count_households,2019,1896,new_34,22,Quảng Ninh
1.3.M,"Số hộ nghèo theo chuẩn nghèo đa chiều phân theo thành thị, nông thôn và theo vùng, địa phương",count_households,2020,7732,new_34,22,Quảng Ninh
1.3.M,"Số hộ nghèo theo chuẩn nghèo đa chiều phân theo thành thị, nông thôn và theo vùng, địa phương",count_households,2021,1526,new_34,22,Quảng Ninh
1.3.M,"Số hộ nghèo theo chuẩn nghèo đa chiều phân theo thành thị, nông thôn và theo vùng, địa phương",count_households,2022,258,new_34,22,Quảng Ninh
1.3.M,"Số hộ nghèo theo chuẩn nghèo đa chiều phân theo thành thị, nông thôn và theo vùng, địa phương",count_households,2023,0,new_34,22,Quảng Ninh
1.3.M,"Số hộ nghèo theo chuẩn nghèo đa chiều phân theo thành thị, nông thôn và theo vùng, địa phương",count_households,2024,0,new_34,22,Quảng Ninh
1.3.M,"Số hộ nghèo theo chuẩn nghèo đa chiều phân theo thành thị, nông thôn và theo vùng, địa phương",count_households,2016,44632,new_34,31,Hải Phòng
1.3.M,"Số hộ nghèo theo chuẩn nghèo đa chiều phân theo thành thị, nông thôn và theo vùng, địa phương",count_households,2017,32716,new_34,31,Hải Phòng
1.3.M,"Số hộ nghèo theo chuẩn nghèo đa chiều phân theo thành thị, nông thôn và theo vùng, địa phương",count_households,2018,23478,new_34,31,Hải Phòng
1.3.M,"Số hộ nghèo theo chuẩn nghèo đa chiều phân theo thành thị, nông thôn và theo vùng, địa phương",count_households,2019,15805,new_34,31,Hải Phòng
1.3.M,"Số hộ nghèo theo chuẩn nghèo đa chiều phân theo thành thị, nông thôn và theo vùng, địa phương",count_households,2020,10116,new_34,31,Hải Phòng
1.3.M,"Số hộ nghèo theo chuẩn nghèo đa chiều phân theo thành thị, nông thôn và theo vùng, địa phương",count_households,2021,22540,new_34,31,Hải Phòng
1.3.M,"Số hộ nghèo theo chuẩn nghèo đa chiều phân theo thành thị, nông thôn và theo vùng, địa phương",count_households,2022,15998,new_34,31,Hải Phòng
1.3.M,"Số hộ nghèo theo chuẩn nghèo đa chiều phân theo thành thị, nông thôn và theo vùng, địa phương",count_households,2023,10727,new_34,31,Hải Phòng
1.3.M,"Số hộ nghèo theo chuẩn nghèo đa chiều phân theo thành thị, nông thôn và theo vùng, địa phương",count_households,2024,6287,new_34,31,Hải Phòng
1.3.M,"Số hộ nghèo theo chuẩn nghèo đa chiều phân theo thành thị, nông thôn và theo vùng, địa phương",count_households,2016,45408,new_34,33,Hưng Yên
1.3.M,"Số hộ nghèo theo chuẩn nghèo đa chiều phân theo thành thị, nông thôn và theo vùng, địa phương",count_households,2017,37989,new_34,33,Hưng Yên
1.3.M,"Số hộ nghèo theo chuẩn nghèo đa chiều phân theo thành thị, nông thôn và theo vùng, địa phương",count_households,2018,31314,new_34,33,Hưng Yên
1.3.M,"Số hộ nghèo theo chuẩn nghèo đa chiều phân theo thành thị, nông thôn và theo vùng, địa phương",count_households,2019,24597,new_34,33,Hưng Yên
1.3.M,"Số hộ nghèo theo chuẩn nghèo đa chiều phân theo thành thị, nông thôn và theo vùng, địa phương",count_households,2020,21304,new_34,33,Hưng Yên
1.3.M,"Số hộ nghèo theo chuẩn nghèo đa chiều phân theo thành thị, nông thôn và theo vùng, địa phương",count_households,2021,26107,new_34,33,Hưng Yên
1.3.M,"Số hộ nghèo theo chuẩn nghèo đa chiều phân theo thành thị, nông thôn và theo vùng, địa phương",count_households,2022,21925,new_34,33,Hưng Yên
1.3.M,"Số hộ nghèo theo chuẩn nghèo đa chiều phân theo thành thị, nông thôn và theo vùng, địa phương",count_households,2023,15408,new_34,33,Hưng Yên
1.3.M,"Số hộ nghèo theo chuẩn nghèo đa chiều phân theo thành thị, nông thôn và theo vùng, địa phương",count_households,2024,12178,new_34,33,Hưng Yên
1.3.M,"Số hộ nghèo theo chuẩn nghèo đa chiều phân theo thành thị, nông thôn và theo vùng, địa phương",count_households,2016,51741,new_34,37,Ninh Bình
1.3.M,"Số hộ nghèo theo chuẩn nghèo đa chiều phân theo thành thị, nông thôn và theo vùng, địa phương",count_households,2017,40651,new_34,37,Ninh Bình
1.3.M,"Số hộ nghèo theo chuẩn nghèo đa chiều phân theo thành thị, nông thôn và theo vùng, địa phương",count_households,2018,31597,new_34,37,Ninh Bình
1.3.M,"Số hộ nghèo theo chuẩn nghèo đa chiều phân theo thành thị, nông thôn và theo vùng, địa phương",count_households,2019,23976,new_34,37,Ninh Bình
1.3.M,"Số hộ nghèo theo chuẩn nghèo đa chiều phân theo thành thị, nông thôn và theo vùng, địa phương",count_households,2020,16366,new_34,37,Ninh Bình
1.3.M,"Số hộ nghèo theo chuẩn nghèo đa chiều phân theo thành thị, nông thôn và theo vùng, địa phương",count_households,2021,30906,new_34,37,Ninh Bình
1.3.M,"Số hộ nghèo theo chuẩn nghèo đa chiều phân theo thành thị, nông thôn và theo vùng, địa phương",count_households,2022,23531,new_34,37,Ninh Bình
1.3.M,"Số hộ nghèo theo chuẩn nghèo đa chiều phân theo thành thị, nông thôn và theo vùng, địa phương",count_households,2023,18861,new_34,37,Ninh Bình
1.3.M,"Số hộ nghèo theo chuẩn nghèo đa chiều phân theo thành thị, nông thôn và theo vùng, địa phương",count_households,2024,15172,new_34,37,Ninh Bình
1.3.M,"Số hộ nghèo theo chuẩn nghèo đa chiều phân theo thành thị, nông thôn và theo vùng, địa phương",count_households,2016,48070,new_34,4,Cao Bằng
1.3.M,"Số hộ nghèo theo chuẩn nghèo đa chiều phân theo thành thị, nông thôn và theo vùng, địa phương",count_households,2017,43592,new_34,4,Cao Bằng
1.3.M,"Số hộ nghèo theo chuẩn nghèo đa chiều phân theo thành thị, nông thôn và theo vùng, địa phương",count_households,2018,38987,new_34,4,Cao Bằng
1.3.M,"Số hộ nghèo theo chuẩn nghèo đa chiều phân theo thành thị, nông thôn và theo vùng, địa phương",count_households,2019,33616,new_34,4,Cao Bằng
1.3.M,"Số hộ nghèo theo chuẩn nghèo đa chiều phân theo thành thị, nông thôn và theo vùng, địa phương",count_households,2020,2866,new_34,4,Cao Bằng
1.3.M,"Số hộ nghèo theo chuẩn nghèo đa chiều phân theo thành thị, nông thôn và theo vùng, địa phương",count_households,2021,42751,new_34,4,Cao Bằng
1.3.M,"Số hộ nghèo theo chuẩn nghèo đa chiều phân theo thành thị, nông thôn và theo vùng, địa phương",count_households,2022,37409,new_34,4,Cao Bằng
1.3.M,"Số hộ nghèo theo chuẩn nghèo đa chiều phân theo thành thị, nông thôn và theo vùng, địa phương",count_households,2023,32060,new_34,4,Cao Bằng
1.3.M,"Số hộ nghèo theo chuẩn nghèo đa chiều phân theo thành thị, nông thôn và theo vùng, địa phương",count_households,2024,25995,new_34,4,Cao Bằng
1.3.M,"Số hộ nghèo theo chuẩn nghèo đa chiều phân theo thành thị, nông thôn và theo vùng, địa phương",count_households,2016,114674,new_34,8,Tuyên Quang
1.3.M,"Số hộ nghèo theo chuẩn nghèo đa chiều phân theo thành thị, nông thôn và theo vùng, địa phương",count_households,2017,100072,new_34,8,Tuyên Quang
1.3.M,"Số hộ nghèo theo chuẩn nghèo đa chiều phân theo thành thị, nông thôn và theo vùng, địa phương",count_households,2018,88066,new_34,8,Tuyên Quang
1.3.M,"Số hộ nghèo theo chuẩn nghèo đa chiều phân theo thành thị, nông thôn và theo vùng, địa phương",count_households,2019,73638,new_34,8,Tuyên Quang
1.3.M,"Số hộ nghèo theo chuẩn nghèo đa chiều phân theo thành thị, nông thôn và theo vùng, địa phương",count_households,2020,60579,new_34,8,Tuyên Quang
1.3.M,"Số hộ nghèo theo chuẩn nghèo đa chiều phân theo thành thị, nông thôn và theo vùng, địa phương",count_households,2021,129148,new_34,8,Tuyên Quang
1.3.M,"Số hộ nghèo theo chuẩn nghèo đa chiều phân theo thành thị, nông thôn và theo vùng, địa phương",count_households,2022,110840,new_34,8,Tuyên Quang
1.3.M,"Số hộ nghèo theo chuẩn nghèo đa chiều phân theo thành thị, nông thôn và theo vùng, địa phương",count_households,2023,89638,new_34,8,Tuyên Quang
1.3.M,"Số hộ nghèo theo chuẩn nghèo đa chiều phân theo thành thị, nông thôn và theo vùng, địa phương",count_households,2024,71655,new_34,8,Tuyên Quang
1.3.M,"Số hộ nghèo theo chuẩn nghèo đa chiều phân theo thành thị, nông thôn và theo vùng, địa phương",count_households,2016,99272,new_34,15,Lào Cai
1.3.M,"Số hộ nghèo theo chuẩn nghèo đa chiều phân theo thành thị, nông thôn và theo vùng, địa phương",count_households,2017,81645,new_34,15,Lào Cai
1.3.M,"Số hộ nghèo theo chuẩn nghèo đa chiều phân theo thành thị, nông thôn và theo vùng, địa phương",count_households,2018,64998,new_34,15,Lào Cai
1.3.M,"Số hộ nghèo theo chuẩn nghèo đa chiều phân theo thành thị, nông thôn và theo vùng, địa phương",count_households,2019,44794,new_34,15,Lào Cai
1.3.M,"Số hộ nghèo theo chuẩn nghèo đa chiều phân theo thành thị, nông thôn và theo vùng, địa phương",count_households,2020,35044,new_34,15,Lào Cai
1.3.M,"Số hộ nghèo theo chuẩn nghèo đa chiều phân theo thành thị, nông thôn và theo vùng, địa phương",count_households,2021,84104,new_34,15,Lào Cai
1.3.M,"Số hộ nghèo theo chuẩn nghèo đa chiều phân theo thành thị, nông thôn và theo vùng, địa phương",count_households,2022,63027,new_34,15,Lào Cai
1.3.M,"Số hộ nghèo theo chuẩn nghèo đa chiều phân theo thành thị, nông thôn và theo vùng, địa phương",count_households,2023,47013,new_34,15,Lào Cai
1.3.M,"Số hộ nghèo theo chuẩn nghèo đa chiều phân theo thành thị, nông thôn và theo vùng, địa phương",count_households,2024,32986,new_34,15,Lào Cai
1.3.M,"Số hộ nghèo theo chuẩn nghèo đa chiều phân theo thành thị, nông thôn và theo vùng, địa phương",count_households,2016,56492,new_34,19,Thái Nguyên
1.3.M,"Số hộ nghèo theo chuẩn nghèo đa chiều phân theo thành thị, nông thôn và theo vùng, địa phương",count_households,2017,48189,new_34,19,Thái Nguyên
1.3.M,"Số hộ nghèo theo chuẩn nghèo đa chiều phân theo thành thị, nông thôn và theo vùng, địa phương",count_households,2018,38140,new_34,19,Thái Nguyên
1.3.M,"Số hộ nghèo theo chuẩn nghèo đa chiều phân theo thành thị, nông thôn và theo vùng, địa phương",count_households,2019,30063,new_34,19,Thái Nguyên
1.3.M,"Số hộ nghèo theo chuẩn nghèo đa chiều phân theo thành thị, nông thôn và theo vùng, địa phương",count_households,2020,29402,new_34,19,Thái Nguyên
1.3.M,"Số hộ nghèo theo chuẩn nghèo đa chiều phân theo thành thị, nông thôn và theo vùng, địa phương",count_households,2021,42903,new_34,19,Thái Nguyên
1.3.M,"Số hộ nghèo theo chuẩn nghèo đa chiều phân theo thành thị, nông thôn và theo vùng, địa phương",count_households,2022,34905,new_34,19,Thái Nguyên
1.3.M,"Số hộ nghèo theo chuẩn nghèo đa chiều phân theo thành thị, nông thôn và theo vùng, địa phương",count_households,2023,28257,new_34,19,Thái Nguyên
1.3.M,"Số hộ nghèo theo chuẩn nghèo đa chiều phân theo thành thị, nông thôn và theo vùng, địa phương",count_households,2024,23061,new_34,19,Thái Nguyên
1.3.M,"Số hộ nghèo theo chuẩn nghèo đa chiều phân theo thành thị, nông thôn và theo vùng, địa phương",count_households,2016,42490,new_34,20,Lạng Sơn
1.3.M,"Số hộ nghèo theo chuẩn nghèo đa chiều phân theo thành thị, nông thôn và theo vùng, địa phương",count_households,2017,36537,new_34,20,Lạng Sơn
1.3.M,"Số hộ nghèo theo chuẩn nghèo đa chiều phân theo thành thị, nông thôn và theo vùng, địa phương",count_households,2018,30583,new_34,20,Lạng Sơn
1.3.M,"Số hộ nghèo theo chuẩn nghèo đa chiều phân theo thành thị, nông thôn và theo vùng, địa phương",count_households,2019,21336,new_34,20,Lạng Sơn
1.3.M,"Số hộ nghèo theo chuẩn nghèo đa chiều phân theo thành thị, nông thôn và theo vùng, địa phương",count_households,2020,20512,new_34,20,Lạng Sơn
1.3.M,"Số hộ nghèo theo chuẩn nghèo đa chiều phân theo thành thị, nông thôn và theo vùng, địa phương",count_households,2021,23648,new_34,20,Lạng Sơn
1.3.M,"Số hộ nghèo theo chuẩn nghèo đa chiều phân theo thành thị, nông thôn và theo vùng, địa phương",count_households,2022,17497,new_34,20,Lạng Sơn
1.3.M,"Số hộ nghèo theo chuẩn nghèo đa chiều phân theo thành thị, nông thôn và theo vùng, địa phương",count_households,2023,12397,new_34,20,Lạng Sơn
1.3.M,"Số hộ nghèo theo chuẩn nghèo đa chiều phân theo thành thị, nông thôn và theo vùng, địa phương",count_households,2024,6912,new_34,20,Lạng Sơn
1.3.M,"Số hộ nghèo theo chuẩn nghèo đa chiều phân theo thành thị, nông thôn và theo vùng, địa phương",count_households,2016,97063,new_34,25,Phú Thọ
1.3.M,"Số hộ nghèo theo chuẩn nghèo đa chiều phân theo thành thị, nông thôn và theo vùng, địa phương",count_households,2017,82908,new_34,25,Phú Thọ
1.3.M,"Số hộ nghèo theo chuẩn nghèo đa chiều phân theo thành thị, nông thôn và theo vùng, địa phương",count_households,2018,67380,new_34,25,Phú Thọ
1.3.M,"Số hộ nghèo theo chuẩn nghèo đa chiều phân theo thành thị, nông thôn và theo vùng, địa phương",count_households,2019,52626,new_34,25,Phú Thọ
1.3.M,"Số hộ nghèo theo chuẩn nghèo đa chiều phân theo thành thị, nông thôn và theo vùng, địa phương",count_households,2020,33197,new_34,25,Phú Thọ
1.3.M,"Số hộ nghèo theo chuẩn nghèo đa chiều phân theo thành thị, nông thôn và theo vùng, địa phương",count_households,2021,63883,new_34,25,Phú Thọ
1.3.M,"Số hộ nghèo theo chuẩn nghèo đa chiều phân theo thành thị, nông thôn và theo vùng, địa phương",count_households,2022,52415,new_34,25,Phú Thọ
1.3.M,"Số hộ nghèo theo chuẩn nghèo đa chiều phân theo thành thị, nông thôn và theo vùng, địa phương",count_households,2023,41357,new_34,25,Phú Thọ
1.3.M,"Số hộ nghèo theo chuẩn nghèo đa chiều phân theo thành thị, nông thôn và theo vùng, địa phương",count_households,2024,32047,new_34,25,Phú Thọ
1.3.M,"Số hộ nghèo theo chuẩn nghèo đa chiều phân theo thành thị, nông thôn và theo vùng, địa phương",count_households,2016,54723,new_34,11,Điện Biên
1.3.M,"Số hộ nghèo theo chuẩn nghèo đa chiều phân theo thành thị, nông thôn và theo vùng, địa phương",count_households,2017,51188,new_34,11,Điện Biên
1.3.M,"Số hộ nghèo theo chuẩn nghèo đa chiều phân theo thành thị, nông thôn và theo vùng, địa phương",count_households,2018,47336,new_34,11,Điện Biên
1.3.M,"Số hộ nghèo theo chuẩn nghèo đa chiều phân theo thành thị, nông thôn và theo vùng, địa phương",count_households,2019,43048,new_34,11,Điện Biên
1.3.M,"Số hộ nghèo theo chuẩn nghèo đa chiều phân theo thành thị, nông thôn và theo vùng, địa phương",count_households,2020,39982,new_34,11,Điện Biên
1.3.M,"Số hộ nghèo theo chuẩn nghèo đa chiều phân theo thành thị, nông thôn và theo vùng, địa phương",count_households,2021,47327,new_34,11,Điện Biên
1.3.M,"Số hộ nghèo theo chuẩn nghèo đa chiều phân theo thành thị, nông thôn và theo vùng, địa phương",count_households,2022,41706,new_34,11,Điện Biên
1.3.M,"Số hộ nghèo theo chuẩn nghèo đa chiều phân theo thành thị, nông thôn và theo vùng, địa phương",count_households,2023,35922,new_34,11,Điện Biên
1.3.M,"Số hộ nghèo theo chuẩn nghèo đa chiều phân theo thành thị, nông thôn và theo vùng, địa phương",count_households,2024,30327,new_34,11,Điện Biên
1.3.M,"Số hộ nghèo theo chuẩn nghèo đa chiều phân theo thành thị, nông thôn và theo vùng, địa phương",count_households,2016,32259,new_34,12,Lai Châu
1.3.M,"Số hộ nghèo theo chuẩn nghèo đa chiều phân theo thành thị, nông thôn và theo vùng, địa phương",count_households,2017,28257,new_34,12,Lai Châu
1.3.M,"Số hộ nghèo theo chuẩn nghèo đa chiều phân theo thành thị, nông thôn và theo vùng, địa phương",count_households,2018,24195,new_34,12,Lai Châu
1.3.M,"Số hộ nghèo theo chuẩn nghèo đa chiều phân theo thành thị, nông thôn và theo vùng, địa phương",count_households,2019,20174,new_34,12,Lai Châu
1.3.M,"Số hộ nghèo theo chuẩn nghèo đa chiều phân theo thành thị, nông thôn và theo vùng, địa phương",count_households,2020,16745,new_34,12,Lai Châu
1.3.M,"Số hộ nghèo theo chuẩn nghèo đa chiều phân theo thành thị, nông thôn và theo vùng, địa phương",count_households,2021,33798,new_34,12,Lai Châu
1.3.M,"Số hộ nghèo theo chuẩn nghèo đa chiều phân theo thành thị, nông thôn và theo vùng, địa phương",count_households,2022,30048,new_34,12,Lai Châu
1.3.M,"Số hộ nghèo theo chuẩn nghèo đa chiều phân theo thành thị, nông thôn và theo vùng, địa phương",count_households,2023,25426,new_34,12,Lai Châu
1.3.M,"Số hộ nghèo theo chuẩn nghèo đa chiều phân theo thành thị, nông thôn và theo vùng, địa phương",count_households,2024,20961,new_34,12,Lai Châu
1.3.M,"Số hộ nghèo theo chuẩn nghèo đa chiều phân theo thành thị, nông thôn và theo vùng, địa phương",count_households,2016,87146,new_34,14,Sơn La
1.3.M,"Số hộ nghèo theo chuẩn nghèo đa chiều phân theo thành thị, nông thôn và theo vùng, địa phương",count_households,2017,81260,new_34,14,Sơn La
1.3.M,"Số hộ nghèo theo chuẩn nghèo đa chiều phân theo thành thị, nông thôn và theo vùng, địa phương",count_households,2018,71798,new_34,14,Sơn La
1.3.M,"Số hộ nghèo theo chuẩn nghèo đa chiều phân theo thành thị, nông thôn và theo vùng, địa phương",count_households,2019,62068,new_34,14,Sơn La
1.3.M,"Số hộ nghèo theo chuẩn nghèo đa chiều phân theo thành thị, nông thôn và theo vùng, địa phương",count_households,2020,53387,new_34,14,Sơn La
1.3.M,"Số hộ nghèo theo chuẩn nghèo đa chiều phân theo thành thị, nông thôn và theo vùng, địa phương",count_households,2021,63513,new_34,14,Sơn La
1.3.M,"Số hộ nghèo theo chuẩn nghèo đa chiều phân theo thành thị, nông thôn và theo vùng, địa phương",count_households,2022,52883,new_34,14,Sơn La
1.3.M,"Số hộ nghèo theo chuẩn nghèo đa chiều phân theo thành thị, nông thôn và theo vùng, địa phương",count_households,2023,42147,new_34,14,Sơn La
1.3.M,"Số hộ nghèo theo chuẩn nghèo đa chiều phân theo thành thị, nông thôn và theo vùng, địa phương",count_households,2024,32652,new_34,14,Sơn La
1.3.M,"Số hộ nghèo theo chuẩn nghèo đa chiều phân theo thành thị, nông thôn và theo vùng, địa phương",count_households,2016,105855,new_34,38,Thanh Hóa
1.3.M,"Số hộ nghèo theo chuẩn nghèo đa chiều phân theo thành thị, nông thôn và theo vùng, địa phương",count_households,2017,81758,new_34,38,Thanh Hóa
1.3.M,"Số hộ nghèo theo chuẩn nghèo đa chiều phân theo thành thị, nông thôn và theo vùng, địa phương",count_households,2018,54918,new_34,38,Thanh Hóa
1.3.M,"Số hộ nghèo theo chuẩn nghèo đa chiều phân theo thành thị, nông thôn và theo vùng, địa phương",count_households,2019,32230,new_34,38,Thanh Hóa
1.3.M,"Số hộ nghèo theo chuẩn nghèo đa chiều phân theo thành thị, nông thôn và theo vùng, địa phương",count_households,2020,21923,new_34,38,Thanh Hóa
1.3.M,"Số hộ nghèo theo chuẩn nghèo đa chiều phân theo thành thị, nông thôn và theo vùng, địa phương",count_households,2021,67684,new_34,38,Thanh Hóa
1.3.M,"Số hộ nghèo theo chuẩn nghèo đa chiều phân theo thành thị, nông thôn và theo vùng, địa phương",count_households,2022,49893,new_34,38,Thanh Hóa
1.3.M,"Số hộ nghèo theo chuẩn nghèo đa chiều phân theo thành thị, nông thôn và theo vùng, địa phương",count_households,2023,35320,new_34,38,Thanh Hóa
1.3.M,"Số hộ nghèo theo chuẩn nghèo đa chiều phân theo thành thị, nông thôn và theo vùng, địa phương",count_households,2024,20660,new_34,38,Thanh Hóa
1.3.M,"Số hộ nghèo theo chuẩn nghèo đa chiều phân theo thành thị, nông thôn và theo vùng, địa phương",count_households,2016,80168,new_34,40,Nghệ An
1.3.M,"Số hộ nghèo theo chuẩn nghèo đa chiều phân theo thành thị, nông thôn và theo vùng, địa phương",count_households,2017,65435,new_34,40,Nghệ An
1.3.M,"Số hộ nghèo theo chuẩn nghèo đa chiều phân theo thành thị, nông thôn và theo vùng, địa phương",count_households,2018,51949,new_34,40,Nghệ An
1.3.M,"Số hộ nghèo theo chuẩn nghèo đa chiều phân theo thành thị, nông thôn và theo vùng, địa phương",count_households,2019,41041,new_34,40,Nghệ An
1.3.M,"Số hộ nghèo theo chuẩn nghèo đa chiều phân theo thành thị, nông thôn và theo vùng, địa phương",count_households,2020,34161,new_34,40,Nghệ An
1.3.M,"Số hộ nghèo theo chuẩn nghèo đa chiều phân theo thành thị, nông thôn và theo vùng, địa phương",count_households,2021,66709,new_34,40,Nghệ An
1.3.M,"Số hộ nghèo theo chuẩn nghèo đa chiều phân theo thành thị, nông thôn và theo vùng, địa phương",count_households,2022,55348,new_34,40,Nghệ An
1.3.M,"Số hộ nghèo theo chuẩn nghèo đa chiều phân theo thành thị, nông thôn và theo vùng, địa phương",count_households,2023,45333,new_34,40,Nghệ An
1.3.M,"Số hộ nghèo theo chuẩn nghèo đa chiều phân theo thành thị, nông thôn và theo vùng, địa phương",count_households,2024,36703,new_34,40,Nghệ An
1.3.M,"Số hộ nghèo theo chuẩn nghèo đa chiều phân theo thành thị, nông thôn và theo vùng, địa phương",count_households,2016,39033,new_34,42,Hà Tĩnh
1.3.M,"Số hộ nghèo theo chuẩn nghèo đa chiều phân theo thành thị, nông thôn và theo vùng, địa phương",count_households,2017,32180,new_34,42,Hà Tĩnh
1.3.M,"Số hộ nghèo theo chuẩn nghèo đa chiều phân theo thành thị, nông thôn và theo vùng, địa phương",count_households,2018,26140,new_34,42,Hà Tĩnh
1.3.M,"Số hộ nghèo theo chuẩn nghèo đa chiều phân theo thành thị, nông thôn và theo vùng, địa phương",count_households,2019,17352,new_34,42,Hà Tĩnh
1.3.M,"Số hộ nghèo theo chuẩn nghèo đa chiều phân theo thành thị, nông thôn và theo vùng, địa phương",count_households,2020,13412,new_34,42,Hà Tĩnh
1.3.M,"Số hộ nghèo theo chuẩn nghèo đa chiều phân theo thành thị, nông thôn và theo vùng, địa phương",count_households,2021,17848,new_34,42,Hà Tĩnh
1.3.M,"Số hộ nghèo theo chuẩn nghèo đa chiều phân theo thành thị, nông thôn và theo vùng, địa phương",count_households,2022,14527,new_34,42,Hà Tĩnh
1.3.M,"Số hộ nghèo theo chuẩn nghèo đa chiều phân theo thành thị, nông thôn và theo vùng, địa phương",count_households,2023,11572,new_34,42,Hà Tĩnh
1.3.M,"Số hộ nghèo theo chuẩn nghèo đa chiều phân theo thành thị, nông thôn và theo vùng, địa phương",count_households,2024,9236,new_34,42,Hà Tĩnh
1.3.M,"Số hộ nghèo theo chuẩn nghèo đa chiều phân theo thành thị, nông thôn và theo vùng, địa phương",count_households,2016,51198,new_34,44,Quảng Trị
1.3.M,"Số hộ nghèo theo chuẩn nghèo đa chiều phân theo thành thị, nông thôn và theo vùng, địa phương",count_households,2017,42760,new_34,44,Quảng Trị
1.3.M,"Số hộ nghèo theo chuẩn nghèo đa chiều phân theo thành thị, nông thôn và theo vùng, địa phương",count_households,2018,34021,new_34,44,Quảng Trị
1.3.M,"Số hộ nghèo theo chuẩn nghèo đa chiều phân theo thành thị, nông thôn và theo vùng, địa phương",count_households,2019,26494,new_34,44,Quảng Trị
1.3.M,"Số hộ nghèo theo chuẩn nghèo đa chiều phân theo thành thị, nông thôn và theo vùng, địa phương",count_households,2020,22392,new_34,44,Quảng Trị
1.3.M,"Số hộ nghèo theo chuẩn nghèo đa chiều phân theo thành thị, nông thôn và theo vùng, địa phương",count_households,2021,35588,new_34,44,Quảng Trị
1.3.M,"Số hộ nghèo theo chuẩn nghèo đa chiều phân theo thành thị, nông thôn và theo vùng, địa phương",count_households,2022,29367,new_34,44,Quảng Trị
1.3.M,"Số hộ nghèo theo chuẩn nghèo đa chiều phân theo thành thị, nông thôn và theo vùng, địa phương",count_households,2023,24513,new_34,44,Quảng Trị
1.3.M,"Số hộ nghèo theo chuẩn nghèo đa chiều phân theo thành thị, nông thôn và theo vùng, địa phương",count_households,2024,19805,new_34,44,Quảng Trị
1.3.M,"Số hộ nghèo theo chuẩn nghèo đa chiều phân theo thành thị, nông thôn và theo vùng, địa phương",count_households,2016,20623,new_34,46,Huế
1.3.M,"Số hộ nghèo theo chuẩn nghèo đa chiều phân theo thành thị, nông thôn và theo vùng, địa phương",count_households,2017,17662,new_34,46,Huế
1.3.M,"Số hộ nghèo theo chuẩn nghèo đa chiều phân theo thành thị, nông thôn và theo vùng, địa phương",count_households,2018,15153,new_34,46,Huế
1.3.M,"Số hộ nghèo theo chuẩn nghèo đa chiều phân theo thành thị, nông thôn và theo vùng, địa phương",count_households,2019,12901,new_34,46,Huế
1.3.M,"Số hộ nghèo theo chuẩn nghèo đa chiều phân theo thành thị, nông thôn và theo vùng, địa phương",count_households,2020,10871,new_34,46,Huế
1.3.M,"Số hộ nghèo theo chuẩn nghèo đa chiều phân theo thành thị, nông thôn và theo vùng, địa phương",count_households,2021,16008,new_34,46,Huế
1.3.M,"Số hộ nghèo theo chuẩn nghèo đa chiều phân theo thành thị, nông thôn và theo vùng, địa phương",count_households,2022,11735,new_34,46,Huế
1.3.M,"Số hộ nghèo theo chuẩn nghèo đa chiều phân theo thành thị, nông thôn và theo vùng, địa phương",count_households,2023,7540,new_34,46,Huế
1.3.M,"Số hộ nghèo theo chuẩn nghèo đa chiều phân theo thành thị, nông thôn và theo vùng, địa phương",count_households,2024,4689,new_34,46,Huế
1.3.M,"Số hộ nghèo theo chuẩn nghèo đa chiều phân theo thành thị, nông thôn và theo vùng, địa phương",count_households,2016,52625,new_34,48,Đà Nẵng
1.3.M,"Số hộ nghèo theo chuẩn nghèo đa chiều phân theo thành thị, nông thôn và theo vùng, địa phương",count_households,2017,43102,new_34,48,Đà Nẵng
1.3.M,"Số hộ nghèo theo chuẩn nghèo đa chiều phân theo thành thị, nông thôn và theo vùng, địa phương",count_households,2018,34115,new_34,48,Đà Nẵng
1.3.M,"Số hộ nghèo theo chuẩn nghèo đa chiều phân theo thành thị, nông thôn và theo vùng, địa phương",count_households,2019,29071,new_34,48,Đà Nẵng
1.3.M,"Số hộ nghèo theo chuẩn nghèo đa chiều phân theo thành thị, nông thôn và theo vùng, địa phương",count_households,2020,25433,new_34,48,Đà Nẵng
1.3.M,"Số hộ nghèo theo chuẩn nghèo đa chiều phân theo thành thị, nông thôn và theo vùng, địa phương",count_households,2021,37467,new_34,48,Đà Nẵng
1.3.M,"Số hộ nghèo theo chuẩn nghèo đa chiều phân theo thành thị, nông thôn và theo vùng, địa phương",count_households,2022,32952,new_34,48,Đà Nẵng
1.3.M,"Số hộ nghèo theo chuẩn nghèo đa chiều phân theo thành thị, nông thôn và theo vùng, địa phương",count_households,2023,28048,new_34,48,Đà Nẵng
1.3.M,"Số hộ nghèo theo chuẩn nghèo đa chiều phân theo thành thị, nông thôn và theo vùng, địa phương",count_households,2024,22871,new_34,48,Đà Nẵng
1.3.M,"Số hộ nghèo theo chuẩn nghèo đa chiều phân theo thành thị, nông thôn và theo vùng, địa phương",count_households,2016,74250,new_34,51,Quảng Ngãi
1.3.M,"Số hộ nghèo theo chuẩn nghèo đa chiều phân theo thành thị, nông thôn và theo vùng, địa phương",count_households,2017,65291,new_34,51,Quảng Ngãi
1.3.M,"Số hộ nghèo theo chuẩn nghèo đa chiều phân theo thành thị, nông thôn và theo vùng, địa phương",count_households,2018,56232,new_34,51,Quảng Ngãi
1.3.M,"Số hộ nghèo theo chuẩn nghèo đa chiều phân theo thành thị, nông thôn và theo vùng, địa phương",count_households,2019,46822,new_34,51,Quảng Ngãi
1.3.M,"Số hộ nghèo theo chuẩn nghèo đa chiều phân theo thành thị, nông thôn và theo vùng, địa phương",count_households,2020,38138,new_34,51,Quảng Ngãi
1.3.M,"Số hộ nghèo theo chuẩn nghèo đa chiều phân theo thành thị, nông thôn và theo vùng, địa phương",count_households,2021,55809,new_34,51,Quảng Ngãi
1.3.M,"Số hộ nghèo theo chuẩn nghèo đa chiều phân theo thành thị, nông thôn và theo vùng, địa phương",count_households,2022,45172,new_34,51,Quảng Ngãi
1.3.M,"Số hộ nghèo theo chuẩn nghèo đa chiều phân theo thành thị, nông thôn và theo vùng, địa phương",count_households,2023,33537,new_34,51,Quảng Ngãi
1.3.M,"Số hộ nghèo theo chuẩn nghèo đa chiều phân theo thành thị, nông thôn và theo vùng, địa phương",count_households,2024,22925,new_34,51,Quảng Ngãi
1.3.M,"Số hộ nghèo theo chuẩn nghèo đa chiều phân theo thành thị, nông thôn và theo vùng, địa phương",count_households,2016,41632,new_34,56,Khánh Hòa
1.3.M,"Số hộ nghèo theo chuẩn nghèo đa chiều phân theo thành thị, nông thôn và theo vùng, địa phương",count_households,2017,36426,new_34,56,Khánh Hòa
1.3.M,"Số hộ nghèo theo chuẩn nghèo đa chiều phân theo thành thị, nông thôn và theo vùng, địa phương",count_households,2018,29426,new_34,56,Khánh Hòa
1.3.M,"Số hộ nghèo theo chuẩn nghèo đa chiều phân theo thành thị, nông thôn và theo vùng, địa phương",count_households,2019,22068,new_34,56,Khánh Hòa
1.3.M,"Số hộ nghèo theo chuẩn nghèo đa chiều phân theo thành thị, nông thôn và theo vùng, địa phương",count_households,2020,16574,new_34,56,Khánh Hòa
1.3.M,"Số hộ nghèo theo chuẩn nghèo đa chiều phân theo thành thị, nông thôn và theo vùng, địa phương",count_households,2021,27113,new_34,56,Khánh Hòa
1.3.M,"Số hộ nghèo theo chuẩn nghèo đa chiều phân theo thành thị, nông thôn và theo vùng, địa phương",count_households,2022,21841,new_34,56,Khánh Hòa
1.3.M,"Số hộ nghèo theo chuẩn nghèo đa chiều phân theo thành thị, nông thôn và theo vùng, địa phương",count_households,2023,15172,new_34,56,Khánh Hòa
1.3.M,"Số hộ nghèo theo chuẩn nghèo đa chiều phân theo thành thị, nông thôn và theo vùng, địa phương",count_households,2024,9319,new_34,56,Khánh Hòa
1.3.M,"Số hộ nghèo theo chuẩn nghèo đa chiều phân theo thành thị, nông thôn và theo vùng, địa phương",count_households,2016,68678,new_34,52,Gia Lai
1.3.M,"Số hộ nghèo theo chuẩn nghèo đa chiều phân theo thành thị, nông thôn và theo vùng, địa phương",count_households,2017,56425,new_34,52,Gia Lai
1.3.M,"Số hộ nghèo theo chuẩn nghèo đa chiều phân theo thành thị, nông thôn và theo vùng, địa phương",count_households,2018,43162,new_34,52,Gia Lai
1.3.M,"Số hộ nghèo theo chuẩn nghèo đa chiều phân theo thành thị, nông thôn và theo vùng, địa phương",count_households,2019,32130,new_34,52,Gia Lai
1.3.M,"Số hộ nghèo theo chuẩn nghèo đa chiều phân theo thành thị, nông thôn và theo vùng, địa phương",count_households,2020,24321,new_34,52,Gia Lai
1.3.M,"Số hộ nghèo theo chuẩn nghèo đa chiều phân theo thành thị, nông thôn và theo vùng, địa phương",count_households,2021,56654,new_34,52,Gia Lai
1.3.M,"Số hộ nghèo theo chuẩn nghèo đa chiều phân theo thành thị, nông thôn và theo vùng, địa phương",count_households,2022,47209,new_34,52,Gia Lai
1.3.M,"Số hộ nghèo theo chuẩn nghèo đa chiều phân theo thành thị, nông thôn và theo vùng, địa phương",count_households,2023,38123,new_34,52,Gia Lai
1.3.M,"Số hộ nghèo theo chuẩn nghèo đa chiều phân theo thành thị, nông thôn và theo vùng, địa phương",count_households,2024,28702,new_34,52,Gia Lai
1.3.M,"Số hộ nghèo theo chuẩn nghèo đa chiều phân theo thành thị, nông thôn và theo vùng, địa phương",count_households,2016,102199,new_34,66,Đắk Lắk
1.3.M,"Số hộ nghèo theo chuẩn nghèo đa chiều phân theo thành thị, nông thôn và theo vùng, địa phương",count_households,2017,87214,new_34,66,Đắk Lắk
1.3.M,"Số hộ nghèo theo chuẩn nghèo đa chiều phân theo thành thị, nông thôn và theo vùng, địa phương",count_households,2018,72330,new_34,66,Đắk Lắk
1.3.M,"Số hộ nghèo theo chuẩn nghèo đa chiều phân theo thành thị, nông thôn và theo vùng, địa phương",count_households,2019,56304,new_34,66,Đắk Lắk
1.3.M,"Số hộ nghèo theo chuẩn nghèo đa chiều phân theo thành thị, nông thôn và theo vùng, địa phương",count_households,2020,11681,new_34,66,Đắk Lắk
1.3.M,"Số hộ nghèo theo chuẩn nghèo đa chiều phân theo thành thị, nông thôn và theo vùng, địa phương",count_households,2021,76813,new_34,66,Đắk Lắk
1.3.M,"Số hộ nghèo theo chuẩn nghèo đa chiều phân theo thành thị, nông thôn và theo vùng, địa phương",count_households,2022,65470,new_34,66,Đắk Lắk
1.3.M,"Số hộ nghèo theo chuẩn nghèo đa chiều phân theo thành thị, nông thôn và theo vùng, địa phương",count_households,2023,54571,new_34,66,Đắk Lắk
1.3.M,"Số hộ nghèo theo chuẩn nghèo đa chiều phân theo thành thị, nông thôn và theo vùng, địa phương",count_households,2024,40917,new_34,66,Đắk Lắk
1.3.M,"Số hộ nghèo theo chuẩn nghèo đa chiều phân theo thành thị, nông thôn và theo vùng, địa phương",count_households,2016,58400,new_34,68,Lâm Đồng
1.3.M,"Số hộ nghèo theo chuẩn nghèo đa chiều phân theo thành thị, nông thôn và theo vùng, địa phương",count_households,2017,48397,new_34,68,Lâm Đồng
1.3.M,"Số hộ nghèo theo chuẩn nghèo đa chiều phân theo thành thị, nông thôn và theo vùng, địa phương",count_households,2018,38405,new_34,68,Lâm Đồng
1.3.M,"Số hộ nghèo theo chuẩn nghèo đa chiều phân theo thành thị, nông thôn và theo vùng, địa phương",count_households,2019,29776,new_34,68,Lâm Đồng
1.3.M,"Số hộ nghèo theo chuẩn nghèo đa chiều phân theo thành thị, nông thôn và theo vùng, địa phương",count_households,2020,20636,new_34,68,Lâm Đồng
1.3.M,"Số hộ nghèo theo chuẩn nghèo đa chiều phân theo thành thị, nông thôn và theo vùng, địa phương",count_households,2021,38757,new_34,68,Lâm Đồng
1.3.M,"Số hộ nghèo theo chuẩn nghèo đa chiều phân theo thành thị, nông thôn và theo vùng, địa phương",count_households,2022,28637,new_34,68,Lâm Đồng
1.3.M,"Số hộ nghèo theo chuẩn nghèo đa chiều phân theo thành thị, nông thôn và theo vùng, địa phương",count_households,2023,19371,new_34,68,Lâm Đồng
1.3.M,"Số hộ nghèo theo chuẩn nghèo đa chiều phân theo thành thị, nông thôn và theo vùng, địa phương",count_households,2024,12337,new_34,68,Lâm Đồng
1.3.M,"Số hộ nghèo theo chuẩn nghèo đa chiều phân theo thành thị, nông thôn và theo vùng, địa phương",count_households,2016,20382,new_34,80,Tây Ninh
1.3.M,"Số hộ nghèo theo chuẩn nghèo đa chiều phân theo thành thị, nông thôn và theo vùng, địa phương",count_households,2017,16191,new_34,80,Tây Ninh
1.3.M,"Số hộ nghèo theo chuẩn nghèo đa chiều phân theo thành thị, nông thôn và theo vùng, địa phương",count_households,2018,12084,new_34,80,Tây Ninh
1.3.M,"Số hộ nghèo theo chuẩn nghèo đa chiều phân theo thành thị, nông thôn và theo vùng, địa phương",count_households,2019,9113,new_34,80,Tây Ninh
1.3.M,"Số hộ nghèo theo chuẩn nghèo đa chiều phân theo thành thị, nông thôn và theo vùng, địa phương",count_households,2020,5529,new_34,80,Tây Ninh
1.3.M,"Số hộ nghèo theo chuẩn nghèo đa chiều phân theo thành thị, nông thôn và theo vùng, địa phương",count_households,2021,8309,new_34,80,Tây Ninh
1.3.M,"Số hộ nghèo theo chuẩn nghèo đa chiều phân theo thành thị, nông thôn và theo vùng, địa phương",count_households,2022,5801,new_34,80,Tây Ninh
1.3.M,"Số hộ nghèo theo chuẩn nghèo đa chiều phân theo thành thị, nông thôn và theo vùng, địa phương",count_households,2023,4166,new_34,80,Tây Ninh
1.3.M,"Số hộ nghèo theo chuẩn nghèo đa chiều phân theo thành thị, nông thôn và theo vùng, địa phương",count_households,2024,3027,new_34,80,Tây Ninh
1.3.M,"Số hộ nghèo theo chuẩn nghèo đa chiều phân theo thành thị, nông thôn và theo vùng, địa phương",count_households,2016,19156,new_34,75,Đồng Nai
1.3.M,"Số hộ nghèo theo chuẩn nghèo đa chiều phân theo thành thị, nông thôn và theo vùng, địa phương",count_households,2017,14780,new_34,75,Đồng Nai
1.3.M,"Số hộ nghèo theo chuẩn nghèo đa chiều phân theo thành thị, nông thôn và theo vùng, địa phương",count_households,2018,11764,new_34,75,Đồng Nai
1.3.M,"Số hộ nghèo theo chuẩn nghèo đa chiều phân theo thành thị, nông thôn và theo vùng, địa phương",count_households,2019,9029,new_34,75,Đồng Nai
1.3.M,"Số hộ nghèo theo chuẩn nghèo đa chiều phân theo thành thị, nông thôn và theo vùng, địa phương",count_households,2020,5278,new_34,75,Đồng Nai
1.3.M,"Số hộ nghèo theo chuẩn nghèo đa chiều phân theo thành thị, nông thôn và theo vùng, địa phương",count_households,2021,11951,new_34,75,Đồng Nai
1.3.M,"Số hộ nghèo theo chuẩn nghèo đa chiều phân theo thành thị, nông thôn và theo vùng, địa phương",count_households,2022,6347,new_34,75,Đồng Nai
1.3.M,"Số hộ nghèo theo chuẩn nghèo đa chiều phân theo thành thị, nông thôn và theo vùng, địa phương",count_households,2023,3718,new_34,75,Đồng Nai
1.3.M,"Số hộ nghèo theo chuẩn nghèo đa chiều phân theo thành thị, nông thôn và theo vùng, địa phương",count_households,2024,2900,new_34,75,Đồng Nai
1.3.M,"Số hộ nghèo theo chuẩn nghèo đa chiều phân theo thành thị, nông thôn và theo vùng, địa phương",count_households,2016,4738,new_34,79,TP. Hồ Chí Minh
1.3.M,"Số hộ nghèo theo chuẩn nghèo đa chiều phân theo thành thị, nông thôn và theo vùng, địa phương",count_households,2017,2609,new_34,79,TP. Hồ Chí Minh
1.3.M,"Số hộ nghèo theo chuẩn nghèo đa chiều phân theo thành thị, nông thôn và theo vùng, địa phương",count_households,2018,1652,new_34,79,TP. Hồ Chí Minh
1.3.M,"Số hộ nghèo theo chuẩn nghèo đa chiều phân theo thành thị, nông thôn và theo vùng, địa phương",count_households,2019,669,new_34,79,TP. Hồ Chí Minh
1.3.M,"Số hộ nghèo theo chuẩn nghèo đa chiều phân theo thành thị, nông thôn và theo vùng, địa phương",count_households,2020,257,new_34,79,TP. Hồ Chí Minh
1.3.M,"Số hộ nghèo theo chuẩn nghèo đa chiều phân theo thành thị, nông thôn và theo vùng, địa phương",count_households,2021,9620,new_34,79,TP. Hồ Chí Minh
1.3.M,"Số hộ nghèo theo chuẩn nghèo đa chiều phân theo thành thị, nông thôn và theo vùng, địa phương",count_households,2022,2326,new_34,79,TP. Hồ Chí Minh
1.3.M,"Số hộ nghèo theo chuẩn nghèo đa chiều phân theo thành thị, nông thôn và theo vùng, địa phương",count_households,2023,2009,new_34,79,TP. Hồ Chí Minh
1.3.M,"Số hộ nghèo theo chuẩn nghèo đa chiều phân theo thành thị, nông thôn và theo vùng, địa phương",count_households,2024,1250,new_34,79,TP. Hồ Chí Minh
1.3.M,"Số hộ nghèo theo chuẩn nghèo đa chiều phân theo thành thị, nông thôn và theo vùng, địa phương",count_households,2016,81129,new_34,86,Vĩnh Long
1.3.M,"Số hộ nghèo theo chuẩn nghèo đa chiều phân theo thành thị, nông thôn và theo vùng, địa phương",count_households,2017,63587,new_34,86,Vĩnh Long
1.3.M,"Số hộ nghèo theo chuẩn nghèo đa chiều phân theo thành thị, nông thôn và theo vùng, địa phương",count_households,2018,47247,new_34,86,Vĩnh Long
1.3.M,"Số hộ nghèo theo chuẩn nghèo đa chiều phân theo thành thị, nông thôn và theo vùng, địa phương",count_households,2019,32557,new_34,86,Vĩnh Long
1.3.M,"Số hộ nghèo theo chuẩn nghèo đa chiều phân theo thành thị, nông thôn và theo vùng, địa phương",count_households,2020,22871,new_34,86,Vĩnh Long
1.3.M,"Số hộ nghèo theo chuẩn nghèo đa chiều phân theo thành thị, nông thôn và theo vùng, địa phương",count_households,2021,33359,new_34,86,Vĩnh Long
1.3.M,"Số hộ nghèo theo chuẩn nghèo đa chiều phân theo thành thị, nông thôn và theo vùng, địa phương",count_households,2022,23724,new_34,86,Vĩnh Long
1.3.M,"Số hộ nghèo theo chuẩn nghèo đa chiều phân theo thành thị, nông thôn và theo vùng, địa phương",count_households,2023,16824,new_34,86,Vĩnh Long
1.3.M,"Số hộ nghèo theo chuẩn nghèo đa chiều phân theo thành thị, nông thôn và theo vùng, địa phương",count_households,2024,12249,new_34,86,Vĩnh Long
1.3.M,"Số hộ nghèo theo chuẩn nghèo đa chiều phân theo thành thị, nông thôn và theo vùng, địa phương",count_households,2016,59169,new_34,82,Đồng Tháp
1.3.M,"Số hộ nghèo theo chuẩn nghèo đa chiều phân theo thành thị, nông thôn và theo vùng, địa phương",count_households,2017,46826,new_34,82,Đồng Tháp
1.3.M,"Số hộ nghèo theo chuẩn nghèo đa chiều phân theo thành thị, nông thôn và theo vùng, địa phương",count_households,2018,35174,new_34,82,Đồng Tháp
1.3.M,"Số hộ nghèo theo chuẩn nghèo đa chiều phân theo thành thị, nông thôn và theo vùng, địa phương",count_households,2019,25171,new_34,82,Đồng Tháp
1.3.M,"Số hộ nghèo theo chuẩn nghèo đa chiều phân theo thành thị, nông thôn và theo vùng, địa phương",count_households,2020,17756,new_34,82,Đồng Tháp
1.3.M,"Số hộ nghèo theo chuẩn nghèo đa chiều phân theo thành thị, nông thôn và theo vùng, địa phương",count_households,2021,22093,new_34,82,Đồng Tháp
1.3.M,"Số hộ nghèo theo chuẩn nghèo đa chiều phân theo thành thị, nông thôn và theo vùng, địa phương",count_households,2022,16134,new_34,82,Đồng Tháp
1.3.M,"Số hộ nghèo theo chuẩn nghèo đa chiều phân theo thành thị, nông thôn và theo vùng, địa phương",count_households,2023,11651,new_34,82,Đồng Tháp
1.3.M,"Số hộ nghèo theo chuẩn nghèo đa chiều phân theo thành thị, nông thôn và theo vùng, địa phương",count_households,2024,8858,new_34,82,Đồng Tháp
1.3.M,"Số hộ nghèo theo chuẩn nghèo đa chiều phân theo thành thị, nông thôn và theo vùng, địa phương",count_households,2016,71959,new_34,91,An Giang
1.3.M,"Số hộ nghèo theo chuẩn nghèo đa chiều phân theo thành thị, nông thôn và theo vùng, địa phương",count_households,2017,55294,new_34,91,An Giang
1.3.M,"Số hộ nghèo theo chuẩn nghèo đa chiều phân theo thành thị, nông thôn và theo vùng, địa phương",count_households,2018,38241,new_34,91,An Giang
1.3.M,"Số hộ nghèo theo chuẩn nghèo đa chiều phân theo thành thị, nông thôn và theo vùng, địa phương",count_households,2019,26483,new_34,91,An Giang
1.3.M,"Số hộ nghèo theo chuẩn nghèo đa chiều phân theo thành thị, nông thôn và theo vùng, địa phương",count_households,2020,19022,new_34,91,An Giang
1.3.M,"Số hộ nghèo theo chuẩn nghèo đa chiều phân theo thành thị, nông thôn và theo vùng, địa phương",count_households,2021,31951,new_34,91,An Giang
1.3.M,"Số hộ nghèo theo chuẩn nghèo đa chiều phân theo thành thị, nông thôn và theo vùng, địa phương",count_households,2022,23726,new_34,91,An Giang
1.3.M,"Số hộ nghèo theo chuẩn nghèo đa chiều phân theo thành thị, nông thôn và theo vùng, địa phương",count_households,2023,16903,new_34,91,An Giang
1.3.M,"Số hộ nghèo theo chuẩn nghèo đa chiều phân theo thành thị, nông thôn và theo vùng, địa phương",count_households,2024,12736,new_34,91,An Giang
1.3.M,"Số hộ nghèo theo chuẩn nghèo đa chiều phân theo thành thị, nông thôn và theo vùng, địa phương",count_households,2016,86189,new_34,92,Cần Thơ
1.3.M,"Số hộ nghèo theo chuẩn nghèo đa chiều phân theo thành thị, nông thôn và theo vùng, địa phương",count_households,2017,65761,new_34,92,Cần Thơ
1.3.M,"Số hộ nghèo theo chuẩn nghèo đa chiều phân theo thành thị, nông thôn và theo vùng, địa phương",count_households,2018,46594,new_34,92,Cần Thơ
1.3.M,"Số hộ nghèo theo chuẩn nghèo đa chiều phân theo thành thị, nông thôn và theo vùng, địa phương",count_households,2019,28379,new_34,92,Cần Thơ
1.3.M,"Số hộ nghèo theo chuẩn nghèo đa chiều phân theo thành thị, nông thôn và theo vùng, địa phương",count_households,2020,16618,new_34,92,Cần Thơ
1.3.M,"Số hộ nghèo theo chuẩn nghèo đa chiều phân theo thành thị, nông thôn và theo vùng, địa phương",count_households,2021,38311,new_34,92,Cần Thơ
1.3.M,"Số hộ nghèo theo chuẩn nghèo đa chiều phân theo thành thị, nông thôn và theo vùng, địa phương",count_households,2022,26779,new_34,92,Cần Thơ
1.3.M,"Số hộ nghèo theo chuẩn nghèo đa chiều phân theo thành thị, nông thôn và theo vùng, địa phương",count_households,2023,15901,new_34,92,Cần Thơ
1.3.M,"Số hộ nghèo theo chuẩn nghèo đa chiều phân theo thành thị, nông thôn và theo vùng, địa phương",count_households,2024,7745,new_34,92,Cần Thơ
1.3.M,"Số hộ nghèo theo chuẩn nghèo đa chiều phân theo thành thị, nông thôn và theo vùng, địa phương",count_households,2016,48603,new_34,96,Cà Mau
1.3.M,"Số hộ nghèo theo chuẩn nghèo đa chiều phân theo thành thị, nông thôn và theo vùng, địa phương",count_households,2017,34970,new_34,96,Cà Mau
1.3.M,"Số hộ nghèo theo chuẩn nghèo đa chiều phân theo thành thị, nông thôn và theo vùng, địa phương",count_households,2018,20846,new_34,96,Cà Mau
1.3.M,"Số hộ nghèo theo chuẩn nghèo đa chiều phân theo thành thị, nông thôn và theo vùng, địa phương",count_households,2019,10785,new_34,96,Cà Mau
1.3.M,"Số hộ nghèo theo chuẩn nghèo đa chiều phân theo thành thị, nông thôn và theo vùng, địa phương",count_households,2020,6428,new_34,96,Cà Mau
1.3.M,"Số hộ nghèo theo chuẩn nghèo đa chiều phân theo thành thị, nông thôn và theo vùng, địa phương",count_households,2021,21167,new_34,96,Cà Mau
1.3.M,"Số hộ nghèo theo chuẩn nghèo đa chiều phân theo thành thị, nông thôn và theo vùng, địa phương",count_households,2022,14640,new_34,96,Cà Mau
1.3.M,"Số hộ nghèo theo chuẩn nghèo đa chiều phân theo thành thị, nông thôn và theo vùng, địa phương",count_households,2023,8786,new_34,96,Cà Mau
1.3.M,"Số hộ nghèo theo chuẩn nghèo đa chiều phân theo thành thị, nông thôn và theo vùng, địa phương",count_households,2024,4471,new_34,96,Cà Mau
1.4,"Tỷ lệ hộ cận nghèo theo chuẩn nghèo đa chiều phân theo dân tộc, thành thị, nông thôn và theo vùng, địa phương",rate_percent,2016,12.86,old_63,2,Hà Giang
1.4,"Tỷ lệ hộ cận nghèo theo chuẩn nghèo đa chiều phân theo dân tộc, thành thị, nông thôn và theo vùng, địa phương",rate_percent,2017,13.9,old_63,2,Hà Giang
1.4,"Tỷ lệ hộ cận nghèo theo chuẩn nghèo đa chiều phân theo dân tộc, thành thị, nông thôn và theo vùng, địa phương",rate_percent,2018,12.71,old_63,2,Hà Giang
1.4,"Tỷ lệ hộ cận nghèo theo chuẩn nghèo đa chiều phân theo dân tộc, thành thị, nông thôn và theo vùng, địa phương",rate_percent,2019,14.29,old_63,2,Hà Giang
1.4,"Tỷ lệ hộ cận nghèo theo chuẩn nghèo đa chiều phân theo dân tộc, thành thị, nông thôn và theo vùng, địa phương",rate_percent,2020,10.79,old_63,2,Hà Giang
1.4,"Tỷ lệ hộ cận nghèo theo chuẩn nghèo đa chiều phân theo dân tộc, thành thị, nông thôn và theo vùng, địa phương",rate_percent,2021,13.02729858,old_63,2,Hà Giang
1.4,"Tỷ lệ hộ cận nghèo theo chuẩn nghèo đa chiều phân theo dân tộc, thành thị, nông thôn và theo vùng, địa phương",rate_percent,2022,12.87292672,old_63,2,Hà Giang
1.4,"Tỷ lệ hộ cận nghèo theo chuẩn nghèo đa chiều phân theo dân tộc, thành thị, nông thôn và theo vùng, địa phương",rate_percent,2023,11.49,old_63,2,Hà Giang
1.4,"Tỷ lệ hộ cận nghèo theo chuẩn nghèo đa chiều phân theo dân tộc, thành thị, nông thôn và theo vùng, địa phương",rate_percent,2024,10.41,old_63,2,Hà Giang
1.4,"Tỷ lệ hộ cận nghèo theo chuẩn nghèo đa chiều phân theo dân tộc, thành thị, nông thôn và theo vùng, địa phương",rate_percent,2016,10.96,old_63,4,Cao Bằng
1.4,"Tỷ lệ hộ cận nghèo theo chuẩn nghèo đa chiều phân theo dân tộc, thành thị, nông thôn và theo vùng, địa phương",rate_percent,2017,12.57,old_63,4,Cao Bằng
1.4,"Tỷ lệ hộ cận nghèo theo chuẩn nghèo đa chiều phân theo dân tộc, thành thị, nông thôn và theo vùng, địa phương",rate_percent,2018,13.53,old_63,4,Cao Bằng
1.4,"Tỷ lệ hộ cận nghèo theo chuẩn nghèo đa chiều phân theo dân tộc, thành thị, nông thôn và theo vùng, địa phương",rate_percent,2019,14.53,old_63,4,Cao Bằng
1.4,"Tỷ lệ hộ cận nghèo theo chuẩn nghèo đa chiều phân theo dân tộc, thành thị, nông thôn và theo vùng, địa phương",rate_percent,2020,8.36,old_63,4,Cao Bằng
1.4,"Tỷ lệ hộ cận nghèo theo chuẩn nghèo đa chiều phân theo dân tộc, thành thị, nông thôn và theo vùng, địa phương",rate_percent,2021,13.32581999,old_63,4,Cao Bằng
1.4,"Tỷ lệ hộ cận nghèo theo chuẩn nghèo đa chiều phân theo dân tộc, thành thị, nông thôn và theo vùng, địa phương",rate_percent,2022,14.76369882,old_63,4,Cao Bằng
1.4,"Tỷ lệ hộ cận nghèo theo chuẩn nghèo đa chiều phân theo dân tộc, thành thị, nông thôn và theo vùng, địa phương",rate_percent,2023,15.22,old_63,4,Cao Bằng
1.4,"Tỷ lệ hộ cận nghèo theo chuẩn nghèo đa chiều phân theo dân tộc, thành thị, nông thôn và theo vùng, địa phương",rate_percent,2024,15.24,old_63,4,Cao Bằng
1.4,"Tỷ lệ hộ cận nghèo theo chuẩn nghèo đa chiều phân theo dân tộc, thành thị, nông thôn và theo vùng, địa phương",rate_percent,2016,12.93,old_63,6,Bắc Kạn
1.4,"Tỷ lệ hộ cận nghèo theo chuẩn nghèo đa chiều phân theo dân tộc, thành thị, nông thôn và theo vùng, địa phương",rate_percent,2017,12.23,old_63,6,Bắc Kạn
1.4,"Tỷ lệ hộ cận nghèo theo chuẩn nghèo đa chiều phân theo dân tộc, thành thị, nông thôn và theo vùng, địa phương",rate_percent,2018,11.82,old_63,6,Bắc Kạn
1.4,"Tỷ lệ hộ cận nghèo theo chuẩn nghèo đa chiều phân theo dân tộc, thành thị, nông thôn và theo vùng, địa phương",rate_percent,2019,11.33,old_63,6,Bắc Kạn
1.4,"Tỷ lệ hộ cận nghèo theo chuẩn nghèo đa chiều phân theo dân tộc, thành thị, nông thôn và theo vùng, địa phương",rate_percent,2020,7.82,old_63,6,Bắc Kạn
1.4,"Tỷ lệ hộ cận nghèo theo chuẩn nghèo đa chiều phân theo dân tộc, thành thị, nông thôn và theo vùng, địa phương",rate_percent,2021,9.525737279,old_63,6,Bắc Kạn
1.4,"Tỷ lệ hộ cận nghèo theo chuẩn nghèo đa chiều phân theo dân tộc, thành thị, nông thôn và theo vùng, địa phương",rate_percent,2022,8.996114069,old_63,6,Bắc Kạn
1.4,"Tỷ lệ hộ cận nghèo theo chuẩn nghèo đa chiều phân theo dân tộc, thành thị, nông thôn và theo vùng, địa phương",rate_percent,2023,9.1,old_63,6,Bắc Kạn
1.4,"Tỷ lệ hộ cận nghèo theo chuẩn nghèo đa chiều phân theo dân tộc, thành thị, nông thôn và theo vùng, địa phương",rate_percent,2024,9.27,old_63,6,Bắc Kạn
1.4,"Tỷ lệ hộ cận nghèo theo chuẩn nghèo đa chiều phân theo dân tộc, thành thị, nông thôn và theo vùng, địa phương",rate_percent,2016,11.1,old_63,8,Tuyên Quang
1.4,"Tỷ lệ hộ cận nghèo theo chuẩn nghèo đa chiều phân theo dân tộc, thành thị, nông thôn và theo vùng, địa phương",rate_percent,2017,12.78,old_63,8,Tuyên Quang
1.4,"Tỷ lệ hộ cận nghèo theo chuẩn nghèo đa chiều phân theo dân tộc, thành thị, nông thôn và theo vùng, địa phương",rate_percent,2018,13.29,old_63,8,Tuyên Quang
1.4,"Tỷ lệ hộ cận nghèo theo chuẩn nghèo đa chiều phân theo dân tộc, thành thị, nông thôn và theo vùng, địa phương",rate_percent,2019,13.61,old_63,8,Tuyên Quang
1.4,"Tỷ lệ hộ cận nghèo theo chuẩn nghèo đa chiều phân theo dân tộc, thành thị, nông thôn và theo vùng, địa phương",rate_percent,2020,4.87,old_63,8,Tuyên Quang
1.4,"Tỷ lệ hộ cận nghèo theo chuẩn nghèo đa chiều phân theo dân tộc, thành thị, nông thôn và theo vùng, địa phương",rate_percent,2021,7.850222866,old_63,8,Tuyên Quang
1.4,"Tỷ lệ hộ cận nghèo theo chuẩn nghèo đa chiều phân theo dân tộc, thành thị, nông thôn và theo vùng, địa phương",rate_percent,2022,7.458907463,old_63,8,Tuyên Quang
1.4,"Tỷ lệ hộ cận nghèo theo chuẩn nghèo đa chiều phân theo dân tộc, thành thị, nông thôn và theo vùng, địa phương",rate_percent,2023,6.51,old_63,8,Tuyên Quang
1.4,"Tỷ lệ hộ cận nghèo theo chuẩn nghèo đa chiều phân theo dân tộc, thành thị, nông thôn và theo vùng, địa phương",rate_percent,2024,5.31,old_63,8,Tuyên Quang
1.4,"Tỷ lệ hộ cận nghèo theo chuẩn nghèo đa chiều phân theo dân tộc, thành thị, nông thôn và theo vùng, địa phương",rate_percent,2016,10.52,old_63,10,Lào Cai
1.4,"Tỷ lệ hộ cận nghèo theo chuẩn nghèo đa chiều phân theo dân tộc, thành thị, nông thôn và theo vùng, địa phương",rate_percent,2017,10.79,old_63,10,Lào Cai
1.4,"Tỷ lệ hộ cận nghèo theo chuẩn nghèo đa chiều phân theo dân tộc, thành thị, nông thôn và theo vùng, địa phương",rate_percent,2018,11.69,old_63,10,Lào Cai
1.4,"Tỷ lệ hộ cận nghèo theo chuẩn nghèo đa chiều phân theo dân tộc, thành thị, nông thôn và theo vùng, địa phương",rate_percent,2019,9.88,old_63,10,Lào Cai
1.4,"Tỷ lệ hộ cận nghèo theo chuẩn nghèo đa chiều phân theo dân tộc, thành thị, nông thôn và theo vùng, địa phương",rate_percent,2020,7.3,old_63,10,Lào Cai
1.4,"Tỷ lệ hộ cận nghèo theo chuẩn nghèo đa chiều phân theo dân tộc, thành thị, nông thôn và theo vùng, địa phương",rate_percent,2021,12.95240259,old_63,10,Lào Cai
1.4,"Tỷ lệ hộ cận nghèo theo chuẩn nghèo đa chiều phân theo dân tộc, thành thị, nông thôn và theo vùng, địa phương",rate_percent,2022,12.16913144,old_63,10,Lào Cai
1.4,"Tỷ lệ hộ cận nghèo theo chuẩn nghèo đa chiều phân theo dân tộc, thành thị, nông thôn và theo vùng, địa phương",rate_percent,2023,10.24790162,old_63,10,Lào Cai
1.4,"Tỷ lệ hộ cận nghèo theo chuẩn nghèo đa chiều phân theo dân tộc, thành thị, nông thôn và theo vùng, địa phương",rate_percent,2024,9.94,old_63,10,Lào Cai
1.4,"Tỷ lệ hộ cận nghèo theo chuẩn nghèo đa chiều phân theo dân tộc, thành thị, nông thôn và theo vùng, địa phương",rate_percent,2016,10.32,old_63,15,Yên Bái
1.4,"Tỷ lệ hộ cận nghèo theo chuẩn nghèo đa chiều phân theo dân tộc, thành thị, nông thôn và theo vùng, địa phương",rate_percent,2017,9.95,old_63,15,Yên Bái
1.4,"Tỷ lệ hộ cận nghèo theo chuẩn nghèo đa chiều phân theo dân tộc, thành thị, nông thôn và theo vùng, địa phương",rate_percent,2018,9.47,old_63,15,Yên Bái
1.4,"Tỷ lệ hộ cận nghèo theo chuẩn nghèo đa chiều phân theo dân tộc, thành thị, nông thôn và theo vùng, địa phương",rate_percent,2019,9.45,old_63,15,Yên Bái
1.4,"Tỷ lệ hộ cận nghèo theo chuẩn nghèo đa chiều phân theo dân tộc, thành thị, nông thôn và theo vùng, địa phương",rate_percent,2020,9.07,old_63,15,Yên Bái
1.4,"Tỷ lệ hộ cận nghèo theo chuẩn nghèo đa chiều phân theo dân tộc, thành thị, nông thôn và theo vùng, địa phương",rate_percent,2021,7.84757138,old_63,15,Yên Bái
1.4,"Tỷ lệ hộ cận nghèo theo chuẩn nghèo đa chiều phân theo dân tộc, thành thị, nông thôn và theo vùng, địa phương",rate_percent,2022,5.455255995,old_63,15,Yên Bái
1.4,"Tỷ lệ hộ cận nghèo theo chuẩn nghèo đa chiều phân theo dân tộc, thành thị, nông thôn và theo vùng, địa phương",rate_percent,2023,3.92,old_63,15,Yên Bái
1.4,"Tỷ lệ hộ cận nghèo theo chuẩn nghèo đa chiều phân theo dân tộc, thành thị, nông thôn và theo vùng, địa phương",rate_percent,2024,2.99,old_63,15,Yên Bái
1.4,"Tỷ lệ hộ cận nghèo theo chuẩn nghèo đa chiều phân theo dân tộc, thành thị, nông thôn và theo vùng, địa phương",rate_percent,2016,8.76,old_63,19,Thái Nguyên
1.4,"Tỷ lệ hộ cận nghèo theo chuẩn nghèo đa chiều phân theo dân tộc, thành thị, nông thôn và theo vùng, địa phương",rate_percent,2017,8.79,old_63,19,Thái Nguyên
1.4,"Tỷ lệ hộ cận nghèo theo chuẩn nghèo đa chiều phân theo dân tộc, thành thị, nông thôn và theo vùng, địa phương",rate_percent,2018,7.66,old_63,19,Thái Nguyên
1.4,"Tỷ lệ hộ cận nghèo theo chuẩn nghèo đa chiều phân theo dân tộc, thành thị, nông thôn và theo vùng, địa phương",rate_percent,2019,6.47,old_63,19,Thái Nguyên
1.4,"Tỷ lệ hộ cận nghèo theo chuẩn nghèo đa chiều phân theo dân tộc, thành thị, nông thôn và theo vùng, địa phương",rate_percent,2020,1.74,old_63,19,Thái Nguyên
1.4,"Tỷ lệ hộ cận nghèo theo chuẩn nghèo đa chiều phân theo dân tộc, thành thị, nông thôn và theo vùng, địa phương",rate_percent,2021,4.829263495,old_63,19,Thái Nguyên
1.4,"Tỷ lệ hộ cận nghèo theo chuẩn nghèo đa chiều phân theo dân tộc, thành thị, nông thôn và theo vùng, địa phương",rate_percent,2022,3.639892869,old_63,19,Thái Nguyên
1.4,"Tỷ lệ hộ cận nghèo theo chuẩn nghèo đa chiều phân theo dân tộc, thành thị, nông thôn và theo vùng, địa phương",rate_percent,2023,2.82,old_63,19,Thái Nguyên
1.4,"Tỷ lệ hộ cận nghèo theo chuẩn nghèo đa chiều phân theo dân tộc, thành thị, nông thôn và theo vùng, địa phương",rate_percent,2024,2.3,old_63,19,Thái Nguyên
1.4,"Tỷ lệ hộ cận nghèo theo chuẩn nghèo đa chiều phân theo dân tộc, thành thị, nông thôn và theo vùng, địa phương",rate_percent,2016,12.05,old_63,20,Lạng Sơn
1.4,"Tỷ lệ hộ cận nghèo theo chuẩn nghèo đa chiều phân theo dân tộc, thành thị, nông thôn và theo vùng, địa phương",rate_percent,2017,11.9,old_63,20,Lạng Sơn
1.4,"Tỷ lệ hộ cận nghèo theo chuẩn nghèo đa chiều phân theo dân tộc, thành thị, nông thôn và theo vùng, địa phương",rate_percent,2018,11.01,old_63,20,Lạng Sơn
1.4,"Tỷ lệ hộ cận nghèo theo chuẩn nghèo đa chiều phân theo dân tộc, thành thị, nông thôn và theo vùng, địa phương",rate_percent,2019,10.34,old_63,20,Lạng Sơn
1.4,"Tỷ lệ hộ cận nghèo theo chuẩn nghèo đa chiều phân theo dân tộc, thành thị, nông thôn và theo vùng, địa phương",rate_percent,2020,6.94,old_63,20,Lạng Sơn
1.4,"Tỷ lệ hộ cận nghèo theo chuẩn nghèo đa chiều phân theo dân tộc, thành thị, nông thôn và theo vùng, địa phương",rate_percent,2021,12.09169828,old_63,20,Lạng Sơn
1.4,"Tỷ lệ hộ cận nghèo theo chuẩn nghèo đa chiều phân theo dân tộc, thành thị, nông thôn và theo vùng, địa phương",rate_percent,2022,10.36274715,old_63,20,Lạng Sơn
1.4,"Tỷ lệ hộ cận nghèo theo chuẩn nghèo đa chiều phân theo dân tộc, thành thị, nông thôn và theo vùng, địa phương",rate_percent,2023,8.96,old_63,20,Lạng Sơn
1.4,"Tỷ lệ hộ cận nghèo theo chuẩn nghèo đa chiều phân theo dân tộc, thành thị, nông thôn và theo vùng, địa phương",rate_percent,2024,8,old_63,20,Lạng Sơn
1.4,"Tỷ lệ hộ cận nghèo theo chuẩn nghèo đa chiều phân theo dân tộc, thành thị, nông thôn và theo vùng, địa phương",rate_percent,2016,8.39,old_63,24,Bắc Giang
1.4,"Tỷ lệ hộ cận nghèo theo chuẩn nghèo đa chiều phân theo dân tộc, thành thị, nông thôn và theo vùng, địa phương",rate_percent,2017,7.96,old_63,24,Bắc Giang
1.4,"Tỷ lệ hộ cận nghèo theo chuẩn nghèo đa chiều phân theo dân tộc, thành thị, nông thôn và theo vùng, địa phương",rate_percent,2018,7.06,old_63,24,Bắc Giang
1.4,"Tỷ lệ hộ cận nghèo theo chuẩn nghèo đa chiều phân theo dân tộc, thành thị, nông thôn và theo vùng, địa phương",rate_percent,2019,6.11,old_63,24,Bắc Giang
1.4,"Tỷ lệ hộ cận nghèo theo chuẩn nghèo đa chiều phân theo dân tộc, thành thị, nông thôn và theo vùng, địa phương",rate_percent,2020,1.88,old_63,24,Bắc Giang
1.4,"Tỷ lệ hộ cận nghèo theo chuẩn nghèo đa chiều phân theo dân tộc, thành thị, nông thôn và theo vùng, địa phương",rate_percent,2021,5.24623825,old_63,24,Bắc Giang
1.4,"Tỷ lệ hộ cận nghèo theo chuẩn nghèo đa chiều phân theo dân tộc, thành thị, nông thôn và theo vùng, địa phương",rate_percent,2022,4.198967915,old_63,24,Bắc Giang
1.4,"Tỷ lệ hộ cận nghèo theo chuẩn nghèo đa chiều phân theo dân tộc, thành thị, nông thôn và theo vùng, địa phương",rate_percent,2023,3.4,old_63,24,Bắc Giang
1.4,"Tỷ lệ hộ cận nghèo theo chuẩn nghèo đa chiều phân theo dân tộc, thành thị, nông thôn và theo vùng, địa phương",rate_percent,2024,2.65,old_63,24,Bắc Giang
1.4,"Tỷ lệ hộ cận nghèo theo chuẩn nghèo đa chiều phân theo dân tộc, thành thị, nông thôn và theo vùng, địa phương",rate_percent,2016,8.03,old_63,25,Phú Thọ
1.4,"Tỷ lệ hộ cận nghèo theo chuẩn nghèo đa chiều phân theo dân tộc, thành thị, nông thôn và theo vùng, địa phương",rate_percent,2017,7.45,old_63,25,Phú Thọ
1.4,"Tỷ lệ hộ cận nghèo theo chuẩn nghèo đa chiều phân theo dân tộc, thành thị, nông thôn và theo vùng, địa phương",rate_percent,2018,6.46,old_63,25,Phú Thọ
1.4,"Tỷ lệ hộ cận nghèo theo chuẩn nghèo đa chiều phân theo dân tộc, thành thị, nông thôn và theo vùng, địa phương",rate_percent,2019,5.63,old_63,25,Phú Thọ
1.4,"Tỷ lệ hộ cận nghèo theo chuẩn nghèo đa chiều phân theo dân tộc, thành thị, nông thôn và theo vùng, địa phương",rate_percent,2020,3.43,old_63,25,Phú Thọ
1.4,"Tỷ lệ hộ cận nghèo theo chuẩn nghèo đa chiều phân theo dân tộc, thành thị, nông thôn và theo vùng, địa phương",rate_percent,2021,4.676381131,old_63,25,Phú Thọ
1.4,"Tỷ lệ hộ cận nghèo theo chuẩn nghèo đa chiều phân theo dân tộc, thành thị, nông thôn và theo vùng, địa phương",rate_percent,2022,4.17784392,old_63,25,Phú Thọ
1.4,"Tỷ lệ hộ cận nghèo theo chuẩn nghèo đa chiều phân theo dân tộc, thành thị, nông thôn và theo vùng, địa phương",rate_percent,2023,3.6,old_63,25,Phú Thọ
1.4,"Tỷ lệ hộ cận nghèo theo chuẩn nghèo đa chiều phân theo dân tộc, thành thị, nông thôn và theo vùng, địa phương",rate_percent,2024,3.08,old_63,25,Phú Thọ
1.4,"Tỷ lệ hộ cận nghèo theo chuẩn nghèo đa chiều phân theo dân tộc, thành thị, nông thôn và theo vùng, địa phương",rate_percent,2016,8.76,old_63,11,Điện Biên
1.4,"Tỷ lệ hộ cận nghèo theo chuẩn nghèo đa chiều phân theo dân tộc, thành thị, nông thôn và theo vùng, địa phương",rate_percent,2017,9.44,old_63,11,Điện Biên
1.4,"Tỷ lệ hộ cận nghèo theo chuẩn nghèo đa chiều phân theo dân tộc, thành thị, nông thôn và theo vùng, địa phương",rate_percent,2018,9.78,old_63,11,Điện Biên
1.4,"Tỷ lệ hộ cận nghèo theo chuẩn nghèo đa chiều phân theo dân tộc, thành thị, nông thôn và theo vùng, địa phương",rate_percent,2019,9.77,old_63,11,Điện Biên
1.4,"Tỷ lệ hộ cận nghèo theo chuẩn nghèo đa chiều phân theo dân tộc, thành thị, nông thôn và theo vùng, địa phương",rate_percent,2020,9.43,old_63,11,Điện Biên
1.4,"Tỷ lệ hộ cận nghèo theo chuẩn nghèo đa chiều phân theo dân tộc, thành thị, nông thôn và theo vùng, địa phương",rate_percent,2021,7.646811244,old_63,11,Điện Biên
1.4,"Tỷ lệ hộ cận nghèo theo chuẩn nghèo đa chiều phân theo dân tộc, thành thị, nông thôn và theo vùng, địa phương",rate_percent,2022,9.634092215,old_63,11,Điện Biên
1.4,"Tỷ lệ hộ cận nghèo theo chuẩn nghèo đa chiều phân theo dân tộc, thành thị, nông thôn và theo vùng, địa phương",rate_percent,2023,11.29,old_63,11,Điện Biên
1.4,"Tỷ lệ hộ cận nghèo theo chuẩn nghèo đa chiều phân theo dân tộc, thành thị, nông thôn và theo vùng, địa phương",rate_percent,2024,11.96,old_63,11,Điện Biên
1.4,"Tỷ lệ hộ cận nghèo theo chuẩn nghèo đa chiều phân theo dân tộc, thành thị, nông thôn và theo vùng, địa phương",rate_percent,2016,12.05,old_63,12,Lai Châu
1.4,"Tỷ lệ hộ cận nghèo theo chuẩn nghèo đa chiều phân theo dân tộc, thành thị, nông thôn và theo vùng, địa phương",rate_percent,2017,11.85,old_63,12,Lai Châu
1.4,"Tỷ lệ hộ cận nghèo theo chuẩn nghèo đa chiều phân theo dân tộc, thành thị, nông thôn và theo vùng, địa phương",rate_percent,2018,11.12,old_63,12,Lai Châu
1.4,"Tỷ lệ hộ cận nghèo theo chuẩn nghèo đa chiều phân theo dân tộc, thành thị, nông thôn và theo vùng, địa phương",rate_percent,2019,10.07,old_63,12,Lai Châu
1.4,"Tỷ lệ hộ cận nghèo theo chuẩn nghèo đa chiều phân theo dân tộc, thành thị, nông thôn và theo vùng, địa phương",rate_percent,2020,9.24,old_63,12,Lai Châu
1.4,"Tỷ lệ hộ cận nghèo theo chuẩn nghèo đa chiều phân theo dân tộc, thành thị, nông thôn và theo vùng, địa phương",rate_percent,2021,10.58582398,old_63,12,Lai Châu
1.4,"Tỷ lệ hộ cận nghèo theo chuẩn nghèo đa chiều phân theo dân tộc, thành thị, nông thôn và theo vùng, địa phương",rate_percent,2022,10.95289211,old_63,12,Lai Châu
1.4,"Tỷ lệ hộ cận nghèo theo chuẩn nghèo đa chiều phân theo dân tộc, thành thị, nông thôn và theo vùng, địa phương",rate_percent,2023,10.32,old_63,12,Lai Châu
1.4,"Tỷ lệ hộ cận nghèo theo chuẩn nghèo đa chiều phân theo dân tộc, thành thị, nông thôn và theo vùng, địa phương",rate_percent,2024,9.33,old_63,12,Lai Châu
1.4,"Tỷ lệ hộ cận nghèo theo chuẩn nghèo đa chiều phân theo dân tộc, thành thị, nông thôn và theo vùng, địa phương",rate_percent,2016,10.92,old_63,14,Sơn La
1.4,"Tỷ lệ hộ cận nghèo theo chuẩn nghèo đa chiều phân theo dân tộc, thành thị, nông thôn và theo vùng, địa phương",rate_percent,2017,11.23,old_63,14,Sơn La
1.4,"Tỷ lệ hộ cận nghèo theo chuẩn nghèo đa chiều phân theo dân tộc, thành thị, nông thôn và theo vùng, địa phương",rate_percent,2018,11.05,old_63,14,Sơn La
1.4,"Tỷ lệ hộ cận nghèo theo chuẩn nghèo đa chiều phân theo dân tộc, thành thị, nông thôn và theo vùng, địa phương",rate_percent,2019,10.93,old_63,14,Sơn La
1.4,"Tỷ lệ hộ cận nghèo theo chuẩn nghèo đa chiều phân theo dân tộc, thành thị, nông thôn và theo vùng, địa phương",rate_percent,2020,10.59,old_63,14,Sơn La
1.4,"Tỷ lệ hộ cận nghèo theo chuẩn nghèo đa chiều phân theo dân tộc, thành thị, nông thôn và theo vùng, địa phương",rate_percent,2021,10.25189793,old_63,14,Sơn La
1.4,"Tỷ lệ hộ cận nghèo theo chuẩn nghèo đa chiều phân theo dân tộc, thành thị, nông thôn và theo vùng, địa phương",rate_percent,2022,9.679747467,old_63,14,Sơn La
1.4,"Tỷ lệ hộ cận nghèo theo chuẩn nghèo đa chiều phân theo dân tộc, thành thị, nông thôn và theo vùng, địa phương",rate_percent,2023,9.1,old_63,14,Sơn La
1.4,"Tỷ lệ hộ cận nghèo theo chuẩn nghèo đa chiều phân theo dân tộc, thành thị, nông thôn và theo vùng, địa phương",rate_percent,2024,8.34,old_63,14,Sơn La
1.4,"Tỷ lệ hộ cận nghèo theo chuẩn nghèo đa chiều phân theo dân tộc, thành thị, nông thôn và theo vùng, địa phương",rate_percent,2016,13.77,old_63,17,Hoà Bình
1.4,"Tỷ lệ hộ cận nghèo theo chuẩn nghèo đa chiều phân theo dân tộc, thành thị, nông thôn và theo vùng, địa phương",rate_percent,2017,14.88,old_63,17,Hoà Bình
1.4,"Tỷ lệ hộ cận nghèo theo chuẩn nghèo đa chiều phân theo dân tộc, thành thị, nông thôn và theo vùng, địa phương",rate_percent,2018,14.14,old_63,17,Hoà Bình
1.4,"Tỷ lệ hộ cận nghèo theo chuẩn nghèo đa chiều phân theo dân tộc, thành thị, nông thôn và theo vùng, địa phương",rate_percent,2019,14,old_63,17,Hoà Bình
1.4,"Tỷ lệ hộ cận nghèo theo chuẩn nghèo đa chiều phân theo dân tộc, thành thị, nông thôn và theo vùng, địa phương",rate_percent,2020,9.97,old_63,17,Hoà Bình
1.4,"Tỷ lệ hộ cận nghèo theo chuẩn nghèo đa chiều phân theo dân tộc, thành thị, nông thôn và theo vùng, địa phương",rate_percent,2021,10.6456194,old_63,17,Hoà Bình
1.4,"Tỷ lệ hộ cận nghèo theo chuẩn nghèo đa chiều phân theo dân tộc, thành thị, nông thôn và theo vùng, địa phương",rate_percent,2022,10.03152714,old_63,17,Hoà Bình
1.4,"Tỷ lệ hộ cận nghèo theo chuẩn nghèo đa chiều phân theo dân tộc, thành thị, nông thôn và theo vùng, địa phương",rate_percent,2023,8.92,old_63,17,Hoà Bình
1.4,"Tỷ lệ hộ cận nghèo theo chuẩn nghèo đa chiều phân theo dân tộc, thành thị, nông thôn và theo vùng, địa phương",rate_percent,2024,7.86,old_63,17,Hoà Bình
1.4,"Tỷ lệ hộ cận nghèo theo chuẩn nghèo đa chiều phân theo dân tộc, thành thị, nông thôn và theo vùng, địa phương",rate_percent,2016,0.41,old_63,1,Hà Nội
1.4,"Tỷ lệ hộ cận nghèo theo chuẩn nghèo đa chiều phân theo dân tộc, thành thị, nông thôn và theo vùng, địa phương",rate_percent,2017,0.42,old_63,1,Hà Nội
1.4,"Tỷ lệ hộ cận nghèo theo chuẩn nghèo đa chiều phân theo dân tộc, thành thị, nông thôn và theo vùng, địa phương",rate_percent,2018,0.37,old_63,1,Hà Nội
1.4,"Tỷ lệ hộ cận nghèo theo chuẩn nghèo đa chiều phân theo dân tộc, thành thị, nông thôn và theo vùng, địa phương",rate_percent,2019,0.19,old_63,1,Hà Nội
1.4,"Tỷ lệ hộ cận nghèo theo chuẩn nghèo đa chiều phân theo dân tộc, thành thị, nông thôn và theo vùng, địa phương",rate_percent,2020,0.08,old_63,1,Hà Nội
1.4,"Tỷ lệ hộ cận nghèo theo chuẩn nghèo đa chiều phân theo dân tộc, thành thị, nông thôn và theo vùng, địa phương",rate_percent,2021,0.08982481,old_63,1,Hà Nội
1.4,"Tỷ lệ hộ cận nghèo theo chuẩn nghèo đa chiều phân theo dân tộc, thành thị, nông thôn và theo vùng, địa phương",rate_percent,2022,0.079648011,old_63,1,Hà Nội
1.4,"Tỷ lệ hộ cận nghèo theo chuẩn nghèo đa chiều phân theo dân tộc, thành thị, nông thôn và theo vùng, địa phương",rate_percent,2023,0.05,old_63,1,Hà Nội
1.4,"Tỷ lệ hộ cận nghèo theo chuẩn nghèo đa chiều phân theo dân tộc, thành thị, nông thôn và theo vùng, địa phương",rate_percent,2024,0.04,old_63,1,Hà Nội
1.4,"Tỷ lệ hộ cận nghèo theo chuẩn nghèo đa chiều phân theo dân tộc, thành thị, nông thôn và theo vùng, địa phương",rate_percent,2016,4,old_63,26,Vĩnh Phúc
1.4,"Tỷ lệ hộ cận nghèo theo chuẩn nghèo đa chiều phân theo dân tộc, thành thị, nông thôn và theo vùng, địa phương",rate_percent,2017,3.51,old_63,26,Vĩnh Phúc
1.4,"Tỷ lệ hộ cận nghèo theo chuẩn nghèo đa chiều phân theo dân tộc, thành thị, nông thôn và theo vùng, địa phương",rate_percent,2018,3,old_63,26,Vĩnh Phúc
1.4,"Tỷ lệ hộ cận nghèo theo chuẩn nghèo đa chiều phân theo dân tộc, thành thị, nông thôn và theo vùng, địa phương",rate_percent,2019,1.85,old_63,26,Vĩnh Phúc
1.4,"Tỷ lệ hộ cận nghèo theo chuẩn nghèo đa chiều phân theo dân tộc, thành thị, nông thôn và theo vùng, địa phương",rate_percent,2020,1.88,old_63,26,Vĩnh Phúc
1.4,"Tỷ lệ hộ cận nghèo theo chuẩn nghèo đa chiều phân theo dân tộc, thành thị, nông thôn và theo vùng, địa phương",rate_percent,2021,2.103153139,old_63,26,Vĩnh Phúc
1.4,"Tỷ lệ hộ cận nghèo theo chuẩn nghèo đa chiều phân theo dân tộc, thành thị, nông thôn và theo vùng, địa phương",rate_percent,2022,1.704978677,old_63,26,Vĩnh Phúc
1.4,"Tỷ lệ hộ cận nghèo theo chuẩn nghèo đa chiều phân theo dân tộc, thành thị, nông thôn và theo vùng, địa phương",rate_percent,2023,1.38,old_63,26,Vĩnh Phúc
1.4,"Tỷ lệ hộ cận nghèo theo chuẩn nghèo đa chiều phân theo dân tộc, thành thị, nông thôn và theo vùng, địa phương",rate_percent,2024,1.16,old_63,26,Vĩnh Phúc
1.4,"Tỷ lệ hộ cận nghèo theo chuẩn nghèo đa chiều phân theo dân tộc, thành thị, nông thôn và theo vùng, địa phương",rate_percent,2016,2.81,old_63,27,Bắc Ninh
1.4,"Tỷ lệ hộ cận nghèo theo chuẩn nghèo đa chiều phân theo dân tộc, thành thị, nông thôn và theo vùng, địa phương",rate_percent,2017,2.48,old_63,27,Bắc Ninh
1.4,"Tỷ lệ hộ cận nghèo theo chuẩn nghèo đa chiều phân theo dân tộc, thành thị, nông thôn và theo vùng, địa phương",rate_percent,2018,2.17,old_63,27,Bắc Ninh
1.4,"Tỷ lệ hộ cận nghèo theo chuẩn nghèo đa chiều phân theo dân tộc, thành thị, nông thôn và theo vùng, địa phương",rate_percent,2019,1.85,old_63,27,Bắc Ninh
1.4,"Tỷ lệ hộ cận nghèo theo chuẩn nghèo đa chiều phân theo dân tộc, thành thị, nông thôn và theo vùng, địa phương",rate_percent,2020,1.5,old_63,27,Bắc Ninh
1.4,"Tỷ lệ hộ cận nghèo theo chuẩn nghèo đa chiều phân theo dân tộc, thành thị, nông thôn và theo vùng, địa phương",rate_percent,2021,1.545852894,old_63,27,Bắc Ninh
1.4,"Tỷ lệ hộ cận nghèo theo chuẩn nghèo đa chiều phân theo dân tộc, thành thị, nông thôn và theo vùng, địa phương",rate_percent,2022,1.379438828,old_63,27,Bắc Ninh
1.4,"Tỷ lệ hộ cận nghèo theo chuẩn nghèo đa chiều phân theo dân tộc, thành thị, nông thôn và theo vùng, địa phương",rate_percent,2023,1.02,old_63,27,Bắc Ninh
1.4,"Tỷ lệ hộ cận nghèo theo chuẩn nghèo đa chiều phân theo dân tộc, thành thị, nông thôn và theo vùng, địa phương",rate_percent,2024,0.78,old_63,27,Bắc Ninh
1.4,"Tỷ lệ hộ cận nghèo theo chuẩn nghèo đa chiều phân theo dân tộc, thành thị, nông thôn và theo vùng, địa phương",rate_percent,2016,3.23,old_63,22,Quảng Ninh
1.4,"Tỷ lệ hộ cận nghèo theo chuẩn nghèo đa chiều phân theo dân tộc, thành thị, nông thôn và theo vùng, địa phương",rate_percent,2017,3.01,old_63,22,Quảng Ninh
1.4,"Tỷ lệ hộ cận nghèo theo chuẩn nghèo đa chiều phân theo dân tộc, thành thị, nông thôn và theo vùng, địa phương",rate_percent,2018,2.42,old_63,22,Quảng Ninh
1.4,"Tỷ lệ hộ cận nghèo theo chuẩn nghèo đa chiều phân theo dân tộc, thành thị, nông thôn và theo vùng, địa phương",rate_percent,2019,1.64,old_63,22,Quảng Ninh
1.4,"Tỷ lệ hộ cận nghèo theo chuẩn nghèo đa chiều phân theo dân tộc, thành thị, nông thôn và theo vùng, địa phương",rate_percent,2020,1.71,old_63,22,Quảng Ninh
1.4,"Tỷ lệ hộ cận nghèo theo chuẩn nghèo đa chiều phân theo dân tộc, thành thị, nông thôn và theo vùng, địa phương",rate_percent,2021,1.475354957,old_63,22,Quảng Ninh
1.4,"Tỷ lệ hộ cận nghèo theo chuẩn nghèo đa chiều phân theo dân tộc, thành thị, nông thôn và theo vùng, địa phương",rate_percent,2022,0.635193444,old_63,22,Quảng Ninh
1.4,"Tỷ lệ hộ cận nghèo theo chuẩn nghèo đa chiều phân theo dân tộc, thành thị, nông thôn và theo vùng, địa phương",rate_percent,2023,0.24,old_63,22,Quảng Ninh
1.4,"Tỷ lệ hộ cận nghèo theo chuẩn nghèo đa chiều phân theo dân tộc, thành thị, nông thôn và theo vùng, địa phương",rate_percent,2024,0.006,old_63,22,Quảng Ninh
1.4,"Tỷ lệ hộ cận nghèo theo chuẩn nghèo đa chiều phân theo dân tộc, thành thị, nông thôn và theo vùng, địa phương",rate_percent,2016,4.08,old_63,30,Hải Dương
1.4,"Tỷ lệ hộ cận nghèo theo chuẩn nghèo đa chiều phân theo dân tộc, thành thị, nông thôn và theo vùng, địa phương",rate_percent,2017,3.7,old_63,30,Hải Dương
1.4,"Tỷ lệ hộ cận nghèo theo chuẩn nghèo đa chiều phân theo dân tộc, thành thị, nông thôn và theo vùng, địa phương",rate_percent,2018,3.2,old_63,30,Hải Dương
1.4,"Tỷ lệ hộ cận nghèo theo chuẩn nghèo đa chiều phân theo dân tộc, thành thị, nông thôn và theo vùng, địa phương",rate_percent,2019,2.7,old_63,30,Hải Dương
1.4,"Tỷ lệ hộ cận nghèo theo chuẩn nghèo đa chiều phân theo dân tộc, thành thị, nông thôn và theo vùng, địa phương",rate_percent,2020,2,old_63,30,Hải Dương
1.4,"Tỷ lệ hộ cận nghèo theo chuẩn nghèo đa chiều phân theo dân tộc, thành thị, nông thôn và theo vùng, địa phương",rate_percent,2021,2.24,old_63,30,Hải Dương
1.4,"Tỷ lệ hộ cận nghèo theo chuẩn nghèo đa chiều phân theo dân tộc, thành thị, nông thôn và theo vùng, địa phương",rate_percent,2022,1.931172183,old_63,30,Hải Dương
1.4,"Tỷ lệ hộ cận nghèo theo chuẩn nghèo đa chiều phân theo dân tộc, thành thị, nông thôn và theo vùng, địa phương",rate_percent,2023,1.67,old_63,30,Hải Dương
1.4,"Tỷ lệ hộ cận nghèo theo chuẩn nghèo đa chiều phân theo dân tộc, thành thị, nông thôn và theo vùng, địa phương",rate_percent,2024,1.3,old_63,30,Hải Dương
1.4,"Tỷ lệ hộ cận nghèo theo chuẩn nghèo đa chiều phân theo dân tộc, thành thị, nông thôn và theo vùng, địa phương",rate_percent,2016,3.1,old_63,31,Hải Phòng
1.4,"Tỷ lệ hộ cận nghèo theo chuẩn nghèo đa chiều phân theo dân tộc, thành thị, nông thôn và theo vùng, địa phương",rate_percent,2017,2.79,old_63,31,Hải Phòng
1.4,"Tỷ lệ hộ cận nghèo theo chuẩn nghèo đa chiều phân theo dân tộc, thành thị, nông thôn và theo vùng, địa phương",rate_percent,2018,2.56,old_63,31,Hải Phòng
1.4,"Tỷ lệ hộ cận nghèo theo chuẩn nghèo đa chiều phân theo dân tộc, thành thị, nông thôn và theo vùng, địa phương",rate_percent,2019,2.14,old_63,31,Hải Phòng
1.4,"Tỷ lệ hộ cận nghèo theo chuẩn nghèo đa chiều phân theo dân tộc, thành thị, nông thôn và theo vùng, địa phương",rate_percent,2020,1.72,old_63,31,Hải Phòng
1.4,"Tỷ lệ hộ cận nghèo theo chuẩn nghèo đa chiều phân theo dân tộc, thành thị, nông thôn và theo vùng, địa phương",rate_percent,2021,2.30242058,old_63,31,Hải Phòng
1.4,"Tỷ lệ hộ cận nghèo theo chuẩn nghèo đa chiều phân theo dân tộc, thành thị, nông thôn và theo vùng, địa phương",rate_percent,2022,1.703588548,old_63,31,Hải Phòng
1.4,"Tỷ lệ hộ cận nghèo theo chuẩn nghèo đa chiều phân theo dân tộc, thành thị, nông thôn và theo vùng, địa phương",rate_percent,2023,1.41,old_63,31,Hải Phòng
1.4,"Tỷ lệ hộ cận nghèo theo chuẩn nghèo đa chiều phân theo dân tộc, thành thị, nông thôn và theo vùng, địa phương",rate_percent,2024,0.93,old_63,31,Hải Phòng
1.4,"Tỷ lệ hộ cận nghèo theo chuẩn nghèo đa chiều phân theo dân tộc, thành thị, nông thôn và theo vùng, địa phương",rate_percent,2016,3.45,old_63,33,Hưng Yên
1.4,"Tỷ lệ hộ cận nghèo theo chuẩn nghèo đa chiều phân theo dân tộc, thành thị, nông thôn và theo vùng, địa phương",rate_percent,2017,3.12,old_63,33,Hưng Yên
1.4,"Tỷ lệ hộ cận nghèo theo chuẩn nghèo đa chiều phân theo dân tộc, thành thị, nông thôn và theo vùng, địa phương",rate_percent,2018,2.76,old_63,33,Hưng Yên
1.4,"Tỷ lệ hộ cận nghèo theo chuẩn nghèo đa chiều phân theo dân tộc, thành thị, nông thôn và theo vùng, địa phương",rate_percent,2019,2.31,old_63,33,Hưng Yên
1.4,"Tỷ lệ hộ cận nghèo theo chuẩn nghèo đa chiều phân theo dân tộc, thành thị, nông thôn và theo vùng, địa phương",rate_percent,2020,1.68,old_63,33,Hưng Yên
1.4,"Tỷ lệ hộ cận nghèo theo chuẩn nghèo đa chiều phân theo dân tộc, thành thị, nông thôn và theo vùng, địa phương",rate_percent,2021,2.564826985,old_63,33,Hưng Yên
1.4,"Tỷ lệ hộ cận nghèo theo chuẩn nghèo đa chiều phân theo dân tộc, thành thị, nông thôn và theo vùng, địa phương",rate_percent,2022,2.005843739,old_63,33,Hưng Yên
1.4,"Tỷ lệ hộ cận nghèo theo chuẩn nghèo đa chiều phân theo dân tộc, thành thị, nông thôn và theo vùng, địa phương",rate_percent,2023,1.34,old_63,33,Hưng Yên
1.4,"Tỷ lệ hộ cận nghèo theo chuẩn nghèo đa chiều phân theo dân tộc, thành thị, nông thôn và theo vùng, địa phương",rate_percent,2024,0.77,old_63,33,Hưng Yên
1.4,"Tỷ lệ hộ cận nghèo theo chuẩn nghèo đa chiều phân theo dân tộc, thành thị, nông thôn và theo vùng, địa phương",rate_percent,2016,3.47,old_63,34,Thái Bình
1.4,"Tỷ lệ hộ cận nghèo theo chuẩn nghèo đa chiều phân theo dân tộc, thành thị, nông thôn và theo vùng, địa phương",rate_percent,2017,3.41,old_63,34,Thái Bình
1.4,"Tỷ lệ hộ cận nghèo theo chuẩn nghèo đa chiều phân theo dân tộc, thành thị, nông thôn và theo vùng, địa phương",rate_percent,2018,3.16,old_63,34,Thái Bình
1.4,"Tỷ lệ hộ cận nghèo theo chuẩn nghèo đa chiều phân theo dân tộc, thành thị, nông thôn và theo vùng, địa phương",rate_percent,2019,2.89,old_63,34,Thái Bình
1.4,"Tỷ lệ hộ cận nghèo theo chuẩn nghèo đa chiều phân theo dân tộc, thành thị, nông thôn và theo vùng, địa phương",rate_percent,2020,2.56,old_63,34,Thái Bình
1.4,"Tỷ lệ hộ cận nghèo theo chuẩn nghèo đa chiều phân theo dân tộc, thành thị, nông thôn và theo vùng, địa phương",rate_percent,2021,2.473722985,old_63,34,Thái Bình
1.4,"Tỷ lệ hộ cận nghèo theo chuẩn nghèo đa chiều phân theo dân tộc, thành thị, nông thôn và theo vùng, địa phương",rate_percent,2022,2.25717581,old_63,34,Thái Bình
1.4,"Tỷ lệ hộ cận nghèo theo chuẩn nghèo đa chiều phân theo dân tộc, thành thị, nông thôn và theo vùng, địa phương",rate_percent,2023,1.92,old_63,34,Thái Bình
1.4,"Tỷ lệ hộ cận nghèo theo chuẩn nghèo đa chiều phân theo dân tộc, thành thị, nông thôn và theo vùng, địa phương",rate_percent,2024,1.67,old_63,34,Thái Bình
1.4,"Tỷ lệ hộ cận nghèo theo chuẩn nghèo đa chiều phân theo dân tộc, thành thị, nông thôn và theo vùng, địa phương",rate_percent,2016,4.89,old_63,35,Hà Nam
1.4,"Tỷ lệ hộ cận nghèo theo chuẩn nghèo đa chiều phân theo dân tộc, thành thị, nông thôn và theo vùng, địa phương",rate_percent,2017,4.63,old_63,35,Hà Nam
1.4,"Tỷ lệ hộ cận nghèo theo chuẩn nghèo đa chiều phân theo dân tộc, thành thị, nông thôn và theo vùng, địa phương",rate_percent,2018,4.2,old_63,35,Hà Nam
1.4,"Tỷ lệ hộ cận nghèo theo chuẩn nghèo đa chiều phân theo dân tộc, thành thị, nông thôn và theo vùng, địa phương",rate_percent,2019,3.72,old_63,35,Hà Nam
1.4,"Tỷ lệ hộ cận nghèo theo chuẩn nghèo đa chiều phân theo dân tộc, thành thị, nông thôn và theo vùng, địa phương",rate_percent,2020,2.74,old_63,35,Hà Nam
1.4,"Tỷ lệ hộ cận nghèo theo chuẩn nghèo đa chiều phân theo dân tộc, thành thị, nông thôn và theo vùng, địa phương",rate_percent,2021,3.519529729,old_63,35,Hà Nam
1.4,"Tỷ lệ hộ cận nghèo theo chuẩn nghèo đa chiều phân theo dân tộc, thành thị, nông thôn và theo vùng, địa phương",rate_percent,2022,2.671483475,old_63,35,Hà Nam
1.4,"Tỷ lệ hộ cận nghèo theo chuẩn nghèo đa chiều phân theo dân tộc, thành thị, nông thôn và theo vùng, địa phương",rate_percent,2023,2.21,old_63,35,Hà Nam
1.4,"Tỷ lệ hộ cận nghèo theo chuẩn nghèo đa chiều phân theo dân tộc, thành thị, nông thôn và theo vùng, địa phương",rate_percent,2024,1.79,old_63,35,Hà Nam
1.4,"Tỷ lệ hộ cận nghèo theo chuẩn nghèo đa chiều phân theo dân tộc, thành thị, nông thôn và theo vùng, địa phương",rate_percent,2016,6.02,old_63,36,Nam Định
1.4,"Tỷ lệ hộ cận nghèo theo chuẩn nghèo đa chiều phân theo dân tộc, thành thị, nông thôn và theo vùng, địa phương",rate_percent,2017,6.49,old_63,36,Nam Định
1.4,"Tỷ lệ hộ cận nghèo theo chuẩn nghèo đa chiều phân theo dân tộc, thành thị, nông thôn và theo vùng, địa phương",rate_percent,2018,6.37,old_63,36,Nam Định
1.4,"Tỷ lệ hộ cận nghèo theo chuẩn nghèo đa chiều phân theo dân tộc, thành thị, nông thôn và theo vùng, địa phương",rate_percent,2019,6.09,old_63,36,Nam Định
1.4,"Tỷ lệ hộ cận nghèo theo chuẩn nghèo đa chiều phân theo dân tộc, thành thị, nông thôn và theo vùng, địa phương",rate_percent,2020,5.16,old_63,36,Nam Định
1.4,"Tỷ lệ hộ cận nghèo theo chuẩn nghèo đa chiều phân theo dân tộc, thành thị, nông thôn và theo vùng, địa phương",rate_percent,2021,5.039800307,old_63,36,Nam Định
1.4,"Tỷ lệ hộ cận nghèo theo chuẩn nghèo đa chiều phân theo dân tộc, thành thị, nông thôn và theo vùng, địa phương",rate_percent,2022,3.452869059,old_63,36,Nam Định
1.4,"Tỷ lệ hộ cận nghèo theo chuẩn nghèo đa chiều phân theo dân tộc, thành thị, nông thôn và theo vùng, địa phương",rate_percent,2023,2.76,old_63,36,Nam Định
1.4,"Tỷ lệ hộ cận nghèo theo chuẩn nghèo đa chiều phân theo dân tộc, thành thị, nông thôn và theo vùng, địa phương",rate_percent,2024,2.34,old_63,36,Nam Định
1.4,"Tỷ lệ hộ cận nghèo theo chuẩn nghèo đa chiều phân theo dân tộc, thành thị, nông thôn và theo vùng, địa phương",rate_percent,2016,6.49,old_63,37,Ninh Bình
1.4,"Tỷ lệ hộ cận nghèo theo chuẩn nghèo đa chiều phân theo dân tộc, thành thị, nông thôn và theo vùng, địa phương",rate_percent,2017,6.1,old_63,37,Ninh Bình
1.4,"Tỷ lệ hộ cận nghèo theo chuẩn nghèo đa chiều phân theo dân tộc, thành thị, nông thôn và theo vùng, địa phương",rate_percent,2018,5.01,old_63,37,Ninh Bình
1.4,"Tỷ lệ hộ cận nghèo theo chuẩn nghèo đa chiều phân theo dân tộc, thành thị, nông thôn và theo vùng, địa phương",rate_percent,2019,4.07,old_63,37,Ninh Bình
1.4,"Tỷ lệ hộ cận nghèo theo chuẩn nghèo đa chiều phân theo dân tộc, thành thị, nông thôn và theo vùng, địa phương",rate_percent,2020,3.15,old_63,37,Ninh Bình
1.4,"Tỷ lệ hộ cận nghèo theo chuẩn nghèo đa chiều phân theo dân tộc, thành thị, nông thôn và theo vùng, địa phương",rate_percent,2021,3.47106117,old_63,37,Ninh Bình
1.4,"Tỷ lệ hộ cận nghèo theo chuẩn nghèo đa chiều phân theo dân tộc, thành thị, nông thôn và theo vùng, địa phương",rate_percent,2022,2.807072207,old_63,37,Ninh Bình
1.4,"Tỷ lệ hộ cận nghèo theo chuẩn nghèo đa chiều phân theo dân tộc, thành thị, nông thôn và theo vùng, địa phương",rate_percent,2023,2.27,old_63,37,Ninh Bình
1.4,"Tỷ lệ hộ cận nghèo theo chuẩn nghèo đa chiều phân theo dân tộc, thành thị, nông thôn và theo vùng, địa phương",rate_percent,2024,1.9,old_63,37,Ninh Bình
1.4,"Tỷ lệ hộ cận nghèo theo chuẩn nghèo đa chiều phân theo dân tộc, thành thị, nông thôn và theo vùng, địa phương",rate_percent,2016,9.96,old_63,38,Thanh Hóa
1.4,"Tỷ lệ hộ cận nghèo theo chuẩn nghèo đa chiều phân theo dân tộc, thành thị, nông thôn và theo vùng, địa phương",rate_percent,2017,9.93,old_63,38,Thanh Hóa
1.4,"Tỷ lệ hộ cận nghèo theo chuẩn nghèo đa chiều phân theo dân tộc, thành thị, nông thôn và theo vùng, địa phương",rate_percent,2018,9.59,old_63,38,Thanh Hóa
1.4,"Tỷ lệ hộ cận nghèo theo chuẩn nghèo đa chiều phân theo dân tộc, thành thị, nông thôn và theo vùng, địa phương",rate_percent,2019,10.35,old_63,38,Thanh Hóa
1.4,"Tỷ lệ hộ cận nghèo theo chuẩn nghèo đa chiều phân theo dân tộc, thành thị, nông thôn và theo vùng, địa phương",rate_percent,2020,6.66,old_63,38,Thanh Hóa
1.4,"Tỷ lệ hộ cận nghèo theo chuẩn nghèo đa chiều phân theo dân tộc, thành thị, nông thôn và theo vùng, địa phương",rate_percent,2021,8.696348238,old_63,38,Thanh Hóa
1.4,"Tỷ lệ hộ cận nghèo theo chuẩn nghèo đa chiều phân theo dân tộc, thành thị, nông thôn và theo vùng, địa phương",rate_percent,2022,6.890610337,old_63,38,Thanh Hóa
1.4,"Tỷ lệ hộ cận nghèo theo chuẩn nghèo đa chiều phân theo dân tộc, thành thị, nông thôn và theo vùng, địa phương",rate_percent,2023,5.57,old_63,38,Thanh Hóa
1.4,"Tỷ lệ hộ cận nghèo theo chuẩn nghèo đa chiều phân theo dân tộc, thành thị, nông thôn và theo vùng, địa phương",rate_percent,2024,4.5,old_63,38,Thanh Hóa
1.4,"Tỷ lệ hộ cận nghèo theo chuẩn nghèo đa chiều phân theo dân tộc, thành thị, nông thôn và theo vùng, địa phương",rate_percent,2016,10.04,old_63,40,Nghệ An
1.4,"Tỷ lệ hộ cận nghèo theo chuẩn nghèo đa chiều phân theo dân tộc, thành thị, nông thôn và theo vùng, địa phương",rate_percent,2017,9.86,old_63,40,Nghệ An
1.4,"Tỷ lệ hộ cận nghèo theo chuẩn nghèo đa chiều phân theo dân tộc, thành thị, nông thôn và theo vùng, địa phương",rate_percent,2018,8.72,old_63,40,Nghệ An
1.4,"Tỷ lệ hộ cận nghèo theo chuẩn nghèo đa chiều phân theo dân tộc, thành thị, nông thôn và theo vùng, địa phương",rate_percent,2019,7.57,old_63,40,Nghệ An
1.4,"Tỷ lệ hộ cận nghèo theo chuẩn nghèo đa chiều phân theo dân tộc, thành thị, nông thôn và theo vùng, địa phương",rate_percent,2020,5.41,old_63,40,Nghệ An
1.4,"Tỷ lệ hộ cận nghèo theo chuẩn nghèo đa chiều phân theo dân tộc, thành thị, nông thôn và theo vùng, địa phương",rate_percent,2021,6.605446389,old_63,40,Nghệ An
1.4,"Tỷ lệ hộ cận nghèo theo chuẩn nghèo đa chiều phân theo dân tộc, thành thị, nông thôn và theo vùng, địa phương",rate_percent,2022,6.204742248,old_63,40,Nghệ An
1.4,"Tỷ lệ hộ cận nghèo theo chuẩn nghèo đa chiều phân theo dân tộc, thành thị, nông thôn và theo vùng, địa phương",rate_percent,2023,5.73,old_63,40,Nghệ An
1.4,"Tỷ lệ hộ cận nghèo theo chuẩn nghèo đa chiều phân theo dân tộc, thành thị, nông thôn và theo vùng, địa phương",rate_percent,2024,5.42,old_63,40,Nghệ An
1.4,"Tỷ lệ hộ cận nghèo theo chuẩn nghèo đa chiều phân theo dân tộc, thành thị, nông thôn và theo vùng, địa phương",rate_percent,2016,8.39,old_63,42,Hà Tĩnh
1.4,"Tỷ lệ hộ cận nghèo theo chuẩn nghèo đa chiều phân theo dân tộc, thành thị, nông thôn và theo vùng, địa phương",rate_percent,2017,7.77,old_63,42,Hà Tĩnh
1.4,"Tỷ lệ hộ cận nghèo theo chuẩn nghèo đa chiều phân theo dân tộc, thành thị, nông thôn và theo vùng, địa phương",rate_percent,2018,6.57,old_63,42,Hà Tĩnh
1.4,"Tỷ lệ hộ cận nghèo theo chuẩn nghèo đa chiều phân theo dân tộc, thành thị, nông thôn và theo vùng, địa phương",rate_percent,2019,5.06,old_63,42,Hà Tĩnh
1.4,"Tỷ lệ hộ cận nghèo theo chuẩn nghèo đa chiều phân theo dân tộc, thành thị, nông thôn và theo vùng, địa phương",rate_percent,2020,4.31,old_63,42,Hà Tĩnh
1.4,"Tỷ lệ hộ cận nghèo theo chuẩn nghèo đa chiều phân theo dân tộc, thành thị, nông thôn và theo vùng, địa phương",rate_percent,2021,5.091900679,old_63,42,Hà Tĩnh
1.4,"Tỷ lệ hộ cận nghèo theo chuẩn nghèo đa chiều phân theo dân tộc, thành thị, nông thôn và theo vùng, địa phương",rate_percent,2022,4.040504189,old_63,42,Hà Tĩnh
1.4,"Tỷ lệ hộ cận nghèo theo chuẩn nghèo đa chiều phân theo dân tộc, thành thị, nông thôn và theo vùng, địa phương",rate_percent,2023,3.37,old_63,42,Hà Tĩnh
1.4,"Tỷ lệ hộ cận nghèo theo chuẩn nghèo đa chiều phân theo dân tộc, thành thị, nông thôn và theo vùng, địa phương",rate_percent,2024,3.04,old_63,42,Hà Tĩnh
1.4,"Tỷ lệ hộ cận nghèo theo chuẩn nghèo đa chiều phân theo dân tộc, thành thị, nông thôn và theo vùng, địa phương",rate_percent,2016,12.92,old_63,44,Quảng Bình
1.4,"Tỷ lệ hộ cận nghèo theo chuẩn nghèo đa chiều phân theo dân tộc, thành thị, nông thôn và theo vùng, địa phương",rate_percent,2017,12.03,old_63,44,Quảng Bình
1.4,"Tỷ lệ hộ cận nghèo theo chuẩn nghèo đa chiều phân theo dân tộc, thành thị, nông thôn và theo vùng, địa phương",rate_percent,2018,9.45,old_63,44,Quảng Bình
1.4,"Tỷ lệ hộ cận nghèo theo chuẩn nghèo đa chiều phân theo dân tộc, thành thị, nông thôn và theo vùng, địa phương",rate_percent,2019,6.67,old_63,44,Quảng Bình
1.4,"Tỷ lệ hộ cận nghèo theo chuẩn nghèo đa chiều phân theo dân tộc, thành thị, nông thôn và theo vùng, địa phương",rate_percent,2020,4.9,old_63,44,Quảng Bình
1.4,"Tỷ lệ hộ cận nghèo theo chuẩn nghèo đa chiều phân theo dân tộc, thành thị, nông thôn và theo vùng, địa phương",rate_percent,2021,5.376407221,old_63,44,Quảng Bình
1.4,"Tỷ lệ hộ cận nghèo theo chuẩn nghèo đa chiều phân theo dân tộc, thành thị, nông thôn và theo vùng, địa phương",rate_percent,2022,4.764183052,old_63,44,Quảng Bình
1.4,"Tỷ lệ hộ cận nghèo theo chuẩn nghèo đa chiều phân theo dân tộc, thành thị, nông thôn và theo vùng, địa phương",rate_percent,2023,4.01,old_63,44,Quảng Bình
1.4,"Tỷ lệ hộ cận nghèo theo chuẩn nghèo đa chiều phân theo dân tộc, thành thị, nông thôn và theo vùng, địa phương",rate_percent,2024,3.35,old_63,44,Quảng Bình
1.4,"Tỷ lệ hộ cận nghèo theo chuẩn nghèo đa chiều phân theo dân tộc, thành thị, nông thôn và theo vùng, địa phương",rate_percent,2016,7.26,old_63,45,Quảng Trị
1.4,"Tỷ lệ hộ cận nghèo theo chuẩn nghèo đa chiều phân theo dân tộc, thành thị, nông thôn và theo vùng, địa phương",rate_percent,2017,6.85,old_63,45,Quảng Trị
1.4,"Tỷ lệ hộ cận nghèo theo chuẩn nghèo đa chiều phân theo dân tộc, thành thị, nông thôn và theo vùng, địa phương",rate_percent,2018,6.55,old_63,45,Quảng Trị
1.4,"Tỷ lệ hộ cận nghèo theo chuẩn nghèo đa chiều phân theo dân tộc, thành thị, nông thôn và theo vùng, địa phương",rate_percent,2019,6.47,old_63,45,Quảng Trị
1.4,"Tỷ lệ hộ cận nghèo theo chuẩn nghèo đa chiều phân theo dân tộc, thành thị, nông thôn và theo vùng, địa phương",rate_percent,2020,6.3,old_63,45,Quảng Trị
1.4,"Tỷ lệ hộ cận nghèo theo chuẩn nghèo đa chiều phân theo dân tộc, thành thị, nông thôn và theo vùng, địa phương",rate_percent,2021,5.654007968,old_63,45,Quảng Trị
1.4,"Tỷ lệ hộ cận nghèo theo chuẩn nghèo đa chiều phân theo dân tộc, thành thị, nông thôn và theo vùng, địa phương",rate_percent,2022,5.787028063,old_63,45,Quảng Trị
1.4,"Tỷ lệ hộ cận nghèo theo chuẩn nghèo đa chiều phân theo dân tộc, thành thị, nông thôn và theo vùng, địa phương",rate_percent,2023,5.45,old_63,45,Quảng Trị
1.4,"Tỷ lệ hộ cận nghèo theo chuẩn nghèo đa chiều phân theo dân tộc, thành thị, nông thôn và theo vùng, địa phương",rate_percent,2024,5.18,old_63,45,Quảng Trị
1.4,"Tỷ lệ hộ cận nghèo theo chuẩn nghèo đa chiều phân theo dân tộc, thành thị, nông thôn và theo vùng, địa phương",rate_percent,2016,5.5,old_63,46,Thừa Thiên Huế
1.4,"Tỷ lệ hộ cận nghèo theo chuẩn nghèo đa chiều phân theo dân tộc, thành thị, nông thôn và theo vùng, địa phương",rate_percent,2017,5.22,old_63,46,Thừa Thiên Huế
1.4,"Tỷ lệ hộ cận nghèo theo chuẩn nghèo đa chiều phân theo dân tộc, thành thị, nông thôn và theo vùng, địa phương",rate_percent,2018,4.93,old_63,46,Thừa Thiên Huế
1.4,"Tỷ lệ hộ cận nghèo theo chuẩn nghèo đa chiều phân theo dân tộc, thành thị, nông thôn và theo vùng, địa phương",rate_percent,2019,4.51,old_63,46,Thừa Thiên Huế
1.4,"Tỷ lệ hộ cận nghèo theo chuẩn nghèo đa chiều phân theo dân tộc, thành thị, nông thôn và theo vùng, địa phương",rate_percent,2020,4.27,old_63,46,Thừa Thiên Huế
1.4,"Tỷ lệ hộ cận nghèo theo chuẩn nghèo đa chiều phân theo dân tộc, thành thị, nông thôn và theo vùng, địa phương",rate_percent,2021,3.947793998,old_63,46,Thừa Thiên Huế
1.4,"Tỷ lệ hộ cận nghèo theo chuẩn nghèo đa chiều phân theo dân tộc, thành thị, nông thôn và theo vùng, địa phương",rate_percent,2022,3.297314211,old_63,46,Thừa Thiên Huế
1.4,"Tỷ lệ hộ cận nghèo theo chuẩn nghèo đa chiều phân theo dân tộc, thành thị, nông thôn và theo vùng, địa phương",rate_percent,2023,2.7,old_63,46,Thừa Thiên Huế
1.4,"Tỷ lệ hộ cận nghèo theo chuẩn nghèo đa chiều phân theo dân tộc, thành thị, nông thôn và theo vùng, địa phương",rate_percent,2024,2.05,old_63,46,Thừa Thiên Huế
1.4,"Tỷ lệ hộ cận nghèo theo chuẩn nghèo đa chiều phân theo dân tộc, thành thị, nông thôn và theo vùng, địa phương",rate_percent,2016,3.37,old_63,48,Đà Nẵng
1.4,"Tỷ lệ hộ cận nghèo theo chuẩn nghèo đa chiều phân theo dân tộc, thành thị, nông thôn và theo vùng, địa phương",rate_percent,2017,1.91,old_63,48,Đà Nẵng
1.4,"Tỷ lệ hộ cận nghèo theo chuẩn nghèo đa chiều phân theo dân tộc, thành thị, nông thôn và theo vùng, địa phương",rate_percent,2018,0.45,old_63,48,Đà Nẵng
1.4,"Tỷ lệ hộ cận nghèo theo chuẩn nghèo đa chiều phân theo dân tộc, thành thị, nông thôn và theo vùng, địa phương",rate_percent,2019,1.39,old_63,48,Đà Nẵng
1.4,"Tỷ lệ hộ cận nghèo theo chuẩn nghèo đa chiều phân theo dân tộc, thành thị, nông thôn và theo vùng, địa phương",rate_percent,2020,1.17,old_63,48,Đà Nẵng
1.4,"Tỷ lệ hộ cận nghèo theo chuẩn nghèo đa chiều phân theo dân tộc, thành thị, nông thôn và theo vùng, địa phương",rate_percent,2021,0.42063088,old_63,48,Đà Nẵng
1.4,"Tỷ lệ hộ cận nghèo theo chuẩn nghèo đa chiều phân theo dân tộc, thành thị, nông thôn và theo vùng, địa phương",rate_percent,2022,0.338434814,old_63,48,Đà Nẵng
1.4,"Tỷ lệ hộ cận nghèo theo chuẩn nghèo đa chiều phân theo dân tộc, thành thị, nông thôn và theo vùng, địa phương",rate_percent,2023,0.26,old_63,48,Đà Nẵng
1.4,"Tỷ lệ hộ cận nghèo theo chuẩn nghèo đa chiều phân theo dân tộc, thành thị, nông thôn và theo vùng, địa phương",rate_percent,2024,0.16,old_63,48,Đà Nẵng
1.4,"Tỷ lệ hộ cận nghèo theo chuẩn nghèo đa chiều phân theo dân tộc, thành thị, nông thôn và theo vùng, địa phương",rate_percent,2016,6.09,old_63,49,Quảng Nam
1.4,"Tỷ lệ hộ cận nghèo theo chuẩn nghèo đa chiều phân theo dân tộc, thành thị, nông thôn và theo vùng, địa phương",rate_percent,2017,4.53,old_63,49,Quảng Nam
1.4,"Tỷ lệ hộ cận nghèo theo chuẩn nghèo đa chiều phân theo dân tộc, thành thị, nông thôn và theo vùng, địa phương",rate_percent,2018,3.32,old_63,49,Quảng Nam
1.4,"Tỷ lệ hộ cận nghèo theo chuẩn nghèo đa chiều phân theo dân tộc, thành thị, nông thôn và theo vùng, địa phương",rate_percent,2019,2.58,old_63,49,Quảng Nam
1.4,"Tỷ lệ hộ cận nghèo theo chuẩn nghèo đa chiều phân theo dân tộc, thành thị, nông thôn và theo vùng, địa phương",rate_percent,2020,2.07,old_63,49,Quảng Nam
1.4,"Tỷ lệ hộ cận nghèo theo chuẩn nghèo đa chiều phân theo dân tộc, thành thị, nông thôn và theo vùng, địa phương",rate_percent,2021,1.880314455,old_63,49,Quảng Nam
1.4,"Tỷ lệ hộ cận nghèo theo chuẩn nghèo đa chiều phân theo dân tộc, thành thị, nông thôn và theo vùng, địa phương",rate_percent,2022,1.974277259,old_63,49,Quảng Nam
1.4,"Tỷ lệ hộ cận nghèo theo chuẩn nghèo đa chiều phân theo dân tộc, thành thị, nông thôn và theo vùng, địa phương",rate_percent,2023,1.9,old_63,49,Quảng Nam
1.4,"Tỷ lệ hộ cận nghèo theo chuẩn nghèo đa chiều phân theo dân tộc, thành thị, nông thôn và theo vùng, địa phương",rate_percent,2024,1.79,old_63,49,Quảng Nam
1.4,"Tỷ lệ hộ cận nghèo theo chuẩn nghèo đa chiều phân theo dân tộc, thành thị, nông thôn và theo vùng, địa phương",rate_percent,2016,8.8,old_63,51,Quảng Ngãi
1.4,"Tỷ lệ hộ cận nghèo theo chuẩn nghèo đa chiều phân theo dân tộc, thành thị, nông thôn và theo vùng, địa phương",rate_percent,2017,8.29,old_63,51,Quảng Ngãi
1.4,"Tỷ lệ hộ cận nghèo theo chuẩn nghèo đa chiều phân theo dân tộc, thành thị, nông thôn và theo vùng, địa phương",rate_percent,2018,7.83,old_63,51,Quảng Ngãi
1.4,"Tỷ lệ hộ cận nghèo theo chuẩn nghèo đa chiều phân theo dân tộc, thành thị, nông thôn và theo vùng, địa phương",rate_percent,2019,7.21,old_63,51,Quảng Ngãi
1.4,"Tỷ lệ hộ cận nghèo theo chuẩn nghèo đa chiều phân theo dân tộc, thành thị, nông thôn và theo vùng, địa phương",rate_percent,2020,6.53,old_63,51,Quảng Ngãi
1.4,"Tỷ lệ hộ cận nghèo theo chuẩn nghèo đa chiều phân theo dân tộc, thành thị, nông thôn và theo vùng, địa phương",rate_percent,2021,7.08250818,old_63,51,Quảng Ngãi
1.4,"Tỷ lệ hộ cận nghèo theo chuẩn nghèo đa chiều phân theo dân tộc, thành thị, nông thôn và theo vùng, địa phương",rate_percent,2022,6.36110985,old_63,51,Quảng Ngãi
1.4,"Tỷ lệ hộ cận nghèo theo chuẩn nghèo đa chiều phân theo dân tộc, thành thị, nông thôn và theo vùng, địa phương",rate_percent,2023,4.97,old_63,51,Quảng Ngãi
1.4,"Tỷ lệ hộ cận nghèo theo chuẩn nghèo đa chiều phân theo dân tộc, thành thị, nông thôn và theo vùng, địa phương",rate_percent,2024,3.66,old_63,51,Quảng Ngãi
1.4,"Tỷ lệ hộ cận nghèo theo chuẩn nghèo đa chiều phân theo dân tộc, thành thị, nông thôn và theo vùng, địa phương",rate_percent,2016,6.46,old_63,52,Bình Định
1.4,"Tỷ lệ hộ cận nghèo theo chuẩn nghèo đa chiều phân theo dân tộc, thành thị, nông thôn và theo vùng, địa phương",rate_percent,2017,6.24,old_63,52,Bình Định
1.4,"Tỷ lệ hộ cận nghèo theo chuẩn nghèo đa chiều phân theo dân tộc, thành thị, nông thôn và theo vùng, địa phương",rate_percent,2018,6.11,old_63,52,Bình Định
1.4,"Tỷ lệ hộ cận nghèo theo chuẩn nghèo đa chiều phân theo dân tộc, thành thị, nông thôn và theo vùng, địa phương",rate_percent,2019,5.73,old_63,52,Bình Định
1.4,"Tỷ lệ hộ cận nghèo theo chuẩn nghèo đa chiều phân theo dân tộc, thành thị, nông thôn và theo vùng, địa phương",rate_percent,2020,5.08,old_63,52,Bình Định
1.4,"Tỷ lệ hộ cận nghèo theo chuẩn nghèo đa chiều phân theo dân tộc, thành thị, nông thôn và theo vùng, địa phương",rate_percent,2021,5.563401329,old_63,52,Bình Định
1.4,"Tỷ lệ hộ cận nghèo theo chuẩn nghèo đa chiều phân theo dân tộc, thành thị, nông thôn và theo vùng, địa phương",rate_percent,2022,4.544360971,old_63,52,Bình Định
1.4,"Tỷ lệ hộ cận nghèo theo chuẩn nghèo đa chiều phân theo dân tộc, thành thị, nông thôn và theo vùng, địa phương",rate_percent,2023,3.02,old_63,52,Bình Định
1.4,"Tỷ lệ hộ cận nghèo theo chuẩn nghèo đa chiều phân theo dân tộc, thành thị, nông thôn và theo vùng, địa phương",rate_percent,2024,2.18,old_63,52,Bình Định
1.4,"Tỷ lệ hộ cận nghèo theo chuẩn nghèo đa chiều phân theo dân tộc, thành thị, nông thôn và theo vùng, địa phương",rate_percent,2016,8.75,old_63,54,Phú Yên
1.4,"Tỷ lệ hộ cận nghèo theo chuẩn nghèo đa chiều phân theo dân tộc, thành thị, nông thôn và theo vùng, địa phương",rate_percent,2017,9.1,old_63,54,Phú Yên
1.4,"Tỷ lệ hộ cận nghèo theo chuẩn nghèo đa chiều phân theo dân tộc, thành thị, nông thôn và theo vùng, địa phương",rate_percent,2018,9.03,old_63,54,Phú Yên
1.4,"Tỷ lệ hộ cận nghèo theo chuẩn nghèo đa chiều phân theo dân tộc, thành thị, nông thôn và theo vùng, địa phương",rate_percent,2019,8.71,old_63,54,Phú Yên
1.4,"Tỷ lệ hộ cận nghèo theo chuẩn nghèo đa chiều phân theo dân tộc, thành thị, nông thôn và theo vùng, địa phương",rate_percent,2020,7.62,old_63,54,Phú Yên
1.4,"Tỷ lệ hộ cận nghèo theo chuẩn nghèo đa chiều phân theo dân tộc, thành thị, nông thôn và theo vùng, địa phương",rate_percent,2021,8.556497777,old_63,54,Phú Yên
1.4,"Tỷ lệ hộ cận nghèo theo chuẩn nghèo đa chiều phân theo dân tộc, thành thị, nông thôn và theo vùng, địa phương",rate_percent,2022,8.02139444,old_63,54,Phú Yên
1.4,"Tỷ lệ hộ cận nghèo theo chuẩn nghèo đa chiều phân theo dân tộc, thành thị, nông thôn và theo vùng, địa phương",rate_percent,2023,6.72,old_63,54,Phú Yên
1.4,"Tỷ lệ hộ cận nghèo theo chuẩn nghèo đa chiều phân theo dân tộc, thành thị, nông thôn và theo vùng, địa phương",rate_percent,2024,5.95,old_63,54,Phú Yên
1.4,"Tỷ lệ hộ cận nghèo theo chuẩn nghèo đa chiều phân theo dân tộc, thành thị, nông thôn và theo vùng, địa phương",rate_percent,2016,7.46,old_63,56,Khánh Hòa
1.4,"Tỷ lệ hộ cận nghèo theo chuẩn nghèo đa chiều phân theo dân tộc, thành thị, nông thôn và theo vùng, địa phương",rate_percent,2017,7.36,old_63,56,Khánh Hòa
1.4,"Tỷ lệ hộ cận nghèo theo chuẩn nghèo đa chiều phân theo dân tộc, thành thị, nông thôn và theo vùng, địa phương",rate_percent,2018,6.78,old_63,56,Khánh Hòa
1.4,"Tỷ lệ hộ cận nghèo theo chuẩn nghèo đa chiều phân theo dân tộc, thành thị, nông thôn và theo vùng, địa phương",rate_percent,2019,6.27,old_63,56,Khánh Hòa
1.4,"Tỷ lệ hộ cận nghèo theo chuẩn nghèo đa chiều phân theo dân tộc, thành thị, nông thôn và theo vùng, địa phương",rate_percent,2020,5.65,old_63,56,Khánh Hòa
1.4,"Tỷ lệ hộ cận nghèo theo chuẩn nghèo đa chiều phân theo dân tộc, thành thị, nông thôn và theo vùng, địa phương",rate_percent,2021,5.585153481,old_63,56,Khánh Hòa
1.4,"Tỷ lệ hộ cận nghèo theo chuẩn nghèo đa chiều phân theo dân tộc, thành thị, nông thôn và theo vùng, địa phương",rate_percent,2022,4.863837349,old_63,56,Khánh Hòa
1.4,"Tỷ lệ hộ cận nghèo theo chuẩn nghèo đa chiều phân theo dân tộc, thành thị, nông thôn và theo vùng, địa phương",rate_percent,2023,3.66,old_63,56,Khánh Hòa
1.4,"Tỷ lệ hộ cận nghèo theo chuẩn nghèo đa chiều phân theo dân tộc, thành thị, nông thôn và theo vùng, địa phương",rate_percent,2024,2.59,old_63,56,Khánh Hòa
1.4,"Tỷ lệ hộ cận nghèo theo chuẩn nghèo đa chiều phân theo dân tộc, thành thị, nông thôn và theo vùng, địa phương",rate_percent,2016,10.31,old_63,58,Ninh Thuận
1.4,"Tỷ lệ hộ cận nghèo theo chuẩn nghèo đa chiều phân theo dân tộc, thành thị, nông thôn và theo vùng, địa phương",rate_percent,2017,10.01,old_63,58,Ninh Thuận
1.4,"Tỷ lệ hộ cận nghèo theo chuẩn nghèo đa chiều phân theo dân tộc, thành thị, nông thôn và theo vùng, địa phương",rate_percent,2018,9.17,old_63,58,Ninh Thuận
1.4,"Tỷ lệ hộ cận nghèo theo chuẩn nghèo đa chiều phân theo dân tộc, thành thị, nông thôn và theo vùng, địa phương",rate_percent,2019,8.02,old_63,58,Ninh Thuận
1.4,"Tỷ lệ hộ cận nghèo theo chuẩn nghèo đa chiều phân theo dân tộc, thành thị, nông thôn và theo vùng, địa phương",rate_percent,2020,7.38,old_63,58,Ninh Thuận
1.4,"Tỷ lệ hộ cận nghèo theo chuẩn nghèo đa chiều phân theo dân tộc, thành thị, nông thôn và theo vùng, địa phương",rate_percent,2021,7.125882897,old_63,58,Ninh Thuận
1.4,"Tỷ lệ hộ cận nghèo theo chuẩn nghèo đa chiều phân theo dân tộc, thành thị, nông thôn và theo vùng, địa phương",rate_percent,2022,5.433488648,old_63,58,Ninh Thuận
1.4,"Tỷ lệ hộ cận nghèo theo chuẩn nghèo đa chiều phân theo dân tộc, thành thị, nông thôn và theo vùng, địa phương",rate_percent,2023,4.61,old_63,58,Ninh Thuận
1.4,"Tỷ lệ hộ cận nghèo theo chuẩn nghèo đa chiều phân theo dân tộc, thành thị, nông thôn và theo vùng, địa phương",rate_percent,2024,3.89,old_63,58,Ninh Thuận
1.4,"Tỷ lệ hộ cận nghèo theo chuẩn nghèo đa chiều phân theo dân tộc, thành thị, nông thôn và theo vùng, địa phương",rate_percent,2016,4.5,old_63,60,Bình Thuận
1.4,"Tỷ lệ hộ cận nghèo theo chuẩn nghèo đa chiều phân theo dân tộc, thành thị, nông thôn và theo vùng, địa phương",rate_percent,2017,4.78,old_63,60,Bình Thuận
1.4,"Tỷ lệ hộ cận nghèo theo chuẩn nghèo đa chiều phân theo dân tộc, thành thị, nông thôn và theo vùng, địa phương",rate_percent,2018,5.03,old_63,60,Bình Thuận
1.4,"Tỷ lệ hộ cận nghèo theo chuẩn nghèo đa chiều phân theo dân tộc, thành thị, nông thôn và theo vùng, địa phương",rate_percent,2019,4.61,old_63,60,Bình Thuận
1.4,"Tỷ lệ hộ cận nghèo theo chuẩn nghèo đa chiều phân theo dân tộc, thành thị, nông thôn và theo vùng, địa phương",rate_percent,2020,4.37,old_63,60,Bình Thuận
1.4,"Tỷ lệ hộ cận nghèo theo chuẩn nghèo đa chiều phân theo dân tộc, thành thị, nông thôn và theo vùng, địa phương",rate_percent,2021,4.486132304,old_63,60,Bình Thuận
1.4,"Tỷ lệ hộ cận nghèo theo chuẩn nghèo đa chiều phân theo dân tộc, thành thị, nông thôn và theo vùng, địa phương",rate_percent,2022,4.274280474,old_63,60,Bình Thuận
1.4,"Tỷ lệ hộ cận nghèo theo chuẩn nghèo đa chiều phân theo dân tộc, thành thị, nông thôn và theo vùng, địa phương",rate_percent,2023,3.62,old_63,60,Bình Thuận
1.4,"Tỷ lệ hộ cận nghèo theo chuẩn nghèo đa chiều phân theo dân tộc, thành thị, nông thôn và theo vùng, địa phương",rate_percent,2024,3.01,old_63,60,Bình Thuận
1.4,"Tỷ lệ hộ cận nghèo theo chuẩn nghèo đa chiều phân theo dân tộc, thành thị, nông thôn và theo vùng, địa phương",rate_percent,2016,6.64,old_63,62,Kon Tum
1.4,"Tỷ lệ hộ cận nghèo theo chuẩn nghèo đa chiều phân theo dân tộc, thành thị, nông thôn và theo vùng, địa phương",rate_percent,2017,6.51,old_63,62,Kon Tum
1.4,"Tỷ lệ hộ cận nghèo theo chuẩn nghèo đa chiều phân theo dân tộc, thành thị, nông thôn và theo vùng, địa phương",rate_percent,2018,6.58,old_63,62,Kon Tum
1.4,"Tỷ lệ hộ cận nghèo theo chuẩn nghèo đa chiều phân theo dân tộc, thành thị, nông thôn và theo vùng, địa phương",rate_percent,2019,6.36,old_63,62,Kon Tum
1.4,"Tỷ lệ hộ cận nghèo theo chuẩn nghèo đa chiều phân theo dân tộc, thành thị, nông thôn và theo vùng, địa phương",rate_percent,2020,5.9,old_63,62,Kon Tum
1.4,"Tỷ lệ hộ cận nghèo theo chuẩn nghèo đa chiều phân theo dân tộc, thành thị, nông thôn và theo vùng, địa phương",rate_percent,2021,6.31556218,old_63,62,Kon Tum
1.4,"Tỷ lệ hộ cận nghèo theo chuẩn nghèo đa chiều phân theo dân tộc, thành thị, nông thôn và theo vùng, địa phương",rate_percent,2022,6.031653069,old_63,62,Kon Tum
1.4,"Tỷ lệ hộ cận nghèo theo chuẩn nghèo đa chiều phân theo dân tộc, thành thị, nông thôn và theo vùng, địa phương",rate_percent,2023,4.39,old_63,62,Kon Tum
1.4,"Tỷ lệ hộ cận nghèo theo chuẩn nghèo đa chiều phân theo dân tộc, thành thị, nông thôn và theo vùng, địa phương",rate_percent,2024,3.65,old_63,62,Kon Tum
1.4,"Tỷ lệ hộ cận nghèo theo chuẩn nghèo đa chiều phân theo dân tộc, thành thị, nông thôn và theo vùng, địa phương",rate_percent,2016,8.97,old_63,64,Gia Lai
1.4,"Tỷ lệ hộ cận nghèo theo chuẩn nghèo đa chiều phân theo dân tộc, thành thị, nông thôn và theo vùng, địa phương",rate_percent,2017,9.83,old_63,64,Gia Lai
1.4,"Tỷ lệ hộ cận nghèo theo chuẩn nghèo đa chiều phân theo dân tộc, thành thị, nông thôn và theo vùng, địa phương",rate_percent,2018,10.06,old_63,64,Gia Lai
1.4,"Tỷ lệ hộ cận nghèo theo chuẩn nghèo đa chiều phân theo dân tộc, thành thị, nông thôn và theo vùng, địa phương",rate_percent,2019,10.1,old_63,64,Gia Lai
1.4,"Tỷ lệ hộ cận nghèo theo chuẩn nghèo đa chiều phân theo dân tộc, thành thị, nông thôn và theo vùng, địa phương",rate_percent,2020,9.7,old_63,64,Gia Lai
1.4,"Tỷ lệ hộ cận nghèo theo chuẩn nghèo đa chiều phân theo dân tộc, thành thị, nông thôn và theo vùng, địa phương",rate_percent,2021,9.016128862,old_63,64,Gia Lai
1.4,"Tỷ lệ hộ cận nghèo theo chuẩn nghèo đa chiều phân theo dân tộc, thành thị, nông thôn và theo vùng, địa phương",rate_percent,2022,9.723229993,old_63,64,Gia Lai
1.4,"Tỷ lệ hộ cận nghèo theo chuẩn nghèo đa chiều phân theo dân tộc, thành thị, nông thôn và theo vùng, địa phương",rate_percent,2023,9.21,old_63,64,Gia Lai
1.4,"Tỷ lệ hộ cận nghèo theo chuẩn nghèo đa chiều phân theo dân tộc, thành thị, nông thôn và theo vùng, địa phương",rate_percent,2024,8.77,old_63,64,Gia Lai
1.4,"Tỷ lệ hộ cận nghèo theo chuẩn nghèo đa chiều phân theo dân tộc, thành thị, nông thôn và theo vùng, địa phương",rate_percent,2016,9.65,old_63,66,Đắk Lắk
1.4,"Tỷ lệ hộ cận nghèo theo chuẩn nghèo đa chiều phân theo dân tộc, thành thị, nông thôn và theo vùng, địa phương",rate_percent,2017,9.8,old_63,66,Đắk Lắk
1.4,"Tỷ lệ hộ cận nghèo theo chuẩn nghèo đa chiều phân theo dân tộc, thành thị, nông thôn và theo vùng, địa phương",rate_percent,2018,9.72,old_63,66,Đắk Lắk
1.4,"Tỷ lệ hộ cận nghèo theo chuẩn nghèo đa chiều phân theo dân tộc, thành thị, nông thôn và theo vùng, địa phương",rate_percent,2019,8.9,old_63,66,Đắk Lắk
1.4,"Tỷ lệ hộ cận nghèo theo chuẩn nghèo đa chiều phân theo dân tộc, thành thị, nông thôn và theo vùng, địa phương",rate_percent,2020,7.94,old_63,66,Đắk Lắk
1.4,"Tỷ lệ hộ cận nghèo theo chuẩn nghèo đa chiều phân theo dân tộc, thành thị, nông thôn và theo vùng, địa phương",rate_percent,2021,7.824419425,old_63,66,Đắk Lắk
1.4,"Tỷ lệ hộ cận nghèo theo chuẩn nghèo đa chiều phân theo dân tộc, thành thị, nông thôn và theo vùng, địa phương",rate_percent,2022,7.774097682,old_63,66,Đắk Lắk
1.4,"Tỷ lệ hộ cận nghèo theo chuẩn nghèo đa chiều phân theo dân tộc, thành thị, nông thôn và theo vùng, địa phương",rate_percent,2023,6.8,old_63,66,Đắk Lắk
1.4,"Tỷ lệ hộ cận nghèo theo chuẩn nghèo đa chiều phân theo dân tộc, thành thị, nông thôn và theo vùng, địa phương",rate_percent,2024,5.12,old_63,66,Đắk Lắk
1.4,"Tỷ lệ hộ cận nghèo theo chuẩn nghèo đa chiều phân theo dân tộc, thành thị, nông thôn và theo vùng, địa phương",rate_percent,2016,7.23,old_63,67,Đắk Nông
1.4,"Tỷ lệ hộ cận nghèo theo chuẩn nghèo đa chiều phân theo dân tộc, thành thị, nông thôn và theo vùng, địa phương",rate_percent,2017,7.01,old_63,67,Đắk Nông
1.4,"Tỷ lệ hộ cận nghèo theo chuẩn nghèo đa chiều phân theo dân tộc, thành thị, nông thôn và theo vùng, địa phương",rate_percent,2018,6.23,old_63,67,Đắk Nông
1.4,"Tỷ lệ hộ cận nghèo theo chuẩn nghèo đa chiều phân theo dân tộc, thành thị, nông thôn và theo vùng, địa phương",rate_percent,2019,6.02,old_63,67,Đắk Nông
1.4,"Tỷ lệ hộ cận nghèo theo chuẩn nghèo đa chiều phân theo dân tộc, thành thị, nông thôn và theo vùng, địa phương",rate_percent,2020,5.56,old_63,67,Đắk Nông
1.4,"Tỷ lệ hộ cận nghèo theo chuẩn nghèo đa chiều phân theo dân tộc, thành thị, nông thôn và theo vùng, địa phương",rate_percent,2021,6.690119303,old_63,67,Đắk Nông
1.4,"Tỷ lệ hộ cận nghèo theo chuẩn nghèo đa chiều phân theo dân tộc, thành thị, nông thôn và theo vùng, địa phương",rate_percent,2022,6.52794534,old_63,67,Đắk Nông
1.4,"Tỷ lệ hộ cận nghèo theo chuẩn nghèo đa chiều phân theo dân tộc, thành thị, nông thôn và theo vùng, địa phương",rate_percent,2023,6.57,old_63,67,Đắk Nông
1.4,"Tỷ lệ hộ cận nghèo theo chuẩn nghèo đa chiều phân theo dân tộc, thành thị, nông thôn và theo vùng, địa phương",rate_percent,2024,4.71,old_63,67,Đắk Nông
1.4,"Tỷ lệ hộ cận nghèo theo chuẩn nghèo đa chiều phân theo dân tộc, thành thị, nông thôn và theo vùng, địa phương",rate_percent,2016,5.37,old_63,68,Lâm Đồng
1.4,"Tỷ lệ hộ cận nghèo theo chuẩn nghèo đa chiều phân theo dân tộc, thành thị, nông thôn và theo vùng, địa phương",rate_percent,2017,4.91,old_63,68,Lâm Đồng
1.4,"Tỷ lệ hộ cận nghèo theo chuẩn nghèo đa chiều phân theo dân tộc, thành thị, nông thôn và theo vùng, địa phương",rate_percent,2018,4.41,old_63,68,Lâm Đồng
1.4,"Tỷ lệ hộ cận nghèo theo chuẩn nghèo đa chiều phân theo dân tộc, thành thị, nông thôn và theo vùng, địa phương",rate_percent,2019,3.69,old_63,68,Lâm Đồng
1.4,"Tỷ lệ hộ cận nghèo theo chuẩn nghèo đa chiều phân theo dân tộc, thành thị, nông thôn và theo vùng, địa phương",rate_percent,2020,3.33,old_63,68,Lâm Đồng
1.4,"Tỷ lệ hộ cận nghèo theo chuẩn nghèo đa chiều phân theo dân tộc, thành thị, nông thôn và theo vùng, địa phương",rate_percent,2021,4.07,old_63,68,Lâm Đồng
1.4,"Tỷ lệ hộ cận nghèo theo chuẩn nghèo đa chiều phân theo dân tộc, thành thị, nông thôn và theo vùng, địa phương",rate_percent,2022,3.395212578,old_63,68,Lâm Đồng
1.4,"Tỷ lệ hộ cận nghèo theo chuẩn nghèo đa chiều phân theo dân tộc, thành thị, nông thôn và theo vùng, địa phương",rate_percent,2023,2.07,old_63,68,Lâm Đồng
1.4,"Tỷ lệ hộ cận nghèo theo chuẩn nghèo đa chiều phân theo dân tộc, thành thị, nông thôn và theo vùng, địa phương",rate_percent,2024,1.33,old_63,68,Lâm Đồng
1.4,"Tỷ lệ hộ cận nghèo theo chuẩn nghèo đa chiều phân theo dân tộc, thành thị, nông thôn và theo vùng, địa phương",rate_percent,2016,2.96,old_63,70,Bình Phước
1.4,"Tỷ lệ hộ cận nghèo theo chuẩn nghèo đa chiều phân theo dân tộc, thành thị, nông thôn và theo vùng, địa phương",rate_percent,2017,3.04,old_63,70,Bình Phước
1.4,"Tỷ lệ hộ cận nghèo theo chuẩn nghèo đa chiều phân theo dân tộc, thành thị, nông thôn và theo vùng, địa phương",rate_percent,2018,2.73,old_63,70,Bình Phước
1.4,"Tỷ lệ hộ cận nghèo theo chuẩn nghèo đa chiều phân theo dân tộc, thành thị, nông thôn và theo vùng, địa phương",rate_percent,2019,2.33,old_63,70,Bình Phước
1.4,"Tỷ lệ hộ cận nghèo theo chuẩn nghèo đa chiều phân theo dân tộc, thành thị, nông thôn và theo vùng, địa phương",rate_percent,2020,1.66,old_63,70,Bình Phước
1.4,"Tỷ lệ hộ cận nghèo theo chuẩn nghèo đa chiều phân theo dân tộc, thành thị, nông thôn và theo vùng, địa phương",rate_percent,2021,1.341964343,old_63,70,Bình Phước
1.4,"Tỷ lệ hộ cận nghèo theo chuẩn nghèo đa chiều phân theo dân tộc, thành thị, nông thôn và theo vùng, địa phương",rate_percent,2022,1.092627087,old_63,70,Bình Phước
1.4,"Tỷ lệ hộ cận nghèo theo chuẩn nghèo đa chiều phân theo dân tộc, thành thị, nông thôn và theo vùng, địa phương",rate_percent,2023,0.94,old_63,70,Bình Phước
1.4,"Tỷ lệ hộ cận nghèo theo chuẩn nghèo đa chiều phân theo dân tộc, thành thị, nông thôn và theo vùng, địa phương",rate_percent,2024,0.61,old_63,70,Bình Phước
1.4,"Tỷ lệ hộ cận nghèo theo chuẩn nghèo đa chiều phân theo dân tộc, thành thị, nông thôn và theo vùng, địa phương",rate_percent,2016,2.1,old_63,72,Tây Ninh
1.4,"Tỷ lệ hộ cận nghèo theo chuẩn nghèo đa chiều phân theo dân tộc, thành thị, nông thôn và theo vùng, địa phương",rate_percent,2017,2.01,old_63,72,Tây Ninh
1.4,"Tỷ lệ hộ cận nghèo theo chuẩn nghèo đa chiều phân theo dân tộc, thành thị, nông thôn và theo vùng, địa phương",rate_percent,2018,1.55,old_63,72,Tây Ninh
1.4,"Tỷ lệ hộ cận nghèo theo chuẩn nghèo đa chiều phân theo dân tộc, thành thị, nông thôn và theo vùng, địa phương",rate_percent,2019,1.07,old_63,72,Tây Ninh
1.4,"Tỷ lệ hộ cận nghèo theo chuẩn nghèo đa chiều phân theo dân tộc, thành thị, nông thôn và theo vùng, địa phương",rate_percent,2020,0.79,old_63,72,Tây Ninh
1.4,"Tỷ lệ hộ cận nghèo theo chuẩn nghèo đa chiều phân theo dân tộc, thành thị, nông thôn và theo vùng, địa phương",rate_percent,2021,1.176808805,old_63,72,Tây Ninh
1.4,"Tỷ lệ hộ cận nghèo theo chuẩn nghèo đa chiều phân theo dân tộc, thành thị, nông thôn và theo vùng, địa phương",rate_percent,2022,0.76599743,old_63,72,Tây Ninh
1.4,"Tỷ lệ hộ cận nghèo theo chuẩn nghèo đa chiều phân theo dân tộc, thành thị, nông thôn và theo vùng, địa phương",rate_percent,2023,0.49,old_63,72,Tây Ninh
1.4,"Tỷ lệ hộ cận nghèo theo chuẩn nghèo đa chiều phân theo dân tộc, thành thị, nông thôn và theo vùng, địa phương",rate_percent,2024,0.35,old_63,72,Tây Ninh
1.4,"Tỷ lệ hộ cận nghèo theo chuẩn nghèo đa chiều phân theo dân tộc, thành thị, nông thôn và theo vùng, địa phương",rate_percent,2017,0,old_63,74,Bình Dương
1.4,"Tỷ lệ hộ cận nghèo theo chuẩn nghèo đa chiều phân theo dân tộc, thành thị, nông thôn và theo vùng, địa phương",rate_percent,2018,0,old_63,74,Bình Dương
1.4,"Tỷ lệ hộ cận nghèo theo chuẩn nghèo đa chiều phân theo dân tộc, thành thị, nông thôn và theo vùng, địa phương",rate_percent,2019,0,old_63,74,Bình Dương
1.4,"Tỷ lệ hộ cận nghèo theo chuẩn nghèo đa chiều phân theo dân tộc, thành thị, nông thôn và theo vùng, địa phương",rate_percent,2020,0,old_63,74,Bình Dương
1.4,"Tỷ lệ hộ cận nghèo theo chuẩn nghèo đa chiều phân theo dân tộc, thành thị, nông thôn và theo vùng, địa phương",rate_percent,2021,0.890965132,old_63,74,Bình Dương
1.4,"Tỷ lệ hộ cận nghèo theo chuẩn nghèo đa chiều phân theo dân tộc, thành thị, nông thôn và theo vùng, địa phương",rate_percent,2022,0.049966288,old_63,74,Bình Dương
1.4,"Tỷ lệ hộ cận nghèo theo chuẩn nghèo đa chiều phân theo dân tộc, thành thị, nông thôn và theo vùng, địa phương",rate_percent,2023,0.03,old_63,74,Bình Dương
1.4,"Tỷ lệ hộ cận nghèo theo chuẩn nghèo đa chiều phân theo dân tộc, thành thị, nông thôn và theo vùng, địa phương",rate_percent,2024,0.01,old_63,74,Bình Dương
1.4,"Tỷ lệ hộ cận nghèo theo chuẩn nghèo đa chiều phân theo dân tộc, thành thị, nông thôn và theo vùng, địa phương",rate_percent,2016,0.84,old_63,75,Đồng Nai
1.4,"Tỷ lệ hộ cận nghèo theo chuẩn nghèo đa chiều phân theo dân tộc, thành thị, nông thôn và theo vùng, địa phương",rate_percent,2017,0.3,old_63,75,Đồng Nai
1.4,"Tỷ lệ hộ cận nghèo theo chuẩn nghèo đa chiều phân theo dân tộc, thành thị, nông thôn và theo vùng, địa phương",rate_percent,2018,0.17,old_63,75,Đồng Nai
1.4,"Tỷ lệ hộ cận nghèo theo chuẩn nghèo đa chiều phân theo dân tộc, thành thị, nông thôn và theo vùng, địa phương",rate_percent,2019,0.16,old_63,75,Đồng Nai
1.4,"Tỷ lệ hộ cận nghèo theo chuẩn nghèo đa chiều phân theo dân tộc, thành thị, nông thôn và theo vùng, địa phương",rate_percent,2020,0.14,old_63,75,Đồng Nai
1.4,"Tỷ lệ hộ cận nghèo theo chuẩn nghèo đa chiều phân theo dân tộc, thành thị, nông thôn và theo vùng, địa phương",rate_percent,2021,0.78641937,old_63,75,Đồng Nai
1.4,"Tỷ lệ hộ cận nghèo theo chuẩn nghèo đa chiều phân theo dân tộc, thành thị, nông thôn và theo vùng, địa phương",rate_percent,2022,0.04404003,old_63,75,Đồng Nai
1.4,"Tỷ lệ hộ cận nghèo theo chuẩn nghèo đa chiều phân theo dân tộc, thành thị, nông thôn và theo vùng, địa phương",rate_percent,2023,0.03,old_63,75,Đồng Nai
1.4,"Tỷ lệ hộ cận nghèo theo chuẩn nghèo đa chiều phân theo dân tộc, thành thị, nông thôn và theo vùng, địa phương",rate_percent,2024,0.02,old_63,75,Đồng Nai
1.4,"Tỷ lệ hộ cận nghèo theo chuẩn nghèo đa chiều phân theo dân tộc, thành thị, nông thôn và theo vùng, địa phương",rate_percent,2016,1.95,old_63,77,Bà Rịa - Vũng Tàu
1.4,"Tỷ lệ hộ cận nghèo theo chuẩn nghèo đa chiều phân theo dân tộc, thành thị, nông thôn và theo vùng, địa phương",rate_percent,2017,1.12,old_63,77,Bà Rịa - Vũng Tàu
1.4,"Tỷ lệ hộ cận nghèo theo chuẩn nghèo đa chiều phân theo dân tộc, thành thị, nông thôn và theo vùng, địa phương",rate_percent,2018,0.82,old_63,77,Bà Rịa - Vũng Tàu
1.4,"Tỷ lệ hộ cận nghèo theo chuẩn nghèo đa chiều phân theo dân tộc, thành thị, nông thôn và theo vùng, địa phương",rate_percent,2019,0.4,old_63,77,Bà Rịa - Vũng Tàu
1.4,"Tỷ lệ hộ cận nghèo theo chuẩn nghèo đa chiều phân theo dân tộc, thành thị, nông thôn và theo vùng, địa phương",rate_percent,2020,0.23,old_63,77,Bà Rịa - Vũng Tàu
1.4,"Tỷ lệ hộ cận nghèo theo chuẩn nghèo đa chiều phân theo dân tộc, thành thị, nông thôn và theo vùng, địa phương",rate_percent,2021,0.475057174,old_63,77,Bà Rịa - Vũng Tàu
1.4,"Tỷ lệ hộ cận nghèo theo chuẩn nghèo đa chiều phân theo dân tộc, thành thị, nông thôn và theo vùng, địa phương",rate_percent,2022,0,old_63,77,Bà Rịa - Vũng Tàu
1.4,"Tỷ lệ hộ cận nghèo theo chuẩn nghèo đa chiều phân theo dân tộc, thành thị, nông thôn và theo vùng, địa phương",rate_percent,2023,0,old_63,77,Bà Rịa - Vũng Tàu
1.4,"Tỷ lệ hộ cận nghèo theo chuẩn nghèo đa chiều phân theo dân tộc, thành thị, nông thôn và theo vùng, địa phương",rate_percent,2024,0,old_63,77,Bà Rịa - Vũng Tàu
1.4,"Tỷ lệ hộ cận nghèo theo chuẩn nghèo đa chiều phân theo dân tộc, thành thị, nông thôn và theo vùng, địa phương",rate_percent,2016,0.2,old_63,79,TP. Hồ Chí Minh
1.4,"Tỷ lệ hộ cận nghèo theo chuẩn nghèo đa chiều phân theo dân tộc, thành thị, nông thôn và theo vùng, địa phương",rate_percent,2017,0,old_63,79,TP. Hồ Chí Minh
1.4,"Tỷ lệ hộ cận nghèo theo chuẩn nghèo đa chiều phân theo dân tộc, thành thị, nông thôn và theo vùng, địa phương",rate_percent,2018,0,old_63,79,TP. Hồ Chí Minh
1.4,"Tỷ lệ hộ cận nghèo theo chuẩn nghèo đa chiều phân theo dân tộc, thành thị, nông thôn và theo vùng, địa phương",rate_percent,2019,0,old_63,79,TP. Hồ Chí Minh
1.4,"Tỷ lệ hộ cận nghèo theo chuẩn nghèo đa chiều phân theo dân tộc, thành thị, nông thôn và theo vùng, địa phương",rate_percent,2020,0,old_63,79,TP. Hồ Chí Minh
1.4,"Tỷ lệ hộ cận nghèo theo chuẩn nghèo đa chiều phân theo dân tộc, thành thị, nông thôn và theo vùng, địa phương",rate_percent,2021,0.032743154,old_63,79,TP. Hồ Chí Minh
1.4,"Tỷ lệ hộ cận nghèo theo chuẩn nghèo đa chiều phân theo dân tộc, thành thị, nông thôn và theo vùng, địa phương",rate_percent,2022,0,old_63,79,TP. Hồ Chí Minh
1.4,"Tỷ lệ hộ cận nghèo theo chuẩn nghèo đa chiều phân theo dân tộc, thành thị, nông thôn và theo vùng, địa phương",rate_percent,2023,0,old_63,79,TP. Hồ Chí Minh
1.4,"Tỷ lệ hộ cận nghèo theo chuẩn nghèo đa chiều phân theo dân tộc, thành thị, nông thôn và theo vùng, địa phương",rate_percent,2024,0,old_63,79,TP. Hồ Chí Minh
1.4,"Tỷ lệ hộ cận nghèo theo chuẩn nghèo đa chiều phân theo dân tộc, thành thị, nông thôn và theo vùng, địa phương",rate_percent,2016,3.78,old_63,80,Long An
1.4,"Tỷ lệ hộ cận nghèo theo chuẩn nghèo đa chiều phân theo dân tộc, thành thị, nông thôn và theo vùng, địa phương",rate_percent,2017,3.7,old_63,80,Long An
1.4,"Tỷ lệ hộ cận nghèo theo chuẩn nghèo đa chiều phân theo dân tộc, thành thị, nông thôn và theo vùng, địa phương",rate_percent,2018,3.41,old_63,80,Long An
1.4,"Tỷ lệ hộ cận nghèo theo chuẩn nghèo đa chiều phân theo dân tộc, thành thị, nông thôn và theo vùng, địa phương",rate_percent,2019,2.71,old_63,80,Long An
1.4,"Tỷ lệ hộ cận nghèo theo chuẩn nghèo đa chiều phân theo dân tộc, thành thị, nông thôn và theo vùng, địa phương",rate_percent,2020,2.55,old_63,80,Long An
1.4,"Tỷ lệ hộ cận nghèo theo chuẩn nghèo đa chiều phân theo dân tộc, thành thị, nông thôn và theo vùng, địa phương",rate_percent,2021,2.415601962,old_63,80,Long An
1.4,"Tỷ lệ hộ cận nghèo theo chuẩn nghèo đa chiều phân theo dân tộc, thành thị, nông thôn và theo vùng, địa phương",rate_percent,2022,2.287141994,old_63,80,Long An
1.4,"Tỷ lệ hộ cận nghèo theo chuẩn nghèo đa chiều phân theo dân tộc, thành thị, nông thôn và theo vùng, địa phương",rate_percent,2023,1.86,old_63,80,Long An
1.4,"Tỷ lệ hộ cận nghèo theo chuẩn nghèo đa chiều phân theo dân tộc, thành thị, nông thôn và theo vùng, địa phương",rate_percent,2024,1.52,old_63,80,Long An
1.4,"Tỷ lệ hộ cận nghèo theo chuẩn nghèo đa chiều phân theo dân tộc, thành thị, nông thôn và theo vùng, địa phương",rate_percent,2016,3.77,old_63,82,Tiền Giang
1.4,"Tỷ lệ hộ cận nghèo theo chuẩn nghèo đa chiều phân theo dân tộc, thành thị, nông thôn và theo vùng, địa phương",rate_percent,2017,3.9,old_63,82,Tiền Giang
1.4,"Tỷ lệ hộ cận nghèo theo chuẩn nghèo đa chiều phân theo dân tộc, thành thị, nông thôn và theo vùng, địa phương",rate_percent,2018,3.81,old_63,82,Tiền Giang
1.4,"Tỷ lệ hộ cận nghèo theo chuẩn nghèo đa chiều phân theo dân tộc, thành thị, nông thôn và theo vùng, địa phương",rate_percent,2019,3.52,old_63,82,Tiền Giang
1.4,"Tỷ lệ hộ cận nghèo theo chuẩn nghèo đa chiều phân theo dân tộc, thành thị, nông thôn và theo vùng, địa phương",rate_percent,2020,3.32,old_63,82,Tiền Giang
1.4,"Tỷ lệ hộ cận nghèo theo chuẩn nghèo đa chiều phân theo dân tộc, thành thị, nông thôn và theo vùng, địa phương",rate_percent,2021,3.184415153,old_63,82,Tiền Giang
1.4,"Tỷ lệ hộ cận nghèo theo chuẩn nghèo đa chiều phân theo dân tộc, thành thị, nông thôn và theo vùng, địa phương",rate_percent,2022,2.014021896,old_63,82,Tiền Giang
1.4,"Tỷ lệ hộ cận nghèo theo chuẩn nghèo đa chiều phân theo dân tộc, thành thị, nông thôn và theo vùng, địa phương",rate_percent,2023,1.71,old_63,82,Tiền Giang
1.4,"Tỷ lệ hộ cận nghèo theo chuẩn nghèo đa chiều phân theo dân tộc, thành thị, nông thôn và theo vùng, địa phương",rate_percent,2024,1.49,old_63,82,Tiền Giang
1.4,"Tỷ lệ hộ cận nghèo theo chuẩn nghèo đa chiều phân theo dân tộc, thành thị, nông thôn và theo vùng, địa phương",rate_percent,2016,4.64,old_63,83,Bến Tre
1.4,"Tỷ lệ hộ cận nghèo theo chuẩn nghèo đa chiều phân theo dân tộc, thành thị, nông thôn và theo vùng, địa phương",rate_percent,2017,4.65,old_63,83,Bến Tre
1.4,"Tỷ lệ hộ cận nghèo theo chuẩn nghèo đa chiều phân theo dân tộc, thành thị, nông thôn và theo vùng, địa phương",rate_percent,2018,4.58,old_63,83,Bến Tre
1.4,"Tỷ lệ hộ cận nghèo theo chuẩn nghèo đa chiều phân theo dân tộc, thành thị, nông thôn và theo vùng, địa phương",rate_percent,2019,4.13,old_63,83,Bến Tre
1.4,"Tỷ lệ hộ cận nghèo theo chuẩn nghèo đa chiều phân theo dân tộc, thành thị, nông thôn và theo vùng, địa phương",rate_percent,2020,3.87,old_63,83,Bến Tre
1.4,"Tỷ lệ hộ cận nghèo theo chuẩn nghèo đa chiều phân theo dân tộc, thành thị, nông thôn và theo vùng, địa phương",rate_percent,2021,4.248232192,old_63,83,Bến Tre
1.4,"Tỷ lệ hộ cận nghèo theo chuẩn nghèo đa chiều phân theo dân tộc, thành thị, nông thôn và theo vùng, địa phương",rate_percent,2022,3.657335072,old_63,83,Bến Tre
1.4,"Tỷ lệ hộ cận nghèo theo chuẩn nghèo đa chiều phân theo dân tộc, thành thị, nông thôn và theo vùng, địa phương",rate_percent,2023,2.59,old_63,83,Bến Tre
1.4,"Tỷ lệ hộ cận nghèo theo chuẩn nghèo đa chiều phân theo dân tộc, thành thị, nông thôn và theo vùng, địa phương",rate_percent,2024,2.23,old_63,83,Bến Tre
1.4,"Tỷ lệ hộ cận nghèo theo chuẩn nghèo đa chiều phân theo dân tộc, thành thị, nông thôn và theo vùng, địa phương",rate_percent,2016,8.38,old_63,84,Trà Vinh
1.4,"Tỷ lệ hộ cận nghèo theo chuẩn nghèo đa chiều phân theo dân tộc, thành thị, nông thôn và theo vùng, địa phương",rate_percent,2017,8.68,old_63,84,Trà Vinh
1.4,"Tỷ lệ hộ cận nghèo theo chuẩn nghèo đa chiều phân theo dân tộc, thành thị, nông thôn và theo vùng, địa phương",rate_percent,2018,8.36,old_63,84,Trà Vinh
1.4,"Tỷ lệ hộ cận nghèo theo chuẩn nghèo đa chiều phân theo dân tộc, thành thị, nông thôn và theo vùng, địa phương",rate_percent,2019,6.8,old_63,84,Trà Vinh
1.4,"Tỷ lệ hộ cận nghèo theo chuẩn nghèo đa chiều phân theo dân tộc, thành thị, nông thôn và theo vùng, địa phương",rate_percent,2020,5.76,old_63,84,Trà Vinh
1.4,"Tỷ lệ hộ cận nghèo theo chuẩn nghèo đa chiều phân theo dân tộc, thành thị, nông thôn và theo vùng, địa phương",rate_percent,2021,6.002650023,old_63,84,Trà Vinh
1.4,"Tỷ lệ hộ cận nghèo theo chuẩn nghèo đa chiều phân theo dân tộc, thành thị, nông thôn và theo vùng, địa phương",rate_percent,2022,3.803600952,old_63,84,Trà Vinh
1.4,"Tỷ lệ hộ cận nghèo theo chuẩn nghèo đa chiều phân theo dân tộc, thành thị, nông thôn và theo vùng, địa phương",rate_percent,2023,2.35,old_63,84,Trà Vinh
1.4,"Tỷ lệ hộ cận nghèo theo chuẩn nghèo đa chiều phân theo dân tộc, thành thị, nông thôn và theo vùng, địa phương",rate_percent,2024,1.84,old_63,84,Trà Vinh
1.4,"Tỷ lệ hộ cận nghèo theo chuẩn nghèo đa chiều phân theo dân tộc, thành thị, nông thôn và theo vùng, địa phương",rate_percent,2016,4.54,old_63,86,Vĩnh Long
1.4,"Tỷ lệ hộ cận nghèo theo chuẩn nghèo đa chiều phân theo dân tộc, thành thị, nông thôn và theo vùng, địa phương",rate_percent,2017,4.62,old_63,86,Vĩnh Long
1.4,"Tỷ lệ hộ cận nghèo theo chuẩn nghèo đa chiều phân theo dân tộc, thành thị, nông thôn và theo vùng, địa phương",rate_percent,2018,4.49,old_63,86,Vĩnh Long
1.4,"Tỷ lệ hộ cận nghèo theo chuẩn nghèo đa chiều phân theo dân tộc, thành thị, nông thôn và theo vùng, địa phương",rate_percent,2019,4.02,old_63,86,Vĩnh Long
1.4,"Tỷ lệ hộ cận nghèo theo chuẩn nghèo đa chiều phân theo dân tộc, thành thị, nông thôn và theo vùng, địa phương",rate_percent,2020,3.52,old_63,86,Vĩnh Long
1.4,"Tỷ lệ hộ cận nghèo theo chuẩn nghèo đa chiều phân theo dân tộc, thành thị, nông thôn và theo vùng, địa phương",rate_percent,2021,3.555795713,old_63,86,Vĩnh Long
1.4,"Tỷ lệ hộ cận nghèo theo chuẩn nghèo đa chiều phân theo dân tộc, thành thị, nông thôn và theo vùng, địa phương",rate_percent,2022,2.930411596,old_63,86,Vĩnh Long
1.4,"Tỷ lệ hộ cận nghèo theo chuẩn nghèo đa chiều phân theo dân tộc, thành thị, nông thôn và theo vùng, địa phương",rate_percent,2023,2.4,old_63,86,Vĩnh Long
1.4,"Tỷ lệ hộ cận nghèo theo chuẩn nghèo đa chiều phân theo dân tộc, thành thị, nông thôn và theo vùng, địa phương",rate_percent,2024,2.06,old_63,86,Vĩnh Long
1.4,"Tỷ lệ hộ cận nghèo theo chuẩn nghèo đa chiều phân theo dân tộc, thành thị, nông thôn và theo vùng, địa phương",rate_percent,2016,3.21,old_63,92,Cần Thơ
1.4,"Tỷ lệ hộ cận nghèo theo chuẩn nghèo đa chiều phân theo dân tộc, thành thị, nông thôn và theo vùng, địa phương",rate_percent,2017,3.54,old_63,92,Cần Thơ
1.4,"Tỷ lệ hộ cận nghèo theo chuẩn nghèo đa chiều phân theo dân tộc, thành thị, nông thôn và theo vùng, địa phương",rate_percent,2018,3.53,old_63,92,Cần Thơ
1.4,"Tỷ lệ hộ cận nghèo theo chuẩn nghèo đa chiều phân theo dân tộc, thành thị, nông thôn và theo vùng, địa phương",rate_percent,2019,2.89,old_63,92,Cần Thơ
1.4,"Tỷ lệ hộ cận nghèo theo chuẩn nghèo đa chiều phân theo dân tộc, thành thị, nông thôn và theo vùng, địa phương",rate_percent,2020,2.49,old_63,92,Cần Thơ
1.4,"Tỷ lệ hộ cận nghèo theo chuẩn nghèo đa chiều phân theo dân tộc, thành thị, nông thôn và theo vùng, địa phương",rate_percent,2021,2.511189144,old_63,92,Cần Thơ
1.4,"Tỷ lệ hộ cận nghèo theo chuẩn nghèo đa chiều phân theo dân tộc, thành thị, nông thôn và theo vùng, địa phương",rate_percent,2022,2.060705434,old_63,92,Cần Thơ
1.4,"Tỷ lệ hộ cận nghèo theo chuẩn nghèo đa chiều phân theo dân tộc, thành thị, nông thôn và theo vùng, địa phương",rate_percent,2023,1.59,old_63,92,Cần Thơ
1.4,"Tỷ lệ hộ cận nghèo theo chuẩn nghèo đa chiều phân theo dân tộc, thành thị, nông thôn và theo vùng, địa phương",rate_percent,2024,1.26,old_63,92,Cần Thơ
1.4,"Tỷ lệ hộ cận nghèo theo chuẩn nghèo đa chiều phân theo dân tộc, thành thị, nông thôn và theo vùng, địa phương",rate_percent,2016,5.28,old_63,93,Hậu Giang
1.4,"Tỷ lệ hộ cận nghèo theo chuẩn nghèo đa chiều phân theo dân tộc, thành thị, nông thôn và theo vùng, địa phương",rate_percent,2017,5.94,old_63,93,Hậu Giang
1.4,"Tỷ lệ hộ cận nghèo theo chuẩn nghèo đa chiều phân theo dân tộc, thành thị, nông thôn và theo vùng, địa phương",rate_percent,2018,5.02,old_63,93,Hậu Giang
1.4,"Tỷ lệ hộ cận nghèo theo chuẩn nghèo đa chiều phân theo dân tộc, thành thị, nông thôn và theo vùng, địa phương",rate_percent,2019,4.36,old_63,93,Hậu Giang
1.4,"Tỷ lệ hộ cận nghèo theo chuẩn nghèo đa chiều phân theo dân tộc, thành thị, nông thôn và theo vùng, địa phương",rate_percent,2020,3.56,old_63,93,Hậu Giang
1.4,"Tỷ lệ hộ cận nghèo theo chuẩn nghèo đa chiều phân theo dân tộc, thành thị, nông thôn và theo vùng, địa phương",rate_percent,2021,3.89,old_63,93,Hậu Giang
1.4,"Tỷ lệ hộ cận nghèo theo chuẩn nghèo đa chiều phân theo dân tộc, thành thị, nông thôn và theo vùng, địa phương",rate_percent,2022,3.690304627,old_63,93,Hậu Giang
1.4,"Tỷ lệ hộ cận nghèo theo chuẩn nghèo đa chiều phân theo dân tộc, thành thị, nông thôn và theo vùng, địa phương",rate_percent,2023,3.36,old_63,93,Hậu Giang
1.4,"Tỷ lệ hộ cận nghèo theo chuẩn nghèo đa chiều phân theo dân tộc, thành thị, nông thôn và theo vùng, địa phương",rate_percent,2024,3.26,old_63,93,Hậu Giang
1.4,"Tỷ lệ hộ cận nghèo theo chuẩn nghèo đa chiều phân theo dân tộc, thành thị, nông thôn và theo vùng, địa phương",rate_percent,2016,11.85,old_63,94,Sóc Trăng
1.4,"Tỷ lệ hộ cận nghèo theo chuẩn nghèo đa chiều phân theo dân tộc, thành thị, nông thôn và theo vùng, địa phương",rate_percent,2017,12.63,old_63,94,Sóc Trăng
1.4,"Tỷ lệ hộ cận nghèo theo chuẩn nghèo đa chiều phân theo dân tộc, thành thị, nông thôn và theo vùng, địa phương",rate_percent,2018,11.87,old_63,94,Sóc Trăng
1.4,"Tỷ lệ hộ cận nghèo theo chuẩn nghèo đa chiều phân theo dân tộc, thành thị, nông thôn và theo vùng, địa phương",rate_percent,2019,11.23,old_63,94,Sóc Trăng
1.4,"Tỷ lệ hộ cận nghèo theo chuẩn nghèo đa chiều phân theo dân tộc, thành thị, nông thôn và theo vùng, địa phương",rate_percent,2020,8.96,old_63,94,Sóc Trăng
1.4,"Tỷ lệ hộ cận nghèo theo chuẩn nghèo đa chiều phân theo dân tộc, thành thị, nông thôn và theo vùng, địa phương",rate_percent,2021,8.940176587,old_63,94,Sóc Trăng
1.4,"Tỷ lệ hộ cận nghèo theo chuẩn nghèo đa chiều phân theo dân tộc, thành thị, nông thôn và theo vùng, địa phương",rate_percent,2022,7.865010265,old_63,94,Sóc Trăng
1.4,"Tỷ lệ hộ cận nghèo theo chuẩn nghèo đa chiều phân theo dân tộc, thành thị, nông thôn và theo vùng, địa phương",rate_percent,2023,6.46,old_63,94,Sóc Trăng
1.4,"Tỷ lệ hộ cận nghèo theo chuẩn nghèo đa chiều phân theo dân tộc, thành thị, nông thôn và theo vùng, địa phương",rate_percent,2024,5.08,old_63,94,Sóc Trăng
1.4,"Tỷ lệ hộ cận nghèo theo chuẩn nghèo đa chiều phân theo dân tộc, thành thị, nông thôn và theo vùng, địa phương",rate_percent,2016,6.04,old_63,89,An Giang
1.4,"Tỷ lệ hộ cận nghèo theo chuẩn nghèo đa chiều phân theo dân tộc, thành thị, nông thôn và theo vùng, địa phương",rate_percent,2017,6.04,old_63,89,An Giang
1.4,"Tỷ lệ hộ cận nghèo theo chuẩn nghèo đa chiều phân theo dân tộc, thành thị, nông thôn và theo vùng, địa phương",rate_percent,2018,5.82,old_63,89,An Giang
1.4,"Tỷ lệ hộ cận nghèo theo chuẩn nghèo đa chiều phân theo dân tộc, thành thị, nông thôn và theo vùng, địa phương",rate_percent,2019,5.45,old_63,89,An Giang
1.4,"Tỷ lệ hộ cận nghèo theo chuẩn nghèo đa chiều phân theo dân tộc, thành thị, nông thôn và theo vùng, địa phương",rate_percent,2020,4.94,old_63,89,An Giang
1.4,"Tỷ lệ hộ cận nghèo theo chuẩn nghèo đa chiều phân theo dân tộc, thành thị, nông thôn và theo vùng, địa phương",rate_percent,2021,5.931037097,old_63,89,An Giang
1.4,"Tỷ lệ hộ cận nghèo theo chuẩn nghèo đa chiều phân theo dân tộc, thành thị, nông thôn và theo vùng, địa phương",rate_percent,2022,4.609802972,old_63,89,An Giang
1.4,"Tỷ lệ hộ cận nghèo theo chuẩn nghèo đa chiều phân theo dân tộc, thành thị, nông thôn và theo vùng, địa phương",rate_percent,2023,3.61,old_63,89,An Giang
1.4,"Tỷ lệ hộ cận nghèo theo chuẩn nghèo đa chiều phân theo dân tộc, thành thị, nông thôn và theo vùng, địa phương",rate_percent,2024,3.08,old_63,89,An Giang
1.4,"Tỷ lệ hộ cận nghèo theo chuẩn nghèo đa chiều phân theo dân tộc, thành thị, nông thôn và theo vùng, địa phương",rate_percent,2016,5.72,old_63,87,Đồng Tháp
1.4,"Tỷ lệ hộ cận nghèo theo chuẩn nghèo đa chiều phân theo dân tộc, thành thị, nông thôn và theo vùng, địa phương",rate_percent,2017,6.04,old_63,87,Đồng Tháp
1.4,"Tỷ lệ hộ cận nghèo theo chuẩn nghèo đa chiều phân theo dân tộc, thành thị, nông thôn và theo vùng, địa phương",rate_percent,2018,6.1,old_63,87,Đồng Tháp
1.4,"Tỷ lệ hộ cận nghèo theo chuẩn nghèo đa chiều phân theo dân tộc, thành thị, nông thôn và theo vùng, địa phương",rate_percent,2019,5.5,old_63,87,Đồng Tháp
1.4,"Tỷ lệ hộ cận nghèo theo chuẩn nghèo đa chiều phân theo dân tộc, thành thị, nông thôn và theo vùng, địa phương",rate_percent,2020,4.94,old_63,87,Đồng Tháp
1.4,"Tỷ lệ hộ cận nghèo theo chuẩn nghèo đa chiều phân theo dân tộc, thành thị, nông thôn và theo vùng, địa phương",rate_percent,2021,5.092969568,old_63,87,Đồng Tháp
1.4,"Tỷ lệ hộ cận nghèo theo chuẩn nghèo đa chiều phân theo dân tộc, thành thị, nông thôn và theo vùng, địa phương",rate_percent,2022,3.232029362,old_63,87,Đồng Tháp
1.4,"Tỷ lệ hộ cận nghèo theo chuẩn nghèo đa chiều phân theo dân tộc, thành thị, nông thôn và theo vùng, địa phương",rate_percent,2023,2.31,old_63,87,Đồng Tháp
1.4,"Tỷ lệ hộ cận nghèo theo chuẩn nghèo đa chiều phân theo dân tộc, thành thị, nông thôn và theo vùng, địa phương",rate_percent,2024,1.81,old_63,87,Đồng Tháp
1.4,"Tỷ lệ hộ cận nghèo theo chuẩn nghèo đa chiều phân theo dân tộc, thành thị, nông thôn và theo vùng, địa phương",rate_percent,2016,4.52,old_63,91,Kiên Giang
1.4,"Tỷ lệ hộ cận nghèo theo chuẩn nghèo đa chiều phân theo dân tộc, thành thị, nông thôn và theo vùng, địa phương",rate_percent,2017,4.8,old_63,91,Kiên Giang
1.4,"Tỷ lệ hộ cận nghèo theo chuẩn nghèo đa chiều phân theo dân tộc, thành thị, nông thôn và theo vùng, địa phương",rate_percent,2018,4.68,old_63,91,Kiên Giang
1.4,"Tỷ lệ hộ cận nghèo theo chuẩn nghèo đa chiều phân theo dân tộc, thành thị, nông thôn và theo vùng, địa phương",rate_percent,2019,4.59,old_63,91,Kiên Giang
1.4,"Tỷ lệ hộ cận nghèo theo chuẩn nghèo đa chiều phân theo dân tộc, thành thị, nông thôn và theo vùng, địa phương",rate_percent,2020,4.21,old_63,91,Kiên Giang
1.4,"Tỷ lệ hộ cận nghèo theo chuẩn nghèo đa chiều phân theo dân tộc, thành thị, nông thôn và theo vùng, địa phương",rate_percent,2021,4.227413783,old_63,91,Kiên Giang
1.4,"Tỷ lệ hộ cận nghèo theo chuẩn nghèo đa chiều phân theo dân tộc, thành thị, nông thôn và theo vùng, địa phương",rate_percent,2022,3.175458753,old_63,91,Kiên Giang
1.4,"Tỷ lệ hộ cận nghèo theo chuẩn nghèo đa chiều phân theo dân tộc, thành thị, nông thôn và theo vùng, địa phương",rate_percent,2023,2.23,old_63,91,Kiên Giang
1.4,"Tỷ lệ hộ cận nghèo theo chuẩn nghèo đa chiều phân theo dân tộc, thành thị, nông thôn và theo vùng, địa phương",rate_percent,2024,1.78,old_63,91,Kiên Giang
1.4,"Tỷ lệ hộ cận nghèo theo chuẩn nghèo đa chiều phân theo dân tộc, thành thị, nông thôn và theo vùng, địa phương",rate_percent,2016,6.86,old_63,95,Bạc Liêu
1.4,"Tỷ lệ hộ cận nghèo theo chuẩn nghèo đa chiều phân theo dân tộc, thành thị, nông thôn và theo vùng, địa phương",rate_percent,2017,6.64,old_63,95,Bạc Liêu
1.4,"Tỷ lệ hộ cận nghèo theo chuẩn nghèo đa chiều phân theo dân tộc, thành thị, nông thôn và theo vùng, địa phương",rate_percent,2018,5.58,old_63,95,Bạc Liêu
1.4,"Tỷ lệ hộ cận nghèo theo chuẩn nghèo đa chiều phân theo dân tộc, thành thị, nông thôn và theo vùng, địa phương",rate_percent,2019,4.17,old_63,95,Bạc Liêu
1.4,"Tỷ lệ hộ cận nghèo theo chuẩn nghèo đa chiều phân theo dân tộc, thành thị, nông thôn và theo vùng, địa phương",rate_percent,2020,2.33,old_63,95,Bạc Liêu
1.4,"Tỷ lệ hộ cận nghèo theo chuẩn nghèo đa chiều phân theo dân tộc, thành thị, nông thôn và theo vùng, địa phương",rate_percent,2021,6.65,old_63,95,Bạc Liêu
1.4,"Tỷ lệ hộ cận nghèo theo chuẩn nghèo đa chiều phân theo dân tộc, thành thị, nông thôn và theo vùng, địa phương",rate_percent,2022,5.315044817,old_63,95,Bạc Liêu
1.4,"Tỷ lệ hộ cận nghèo theo chuẩn nghèo đa chiều phân theo dân tộc, thành thị, nông thôn và theo vùng, địa phương",rate_percent,2023,3.04,old_63,95,Bạc Liêu
1.4,"Tỷ lệ hộ cận nghèo theo chuẩn nghèo đa chiều phân theo dân tộc, thành thị, nông thôn và theo vùng, địa phương",rate_percent,2024,1.86,old_63,95,Bạc Liêu
1.4,"Tỷ lệ hộ cận nghèo theo chuẩn nghèo đa chiều phân theo dân tộc, thành thị, nông thôn và theo vùng, địa phương",rate_percent,2016,3.83,old_63,96,Cà Mau
1.4,"Tỷ lệ hộ cận nghèo theo chuẩn nghèo đa chiều phân theo dân tộc, thành thị, nông thôn và theo vùng, địa phương",rate_percent,2017,3.52,old_63,96,Cà Mau
1.4,"Tỷ lệ hộ cận nghèo theo chuẩn nghèo đa chiều phân theo dân tộc, thành thị, nông thôn và theo vùng, địa phương",rate_percent,2018,2.69,old_63,96,Cà Mau
1.4,"Tỷ lệ hộ cận nghèo theo chuẩn nghèo đa chiều phân theo dân tộc, thành thị, nông thôn và theo vùng, địa phương",rate_percent,2019,2.06,old_63,96,Cà Mau
1.4,"Tỷ lệ hộ cận nghèo theo chuẩn nghèo đa chiều phân theo dân tộc, thành thị, nông thôn và theo vùng, địa phương",rate_percent,2020,1.81,old_63,96,Cà Mau
1.4,"Tỷ lệ hộ cận nghèo theo chuẩn nghèo đa chiều phân theo dân tộc, thành thị, nông thôn và theo vùng, địa phương",rate_percent,2021,2.27,old_63,96,Cà Mau
1.4,"Tỷ lệ hộ cận nghèo theo chuẩn nghèo đa chiều phân theo dân tộc, thành thị, nông thôn và theo vùng, địa phương",rate_percent,2022,1.858391239,old_63,96,Cà Mau
1.4,"Tỷ lệ hộ cận nghèo theo chuẩn nghèo đa chiều phân theo dân tộc, thành thị, nông thôn và theo vùng, địa phương",rate_percent,2023,1.56,old_63,96,Cà Mau
1.4,"Tỷ lệ hộ cận nghèo theo chuẩn nghèo đa chiều phân theo dân tộc, thành thị, nông thôn và theo vùng, địa phương",rate_percent,2024,1.26,old_63,96,Cà Mau
1.4.M,"Tỷ lệ hộ cận nghèo theo chuẩn nghèo đa chiều phân theo dân tộc, thành thị, nông thôn và theo vùng, địa phương",rate_percent,2016,0.41,new_34,1,Hà Nội
1.4.M,"Tỷ lệ hộ cận nghèo theo chuẩn nghèo đa chiều phân theo dân tộc, thành thị, nông thôn và theo vùng, địa phương",rate_percent,2017,0.42,new_34,1,Hà Nội
1.4.M,"Tỷ lệ hộ cận nghèo theo chuẩn nghèo đa chiều phân theo dân tộc, thành thị, nông thôn và theo vùng, địa phương",rate_percent,2018,0.37,new_34,1,Hà Nội
1.4.M,"Tỷ lệ hộ cận nghèo theo chuẩn nghèo đa chiều phân theo dân tộc, thành thị, nông thôn và theo vùng, địa phương",rate_percent,2019,0.19,new_34,1,Hà Nội
1.4.M,"Tỷ lệ hộ cận nghèo theo chuẩn nghèo đa chiều phân theo dân tộc, thành thị, nông thôn và theo vùng, địa phương",rate_percent,2020,0.08,new_34,1,Hà Nội
1.4.M,"Tỷ lệ hộ cận nghèo theo chuẩn nghèo đa chiều phân theo dân tộc, thành thị, nông thôn và theo vùng, địa phương",rate_percent,2021,0.08982481,new_34,1,Hà Nội
1.4.M,"Tỷ lệ hộ cận nghèo theo chuẩn nghèo đa chiều phân theo dân tộc, thành thị, nông thôn và theo vùng, địa phương",rate_percent,2022,0.079648011,new_34,1,Hà Nội
1.4.M,"Tỷ lệ hộ cận nghèo theo chuẩn nghèo đa chiều phân theo dân tộc, thành thị, nông thôn và theo vùng, địa phương",rate_percent,2023,0.05,new_34,1,Hà Nội
1.4.M,"Tỷ lệ hộ cận nghèo theo chuẩn nghèo đa chiều phân theo dân tộc, thành thị, nông thôn và theo vùng, địa phương",rate_percent,2024,0.04,new_34,1,Hà Nội
1.4.M,"Tỷ lệ hộ cận nghèo theo chuẩn nghèo đa chiều phân theo dân tộc, thành thị, nông thôn và theo vùng, địa phương",rate_percent,2016,5.6,new_34,24,Bắc Ninh
1.4.M,"Tỷ lệ hộ cận nghèo theo chuẩn nghèo đa chiều phân theo dân tộc, thành thị, nông thôn và theo vùng, địa phương",rate_percent,2017,5.22,new_34,24,Bắc Ninh
1.4.M,"Tỷ lệ hộ cận nghèo theo chuẩn nghèo đa chiều phân theo dân tộc, thành thị, nông thôn và theo vùng, địa phương",rate_percent,2018,4.615,new_34,24,Bắc Ninh
1.4.M,"Tỷ lệ hộ cận nghèo theo chuẩn nghèo đa chiều phân theo dân tộc, thành thị, nông thôn và theo vùng, địa phương",rate_percent,2019,3.98,new_34,24,Bắc Ninh
1.4.M,"Tỷ lệ hộ cận nghèo theo chuẩn nghèo đa chiều phân theo dân tộc, thành thị, nông thôn và theo vùng, địa phương",rate_percent,2020,1.69,new_34,24,Bắc Ninh
1.4.M,"Tỷ lệ hộ cận nghèo theo chuẩn nghèo đa chiều phân theo dân tộc, thành thị, nông thôn và theo vùng, địa phương",rate_percent,2021,3.396045572,new_34,24,Bắc Ninh
1.4.M,"Tỷ lệ hộ cận nghèo theo chuẩn nghèo đa chiều phân theo dân tộc, thành thị, nông thôn và theo vùng, địa phương",rate_percent,2022,2.789203372,new_34,24,Bắc Ninh
1.4.M,"Tỷ lệ hộ cận nghèo theo chuẩn nghèo đa chiều phân theo dân tộc, thành thị, nông thôn và theo vùng, địa phương",rate_percent,2023,2.21,new_34,24,Bắc Ninh
1.4.M,"Tỷ lệ hộ cận nghèo theo chuẩn nghèo đa chiều phân theo dân tộc, thành thị, nông thôn và theo vùng, địa phương",rate_percent,2024,1.715,new_34,24,Bắc Ninh
1.4.M,"Tỷ lệ hộ cận nghèo theo chuẩn nghèo đa chiều phân theo dân tộc, thành thị, nông thôn và theo vùng, địa phương",rate_percent,2016,3.23,new_34,22,Quảng Ninh
1.4.M,"Tỷ lệ hộ cận nghèo theo chuẩn nghèo đa chiều phân theo dân tộc, thành thị, nông thôn và theo vùng, địa phương",rate_percent,2017,3.01,new_34,22,Quảng Ninh
1.4.M,"Tỷ lệ hộ cận nghèo theo chuẩn nghèo đa chiều phân theo dân tộc, thành thị, nông thôn và theo vùng, địa phương",rate_percent,2018,2.42,new_34,22,Quảng Ninh
1.4.M,"Tỷ lệ hộ cận nghèo theo chuẩn nghèo đa chiều phân theo dân tộc, thành thị, nông thôn và theo vùng, địa phương",rate_percent,2019,1.64,new_34,22,Quảng Ninh
1.4.M,"Tỷ lệ hộ cận nghèo theo chuẩn nghèo đa chiều phân theo dân tộc, thành thị, nông thôn và theo vùng, địa phương",rate_percent,2020,1.71,new_34,22,Quảng Ninh
1.4.M,"Tỷ lệ hộ cận nghèo theo chuẩn nghèo đa chiều phân theo dân tộc, thành thị, nông thôn và theo vùng, địa phương",rate_percent,2021,1.475354957,new_34,22,Quảng Ninh
1.4.M,"Tỷ lệ hộ cận nghèo theo chuẩn nghèo đa chiều phân theo dân tộc, thành thị, nông thôn và theo vùng, địa phương",rate_percent,2022,0.635193444,new_34,22,Quảng Ninh
1.4.M,"Tỷ lệ hộ cận nghèo theo chuẩn nghèo đa chiều phân theo dân tộc, thành thị, nông thôn và theo vùng, địa phương",rate_percent,2023,0.24,new_34,22,Quảng Ninh
1.4.M,"Tỷ lệ hộ cận nghèo theo chuẩn nghèo đa chiều phân theo dân tộc, thành thị, nông thôn và theo vùng, địa phương",rate_percent,2024,0.006,new_34,22,Quảng Ninh
1.4.M,"Tỷ lệ hộ cận nghèo theo chuẩn nghèo đa chiều phân theo dân tộc, thành thị, nông thôn và theo vùng, địa phương",rate_percent,2016,3.59,new_34,31,Hải Phòng
1.4.M,"Tỷ lệ hộ cận nghèo theo chuẩn nghèo đa chiều phân theo dân tộc, thành thị, nông thôn và theo vùng, địa phương",rate_percent,2017,3.245,new_34,31,Hải Phòng
1.4.M,"Tỷ lệ hộ cận nghèo theo chuẩn nghèo đa chiều phân theo dân tộc, thành thị, nông thôn và theo vùng, địa phương",rate_percent,2018,2.88,new_34,31,Hải Phòng
1.4.M,"Tỷ lệ hộ cận nghèo theo chuẩn nghèo đa chiều phân theo dân tộc, thành thị, nông thôn và theo vùng, địa phương",rate_percent,2019,2.42,new_34,31,Hải Phòng
1.4.M,"Tỷ lệ hộ cận nghèo theo chuẩn nghèo đa chiều phân theo dân tộc, thành thị, nông thôn và theo vùng, địa phương",rate_percent,2020,1.86,new_34,31,Hải Phòng
1.4.M,"Tỷ lệ hộ cận nghèo theo chuẩn nghèo đa chiều phân theo dân tộc, thành thị, nông thôn và theo vùng, địa phương",rate_percent,2021,2.27121029,new_34,31,Hải Phòng
1.4.M,"Tỷ lệ hộ cận nghèo theo chuẩn nghèo đa chiều phân theo dân tộc, thành thị, nông thôn và theo vùng, địa phương",rate_percent,2022,1.817380365,new_34,31,Hải Phòng
1.4.M,"Tỷ lệ hộ cận nghèo theo chuẩn nghèo đa chiều phân theo dân tộc, thành thị, nông thôn và theo vùng, địa phương",rate_percent,2023,1.54,new_34,31,Hải Phòng
1.4.M,"Tỷ lệ hộ cận nghèo theo chuẩn nghèo đa chiều phân theo dân tộc, thành thị, nông thôn và theo vùng, địa phương",rate_percent,2024,1.115,new_34,31,Hải Phòng
1.4.M,"Tỷ lệ hộ cận nghèo theo chuẩn nghèo đa chiều phân theo dân tộc, thành thị, nông thôn và theo vùng, địa phương",rate_percent,2016,3.46,new_34,33,Hưng Yên
1.4.M,"Tỷ lệ hộ cận nghèo theo chuẩn nghèo đa chiều phân theo dân tộc, thành thị, nông thôn và theo vùng, địa phương",rate_percent,2017,3.265,new_34,33,Hưng Yên
1.4.M,"Tỷ lệ hộ cận nghèo theo chuẩn nghèo đa chiều phân theo dân tộc, thành thị, nông thôn và theo vùng, địa phương",rate_percent,2018,2.96,new_34,33,Hưng Yên
1.4.M,"Tỷ lệ hộ cận nghèo theo chuẩn nghèo đa chiều phân theo dân tộc, thành thị, nông thôn và theo vùng, địa phương",rate_percent,2019,2.6,new_34,33,Hưng Yên
1.4.M,"Tỷ lệ hộ cận nghèo theo chuẩn nghèo đa chiều phân theo dân tộc, thành thị, nông thôn và theo vùng, địa phương",rate_percent,2020,2.12,new_34,33,Hưng Yên
1.4.M,"Tỷ lệ hộ cận nghèo theo chuẩn nghèo đa chiều phân theo dân tộc, thành thị, nông thôn và theo vùng, địa phương",rate_percent,2021,2.519274985,new_34,33,Hưng Yên
1.4.M,"Tỷ lệ hộ cận nghèo theo chuẩn nghèo đa chiều phân theo dân tộc, thành thị, nông thôn và theo vùng, địa phương",rate_percent,2022,2.131509775,new_34,33,Hưng Yên
1.4.M,"Tỷ lệ hộ cận nghèo theo chuẩn nghèo đa chiều phân theo dân tộc, thành thị, nông thôn và theo vùng, địa phương",rate_percent,2023,1.63,new_34,33,Hưng Yên
1.4.M,"Tỷ lệ hộ cận nghèo theo chuẩn nghèo đa chiều phân theo dân tộc, thành thị, nông thôn và theo vùng, địa phương",rate_percent,2024,1.22,new_34,33,Hưng Yên
1.4.M,"Tỷ lệ hộ cận nghèo theo chuẩn nghèo đa chiều phân theo dân tộc, thành thị, nông thôn và theo vùng, địa phương",rate_percent,2016,5.8,new_34,37,Ninh Bình
1.4.M,"Tỷ lệ hộ cận nghèo theo chuẩn nghèo đa chiều phân theo dân tộc, thành thị, nông thôn và theo vùng, địa phương",rate_percent,2017,5.74,new_34,37,Ninh Bình
1.4.M,"Tỷ lệ hộ cận nghèo theo chuẩn nghèo đa chiều phân theo dân tộc, thành thị, nông thôn và theo vùng, địa phương",rate_percent,2018,5.193333333,new_34,37,Ninh Bình
1.4.M,"Tỷ lệ hộ cận nghèo theo chuẩn nghèo đa chiều phân theo dân tộc, thành thị, nông thôn và theo vùng, địa phương",rate_percent,2019,4.626666667,new_34,37,Ninh Bình
1.4.M,"Tỷ lệ hộ cận nghèo theo chuẩn nghèo đa chiều phân theo dân tộc, thành thị, nông thôn và theo vùng, địa phương",rate_percent,2020,3.683333333,new_34,37,Ninh Bình
1.4.M,"Tỷ lệ hộ cận nghèo theo chuẩn nghèo đa chiều phân theo dân tộc, thành thị, nông thôn và theo vùng, địa phương",rate_percent,2021,4.010130402,new_34,37,Ninh Bình
1.4.M,"Tỷ lệ hộ cận nghèo theo chuẩn nghèo đa chiều phân theo dân tộc, thành thị, nông thôn và theo vùng, địa phương",rate_percent,2022,2.97714158,new_34,37,Ninh Bình
1.4.M,"Tỷ lệ hộ cận nghèo theo chuẩn nghèo đa chiều phân theo dân tộc, thành thị, nông thôn và theo vùng, địa phương",rate_percent,2023,2.413333333,new_34,37,Ninh Bình
1.4.M,"Tỷ lệ hộ cận nghèo theo chuẩn nghèo đa chiều phân theo dân tộc, thành thị, nông thôn và theo vùng, địa phương",rate_percent,2024,2.01,new_34,37,Ninh Bình
1.4.M,"Tỷ lệ hộ cận nghèo theo chuẩn nghèo đa chiều phân theo dân tộc, thành thị, nông thôn và theo vùng, địa phương",rate_percent,2016,10.96,new_34,4,Cao Bằng
1.4.M,"Tỷ lệ hộ cận nghèo theo chuẩn nghèo đa chiều phân theo dân tộc, thành thị, nông thôn và theo vùng, địa phương",rate_percent,2017,12.57,new_34,4,Cao Bằng
1.4.M,"Tỷ lệ hộ cận nghèo theo chuẩn nghèo đa chiều phân theo dân tộc, thành thị, nông thôn và theo vùng, địa phương",rate_percent,2018,13.53,new_34,4,Cao Bằng
1.4.M,"Tỷ lệ hộ cận nghèo theo chuẩn nghèo đa chiều phân theo dân tộc, thành thị, nông thôn và theo vùng, địa phương",rate_percent,2019,14.53,new_34,4,Cao Bằng
1.4.M,"Tỷ lệ hộ cận nghèo theo chuẩn nghèo đa chiều phân theo dân tộc, thành thị, nông thôn và theo vùng, địa phương",rate_percent,2020,8.36,new_34,4,Cao Bằng
1.4.M,"Tỷ lệ hộ cận nghèo theo chuẩn nghèo đa chiều phân theo dân tộc, thành thị, nông thôn và theo vùng, địa phương",rate_percent,2021,13.32581999,new_34,4,Cao Bằng
1.4.M,"Tỷ lệ hộ cận nghèo theo chuẩn nghèo đa chiều phân theo dân tộc, thành thị, nông thôn và theo vùng, địa phương",rate_percent,2022,14.76369882,new_34,4,Cao Bằng
1.4.M,"Tỷ lệ hộ cận nghèo theo chuẩn nghèo đa chiều phân theo dân tộc, thành thị, nông thôn và theo vùng, địa phương",rate_percent,2023,15.22,new_34,4,Cao Bằng
1.4.M,"Tỷ lệ hộ cận nghèo theo chuẩn nghèo đa chiều phân theo dân tộc, thành thị, nông thôn và theo vùng, địa phương",rate_percent,2024,15.24,new_34,4,Cao Bằng
1.4.M,"Tỷ lệ hộ cận nghèo theo chuẩn nghèo đa chiều phân theo dân tộc, thành thị, nông thôn và theo vùng, địa phương",rate_percent,2016,11.98,new_34,8,Tuyên Quang
1.4.M,"Tỷ lệ hộ cận nghèo theo chuẩn nghèo đa chiều phân theo dân tộc, thành thị, nông thôn và theo vùng, địa phương",rate_percent,2017,13.34,new_34,8,Tuyên Quang
1.4.M,"Tỷ lệ hộ cận nghèo theo chuẩn nghèo đa chiều phân theo dân tộc, thành thị, nông thôn và theo vùng, địa phương",rate_percent,2018,13,new_34,8,Tuyên Quang
1.4.M,"Tỷ lệ hộ cận nghèo theo chuẩn nghèo đa chiều phân theo dân tộc, thành thị, nông thôn và theo vùng, địa phương",rate_percent,2019,13.95,new_34,8,Tuyên Quang
1.4.M,"Tỷ lệ hộ cận nghèo theo chuẩn nghèo đa chiều phân theo dân tộc, thành thị, nông thôn và theo vùng, địa phương",rate_percent,2020,7.83,new_34,8,Tuyên Quang
1.4.M,"Tỷ lệ hộ cận nghèo theo chuẩn nghèo đa chiều phân theo dân tộc, thành thị, nông thôn và theo vùng, địa phương",rate_percent,2021,10.43876072,new_34,8,Tuyên Quang
1.4.M,"Tỷ lệ hộ cận nghèo theo chuẩn nghèo đa chiều phân theo dân tộc, thành thị, nông thôn và theo vùng, địa phương",rate_percent,2022,10.16591709,new_34,8,Tuyên Quang
1.4.M,"Tỷ lệ hộ cận nghèo theo chuẩn nghèo đa chiều phân theo dân tộc, thành thị, nông thôn và theo vùng, địa phương",rate_percent,2023,9,new_34,8,Tuyên Quang
1.4.M,"Tỷ lệ hộ cận nghèo theo chuẩn nghèo đa chiều phân theo dân tộc, thành thị, nông thôn và theo vùng, địa phương",rate_percent,2024,7.86,new_34,8,Tuyên Quang
1.4.M,"Tỷ lệ hộ cận nghèo theo chuẩn nghèo đa chiều phân theo dân tộc, thành thị, nông thôn và theo vùng, địa phương",rate_percent,2016,10.42,new_34,15,Lào Cai
1.4.M,"Tỷ lệ hộ cận nghèo theo chuẩn nghèo đa chiều phân theo dân tộc, thành thị, nông thôn và theo vùng, địa phương",rate_percent,2017,10.37,new_34,15,Lào Cai
1.4.M,"Tỷ lệ hộ cận nghèo theo chuẩn nghèo đa chiều phân theo dân tộc, thành thị, nông thôn và theo vùng, địa phương",rate_percent,2018,10.58,new_34,15,Lào Cai
1.4.M,"Tỷ lệ hộ cận nghèo theo chuẩn nghèo đa chiều phân theo dân tộc, thành thị, nông thôn và theo vùng, địa phương",rate_percent,2019,9.665,new_34,15,Lào Cai
1.4.M,"Tỷ lệ hộ cận nghèo theo chuẩn nghèo đa chiều phân theo dân tộc, thành thị, nông thôn và theo vùng, địa phương",rate_percent,2020,8.185,new_34,15,Lào Cai
1.4.M,"Tỷ lệ hộ cận nghèo theo chuẩn nghèo đa chiều phân theo dân tộc, thành thị, nông thôn và theo vùng, địa phương",rate_percent,2021,10.39998698,new_34,15,Lào Cai
1.4.M,"Tỷ lệ hộ cận nghèo theo chuẩn nghèo đa chiều phân theo dân tộc, thành thị, nông thôn và theo vùng, địa phương",rate_percent,2022,8.812193718,new_34,15,Lào Cai
1.4.M,"Tỷ lệ hộ cận nghèo theo chuẩn nghèo đa chiều phân theo dân tộc, thành thị, nông thôn và theo vùng, địa phương",rate_percent,2023,7.08395081,new_34,15,Lào Cai
1.4.M,"Tỷ lệ hộ cận nghèo theo chuẩn nghèo đa chiều phân theo dân tộc, thành thị, nông thôn và theo vùng, địa phương",rate_percent,2024,6.465,new_34,15,Lào Cai
1.4.M,"Tỷ lệ hộ cận nghèo theo chuẩn nghèo đa chiều phân theo dân tộc, thành thị, nông thôn và theo vùng, địa phương",rate_percent,2016,10.845,new_34,19,Thái Nguyên
1.4.M,"Tỷ lệ hộ cận nghèo theo chuẩn nghèo đa chiều phân theo dân tộc, thành thị, nông thôn và theo vùng, địa phương",rate_percent,2017,10.51,new_34,19,Thái Nguyên
1.4.M,"Tỷ lệ hộ cận nghèo theo chuẩn nghèo đa chiều phân theo dân tộc, thành thị, nông thôn và theo vùng, địa phương",rate_percent,2018,9.74,new_34,19,Thái Nguyên
1.4.M,"Tỷ lệ hộ cận nghèo theo chuẩn nghèo đa chiều phân theo dân tộc, thành thị, nông thôn và theo vùng, địa phương",rate_percent,2019,8.9,new_34,19,Thái Nguyên
1.4.M,"Tỷ lệ hộ cận nghèo theo chuẩn nghèo đa chiều phân theo dân tộc, thành thị, nông thôn và theo vùng, địa phương",rate_percent,2020,4.78,new_34,19,Thái Nguyên
1.4.M,"Tỷ lệ hộ cận nghèo theo chuẩn nghèo đa chiều phân theo dân tộc, thành thị, nông thôn và theo vùng, địa phương",rate_percent,2021,7.177500387,new_34,19,Thái Nguyên
1.4.M,"Tỷ lệ hộ cận nghèo theo chuẩn nghèo đa chiều phân theo dân tộc, thành thị, nông thôn và theo vùng, địa phương",rate_percent,2022,6.318003469,new_34,19,Thái Nguyên
1.4.M,"Tỷ lệ hộ cận nghèo theo chuẩn nghèo đa chiều phân theo dân tộc, thành thị, nông thôn và theo vùng, địa phương",rate_percent,2023,5.96,new_34,19,Thái Nguyên
1.4.M,"Tỷ lệ hộ cận nghèo theo chuẩn nghèo đa chiều phân theo dân tộc, thành thị, nông thôn và theo vùng, địa phương",rate_percent,2024,5.785,new_34,19,Thái Nguyên
1.4.M,"Tỷ lệ hộ cận nghèo theo chuẩn nghèo đa chiều phân theo dân tộc, thành thị, nông thôn và theo vùng, địa phương",rate_percent,2016,12.05,new_34,20,Lạng Sơn
1.4.M,"Tỷ lệ hộ cận nghèo theo chuẩn nghèo đa chiều phân theo dân tộc, thành thị, nông thôn và theo vùng, địa phương",rate_percent,2017,11.9,new_34,20,Lạng Sơn
1.4.M,"Tỷ lệ hộ cận nghèo theo chuẩn nghèo đa chiều phân theo dân tộc, thành thị, nông thôn và theo vùng, địa phương",rate_percent,2018,11.01,new_34,20,Lạng Sơn
1.4.M,"Tỷ lệ hộ cận nghèo theo chuẩn nghèo đa chiều phân theo dân tộc, thành thị, nông thôn và theo vùng, địa phương",rate_percent,2019,10.34,new_34,20,Lạng Sơn
1.4.M,"Tỷ lệ hộ cận nghèo theo chuẩn nghèo đa chiều phân theo dân tộc, thành thị, nông thôn và theo vùng, địa phương",rate_percent,2020,6.94,new_34,20,Lạng Sơn
1.4.M,"Tỷ lệ hộ cận nghèo theo chuẩn nghèo đa chiều phân theo dân tộc, thành thị, nông thôn và theo vùng, địa phương",rate_percent,2021,12.09169828,new_34,20,Lạng Sơn
1.4.M,"Tỷ lệ hộ cận nghèo theo chuẩn nghèo đa chiều phân theo dân tộc, thành thị, nông thôn và theo vùng, địa phương",rate_percent,2022,10.36274715,new_34,20,Lạng Sơn
1.4.M,"Tỷ lệ hộ cận nghèo theo chuẩn nghèo đa chiều phân theo dân tộc, thành thị, nông thôn và theo vùng, địa phương",rate_percent,2023,8.96,new_34,20,Lạng Sơn
1.4.M,"Tỷ lệ hộ cận nghèo theo chuẩn nghèo đa chiều phân theo dân tộc, thành thị, nông thôn và theo vùng, địa phương",rate_percent,2024,8,new_34,20,Lạng Sơn
1.4.M,"Tỷ lệ hộ cận nghèo theo chuẩn nghèo đa chiều phân theo dân tộc, thành thị, nông thôn và theo vùng, địa phương",rate_percent,2016,8.6,new_34,25,Phú Thọ
1.4.M,"Tỷ lệ hộ cận nghèo theo chuẩn nghèo đa chiều phân theo dân tộc, thành thị, nông thôn và theo vùng, địa phương",rate_percent,2017,8.613333333,new_34,25,Phú Thọ
1.4.M,"Tỷ lệ hộ cận nghèo theo chuẩn nghèo đa chiều phân theo dân tộc, thành thị, nông thôn và theo vùng, địa phương",rate_percent,2018,7.866666667,new_34,25,Phú Thọ
1.4.M,"Tỷ lệ hộ cận nghèo theo chuẩn nghèo đa chiều phân theo dân tộc, thành thị, nông thôn và theo vùng, địa phương",rate_percent,2019,7.16,new_34,25,Phú Thọ
1.4.M,"Tỷ lệ hộ cận nghèo theo chuẩn nghèo đa chiều phân theo dân tộc, thành thị, nông thôn và theo vùng, địa phương",rate_percent,2020,5.093333333,new_34,25,Phú Thọ
1.4.M,"Tỷ lệ hộ cận nghèo theo chuẩn nghèo đa chiều phân theo dân tộc, thành thị, nông thôn và theo vùng, địa phương",rate_percent,2021,5.808384557,new_34,25,Phú Thọ
1.4.M,"Tỷ lệ hộ cận nghèo theo chuẩn nghèo đa chiều phân theo dân tộc, thành thị, nông thôn và theo vùng, địa phương",rate_percent,2022,5.304783245,new_34,25,Phú Thọ
1.4.M,"Tỷ lệ hộ cận nghèo theo chuẩn nghèo đa chiều phân theo dân tộc, thành thị, nông thôn và theo vùng, địa phương",rate_percent,2023,4.633333333,new_34,25,Phú Thọ
1.4.M,"Tỷ lệ hộ cận nghèo theo chuẩn nghèo đa chiều phân theo dân tộc, thành thị, nông thôn và theo vùng, địa phương",rate_percent,2024,4.033333333,new_34,25,Phú Thọ
1.4.M,"Tỷ lệ hộ cận nghèo theo chuẩn nghèo đa chiều phân theo dân tộc, thành thị, nông thôn và theo vùng, địa phương",rate_percent,2016,8.76,new_34,11,Điện Biên
1.4.M,"Tỷ lệ hộ cận nghèo theo chuẩn nghèo đa chiều phân theo dân tộc, thành thị, nông thôn và theo vùng, địa phương",rate_percent,2017,9.44,new_34,11,Điện Biên
1.4.M,"Tỷ lệ hộ cận nghèo theo chuẩn nghèo đa chiều phân theo dân tộc, thành thị, nông thôn và theo vùng, địa phương",rate_percent,2018,9.78,new_34,11,Điện Biên
1.4.M,"Tỷ lệ hộ cận nghèo theo chuẩn nghèo đa chiều phân theo dân tộc, thành thị, nông thôn và theo vùng, địa phương",rate_percent,2019,9.77,new_34,11,Điện Biên
1.4.M,"Tỷ lệ hộ cận nghèo theo chuẩn nghèo đa chiều phân theo dân tộc, thành thị, nông thôn và theo vùng, địa phương",rate_percent,2020,9.43,new_34,11,Điện Biên
1.4.M,"Tỷ lệ hộ cận nghèo theo chuẩn nghèo đa chiều phân theo dân tộc, thành thị, nông thôn và theo vùng, địa phương",rate_percent,2021,7.646811244,new_34,11,Điện Biên
1.4.M,"Tỷ lệ hộ cận nghèo theo chuẩn nghèo đa chiều phân theo dân tộc, thành thị, nông thôn và theo vùng, địa phương",rate_percent,2022,9.634092215,new_34,11,Điện Biên
1.4.M,"Tỷ lệ hộ cận nghèo theo chuẩn nghèo đa chiều phân theo dân tộc, thành thị, nông thôn và theo vùng, địa phương",rate_percent,2023,11.29,new_34,11,Điện Biên
1.4.M,"Tỷ lệ hộ cận nghèo theo chuẩn nghèo đa chiều phân theo dân tộc, thành thị, nông thôn và theo vùng, địa phương",rate_percent,2024,11.96,new_34,11,Điện Biên
1.4.M,"Tỷ lệ hộ cận nghèo theo chuẩn nghèo đa chiều phân theo dân tộc, thành thị, nông thôn và theo vùng, địa phương",rate_percent,2016,12.05,new_34,12,Lai Châu
1.4.M,"Tỷ lệ hộ cận nghèo theo chuẩn nghèo đa chiều phân theo dân tộc, thành thị, nông thôn và theo vùng, địa phương",rate_percent,2017,11.85,new_34,12,Lai Châu
1.4.M,"Tỷ lệ hộ cận nghèo theo chuẩn nghèo đa chiều phân theo dân tộc, thành thị, nông thôn và theo vùng, địa phương",rate_percent,2018,11.12,new_34,12,Lai Châu
1.4.M,"Tỷ lệ hộ cận nghèo theo chuẩn nghèo đa chiều phân theo dân tộc, thành thị, nông thôn và theo vùng, địa phương",rate_percent,2019,10.07,new_34,12,Lai Châu
1.4.M,"Tỷ lệ hộ cận nghèo theo chuẩn nghèo đa chiều phân theo dân tộc, thành thị, nông thôn và theo vùng, địa phương",rate_percent,2020,9.24,new_34,12,Lai Châu
1.4.M,"Tỷ lệ hộ cận nghèo theo chuẩn nghèo đa chiều phân theo dân tộc, thành thị, nông thôn và theo vùng, địa phương",rate_percent,2021,10.58582398,new_34,12,Lai Châu
1.4.M,"Tỷ lệ hộ cận nghèo theo chuẩn nghèo đa chiều phân theo dân tộc, thành thị, nông thôn và theo vùng, địa phương",rate_percent,2022,10.95289211,new_34,12,Lai Châu
1.4.M,"Tỷ lệ hộ cận nghèo theo chuẩn nghèo đa chiều phân theo dân tộc, thành thị, nông thôn và theo vùng, địa phương",rate_percent,2023,10.32,new_34,12,Lai Châu
1.4.M,"Tỷ lệ hộ cận nghèo theo chuẩn nghèo đa chiều phân theo dân tộc, thành thị, nông thôn và theo vùng, địa phương",rate_percent,2024,9.33,new_34,12,Lai Châu
1.4.M,"Tỷ lệ hộ cận nghèo theo chuẩn nghèo đa chiều phân theo dân tộc, thành thị, nông thôn và theo vùng, địa phương",rate_percent,2016,10.92,new_34,14,Sơn La
1.4.M,"Tỷ lệ hộ cận nghèo theo chuẩn nghèo đa chiều phân theo dân tộc, thành thị, nông thôn và theo vùng, địa phương",rate_percent,2017,11.23,new_34,14,Sơn La
1.4.M,"Tỷ lệ hộ cận nghèo theo chuẩn nghèo đa chiều phân theo dân tộc, thành thị, nông thôn và theo vùng, địa phương",rate_percent,2018,11.05,new_34,14,Sơn La
1.4.M,"Tỷ lệ hộ cận nghèo theo chuẩn nghèo đa chiều phân theo dân tộc, thành thị, nông thôn và theo vùng, địa phương",rate_percent,2019,10.93,new_34,14,Sơn La
1.4.M,"Tỷ lệ hộ cận nghèo theo chuẩn nghèo đa chiều phân theo dân tộc, thành thị, nông thôn và theo vùng, địa phương",rate_percent,2020,10.59,new_34,14,Sơn La
1.4.M,"Tỷ lệ hộ cận nghèo theo chuẩn nghèo đa chiều phân theo dân tộc, thành thị, nông thôn và theo vùng, địa phương",rate_percent,2021,10.25189793,new_34,14,Sơn La
1.4.M,"Tỷ lệ hộ cận nghèo theo chuẩn nghèo đa chiều phân theo dân tộc, thành thị, nông thôn và theo vùng, địa phương",rate_percent,2022,9.679747467,new_34,14,Sơn La
1.4.M,"Tỷ lệ hộ cận nghèo theo chuẩn nghèo đa chiều phân theo dân tộc, thành thị, nông thôn và theo vùng, địa phương",rate_percent,2023,9.1,new_34,14,Sơn La
1.4.M,"Tỷ lệ hộ cận nghèo theo chuẩn nghèo đa chiều phân theo dân tộc, thành thị, nông thôn và theo vùng, địa phương",rate_percent,2024,8.34,new_34,14,Sơn La
1.4.M,"Tỷ lệ hộ cận nghèo theo chuẩn nghèo đa chiều phân theo dân tộc, thành thị, nông thôn và theo vùng, địa phương",rate_percent,2016,9.96,new_34,38,Thanh Hóa
1.4.M,"Tỷ lệ hộ cận nghèo theo chuẩn nghèo đa chiều phân theo dân tộc, thành thị, nông thôn và theo vùng, địa phương",rate_percent,2017,9.93,new_34,38,Thanh Hóa
1.4.M,"Tỷ lệ hộ cận nghèo theo chuẩn nghèo đa chiều phân theo dân tộc, thành thị, nông thôn và theo vùng, địa phương",rate_percent,2018,9.59,new_34,38,Thanh Hóa
1.4.M,"Tỷ lệ hộ cận nghèo theo chuẩn nghèo đa chiều phân theo dân tộc, thành thị, nông thôn và theo vùng, địa phương",rate_percent,2019,10.35,new_34,38,Thanh Hóa
1.4.M,"Tỷ lệ hộ cận nghèo theo chuẩn nghèo đa chiều phân theo dân tộc, thành thị, nông thôn và theo vùng, địa phương",rate_percent,2020,6.66,new_34,38,Thanh Hóa
1.4.M,"Tỷ lệ hộ cận nghèo theo chuẩn nghèo đa chiều phân theo dân tộc, thành thị, nông thôn và theo vùng, địa phương",rate_percent,2021,8.696348238,new_34,38,Thanh Hóa
1.4.M,"Tỷ lệ hộ cận nghèo theo chuẩn nghèo đa chiều phân theo dân tộc, thành thị, nông thôn và theo vùng, địa phương",rate_percent,2022,6.890610337,new_34,38,Thanh Hóa
1.4.M,"Tỷ lệ hộ cận nghèo theo chuẩn nghèo đa chiều phân theo dân tộc, thành thị, nông thôn và theo vùng, địa phương",rate_percent,2023,5.57,new_34,38,Thanh Hóa
1.4.M,"Tỷ lệ hộ cận nghèo theo chuẩn nghèo đa chiều phân theo dân tộc, thành thị, nông thôn và theo vùng, địa phương",rate_percent,2024,4.5,new_34,38,Thanh Hóa
1.4.M,"Tỷ lệ hộ cận nghèo theo chuẩn nghèo đa chiều phân theo dân tộc, thành thị, nông thôn và theo vùng, địa phương",rate_percent,2016,10.04,new_34,40,Nghệ An
1.4.M,"Tỷ lệ hộ cận nghèo theo chuẩn nghèo đa chiều phân theo dân tộc, thành thị, nông thôn và theo vùng, địa phương",rate_percent,2017,9.86,new_34,40,Nghệ An
1.4.M,"Tỷ lệ hộ cận nghèo theo chuẩn nghèo đa chiều phân theo dân tộc, thành thị, nông thôn và theo vùng, địa phương",rate_percent,2018,8.72,new_34,40,Nghệ An
1.4.M,"Tỷ lệ hộ cận nghèo theo chuẩn nghèo đa chiều phân theo dân tộc, thành thị, nông thôn và theo vùng, địa phương",rate_percent,2019,7.57,new_34,40,Nghệ An
1.4.M,"Tỷ lệ hộ cận nghèo theo chuẩn nghèo đa chiều phân theo dân tộc, thành thị, nông thôn và theo vùng, địa phương",rate_percent,2020,5.41,new_34,40,Nghệ An
1.4.M,"Tỷ lệ hộ cận nghèo theo chuẩn nghèo đa chiều phân theo dân tộc, thành thị, nông thôn và theo vùng, địa phương",rate_percent,2021,6.605446389,new_34,40,Nghệ An
1.4.M,"Tỷ lệ hộ cận nghèo theo chuẩn nghèo đa chiều phân theo dân tộc, thành thị, nông thôn và theo vùng, địa phương",rate_percent,2022,6.204742248,new_34,40,Nghệ An
1.4.M,"Tỷ lệ hộ cận nghèo theo chuẩn nghèo đa chiều phân theo dân tộc, thành thị, nông thôn và theo vùng, địa phương",rate_percent,2023,5.73,new_34,40,Nghệ An
1.4.M,"Tỷ lệ hộ cận nghèo theo chuẩn nghèo đa chiều phân theo dân tộc, thành thị, nông thôn và theo vùng, địa phương",rate_percent,2024,5.42,new_34,40,Nghệ An
1.4.M,"Tỷ lệ hộ cận nghèo theo chuẩn nghèo đa chiều phân theo dân tộc, thành thị, nông thôn và theo vùng, địa phương",rate_percent,2016,8.39,new_34,42,Hà Tĩnh
1.4.M,"Tỷ lệ hộ cận nghèo theo chuẩn nghèo đa chiều phân theo dân tộc, thành thị, nông thôn và theo vùng, địa phương",rate_percent,2017,7.77,new_34,42,Hà Tĩnh
1.4.M,"Tỷ lệ hộ cận nghèo theo chuẩn nghèo đa chiều phân theo dân tộc, thành thị, nông thôn và theo vùng, địa phương",rate_percent,2018,6.57,new_34,42,Hà Tĩnh
1.4.M,"Tỷ lệ hộ cận nghèo theo chuẩn nghèo đa chiều phân theo dân tộc, thành thị, nông thôn và theo vùng, địa phương",rate_percent,2019,5.06,new_34,42,Hà Tĩnh
1.4.M,"Tỷ lệ hộ cận nghèo theo chuẩn nghèo đa chiều phân theo dân tộc, thành thị, nông thôn và theo vùng, địa phương",rate_percent,2020,4.31,new_34,42,Hà Tĩnh
1.4.M,"Tỷ lệ hộ cận nghèo theo chuẩn nghèo đa chiều phân theo dân tộc, thành thị, nông thôn và theo vùng, địa phương",rate_percent,2021,5.091900679,new_34,42,Hà Tĩnh
1.4.M,"Tỷ lệ hộ cận nghèo theo chuẩn nghèo đa chiều phân theo dân tộc, thành thị, nông thôn và theo vùng, địa phương",rate_percent,2022,4.040504189,new_34,42,Hà Tĩnh
1.4.M,"Tỷ lệ hộ cận nghèo theo chuẩn nghèo đa chiều phân theo dân tộc, thành thị, nông thôn và theo vùng, địa phương",rate_percent,2023,3.37,new_34,42,Hà Tĩnh
1.4.M,"Tỷ lệ hộ cận nghèo theo chuẩn nghèo đa chiều phân theo dân tộc, thành thị, nông thôn và theo vùng, địa phương",rate_percent,2024,3.04,new_34,42,Hà Tĩnh
1.4.M,"Tỷ lệ hộ cận nghèo theo chuẩn nghèo đa chiều phân theo dân tộc, thành thị, nông thôn và theo vùng, địa phương",rate_percent,2016,10.09,new_34,44,Quảng Trị
1.4.M,"Tỷ lệ hộ cận nghèo theo chuẩn nghèo đa chiều phân theo dân tộc, thành thị, nông thôn và theo vùng, địa phương",rate_percent,2017,9.44,new_34,44,Quảng Trị
1.4.M,"Tỷ lệ hộ cận nghèo theo chuẩn nghèo đa chiều phân theo dân tộc, thành thị, nông thôn và theo vùng, địa phương",rate_percent,2018,8,new_34,44,Quảng Trị
1.4.M,"Tỷ lệ hộ cận nghèo theo chuẩn nghèo đa chiều phân theo dân tộc, thành thị, nông thôn và theo vùng, địa phương",rate_percent,2019,6.57,new_34,44,Quảng Trị
1.4.M,"Tỷ lệ hộ cận nghèo theo chuẩn nghèo đa chiều phân theo dân tộc, thành thị, nông thôn và theo vùng, địa phương",rate_percent,2020,5.6,new_34,44,Quảng Trị
1.4.M,"Tỷ lệ hộ cận nghèo theo chuẩn nghèo đa chiều phân theo dân tộc, thành thị, nông thôn và theo vùng, địa phương",rate_percent,2021,5.515207595,new_34,44,Quảng Trị
1.4.M,"Tỷ lệ hộ cận nghèo theo chuẩn nghèo đa chiều phân theo dân tộc, thành thị, nông thôn và theo vùng, địa phương",rate_percent,2022,5.275605558,new_34,44,Quảng Trị
1.4.M,"Tỷ lệ hộ cận nghèo theo chuẩn nghèo đa chiều phân theo dân tộc, thành thị, nông thôn và theo vùng, địa phương",rate_percent,2023,4.73,new_34,44,Quảng Trị
1.4.M,"Tỷ lệ hộ cận nghèo theo chuẩn nghèo đa chiều phân theo dân tộc, thành thị, nông thôn và theo vùng, địa phương",rate_percent,2024,4.265,new_34,44,Quảng Trị
1.4.M,"Tỷ lệ hộ cận nghèo theo chuẩn nghèo đa chiều phân theo dân tộc, thành thị, nông thôn và theo vùng, địa phương",rate_percent,2016,5.5,new_34,46,Huế
1.4.M,"Tỷ lệ hộ cận nghèo theo chuẩn nghèo đa chiều phân theo dân tộc, thành thị, nông thôn và theo vùng, địa phương",rate_percent,2017,5.22,new_34,46,Huế
1.4.M,"Tỷ lệ hộ cận nghèo theo chuẩn nghèo đa chiều phân theo dân tộc, thành thị, nông thôn và theo vùng, địa phương",rate_percent,2018,4.93,new_34,46,Huế
1.4.M,"Tỷ lệ hộ cận nghèo theo chuẩn nghèo đa chiều phân theo dân tộc, thành thị, nông thôn và theo vùng, địa phương",rate_percent,2019,4.51,new_34,46,Huế
1.4.M,"Tỷ lệ hộ cận nghèo theo chuẩn nghèo đa chiều phân theo dân tộc, thành thị, nông thôn và theo vùng, địa phương",rate_percent,2020,4.27,new_34,46,Huế
1.4.M,"Tỷ lệ hộ cận nghèo theo chuẩn nghèo đa chiều phân theo dân tộc, thành thị, nông thôn và theo vùng, địa phương",rate_percent,2021,3.947793998,new_34,46,Huế
1.4.M,"Tỷ lệ hộ cận nghèo theo chuẩn nghèo đa chiều phân theo dân tộc, thành thị, nông thôn và theo vùng, địa phương",rate_percent,2022,3.297314211,new_34,46,Huế
1.4.M,"Tỷ lệ hộ cận nghèo theo chuẩn nghèo đa chiều phân theo dân tộc, thành thị, nông thôn và theo vùng, địa phương",rate_percent,2023,2.7,new_34,46,Huế
1.4.M,"Tỷ lệ hộ cận nghèo theo chuẩn nghèo đa chiều phân theo dân tộc, thành thị, nông thôn và theo vùng, địa phương",rate_percent,2024,2.05,new_34,46,Huế
1.4.M,"Tỷ lệ hộ cận nghèo theo chuẩn nghèo đa chiều phân theo dân tộc, thành thị, nông thôn và theo vùng, địa phương",rate_percent,2016,4.73,new_34,48,Đà Nẵng
1.4.M,"Tỷ lệ hộ cận nghèo theo chuẩn nghèo đa chiều phân theo dân tộc, thành thị, nông thôn và theo vùng, địa phương",rate_percent,2017,3.22,new_34,48,Đà Nẵng
1.4.M,"Tỷ lệ hộ cận nghèo theo chuẩn nghèo đa chiều phân theo dân tộc, thành thị, nông thôn và theo vùng, địa phương",rate_percent,2018,1.885,new_34,48,Đà Nẵng
1.4.M,"Tỷ lệ hộ cận nghèo theo chuẩn nghèo đa chiều phân theo dân tộc, thành thị, nông thôn và theo vùng, địa phương",rate_percent,2019,1.985,new_34,48,Đà Nẵng
1.4.M,"Tỷ lệ hộ cận nghèo theo chuẩn nghèo đa chiều phân theo dân tộc, thành thị, nông thôn và theo vùng, địa phương",rate_percent,2020,1.62,new_34,48,Đà Nẵng
1.4.M,"Tỷ lệ hộ cận nghèo theo chuẩn nghèo đa chiều phân theo dân tộc, thành thị, nông thôn và theo vùng, địa phương",rate_percent,2021,1.150472668,new_34,48,Đà Nẵng
1.4.M,"Tỷ lệ hộ cận nghèo theo chuẩn nghèo đa chiều phân theo dân tộc, thành thị, nông thôn và theo vùng, địa phương",rate_percent,2022,1.156356037,new_34,48,Đà Nẵng
1.4.M,"Tỷ lệ hộ cận nghèo theo chuẩn nghèo đa chiều phân theo dân tộc, thành thị, nông thôn và theo vùng, địa phương",rate_percent,2023,1.08,new_34,48,Đà Nẵng
1.4.M,"Tỷ lệ hộ cận nghèo theo chuẩn nghèo đa chiều phân theo dân tộc, thành thị, nông thôn và theo vùng, địa phương",rate_percent,2024,0.975,new_34,48,Đà Nẵng
1.4.M,"Tỷ lệ hộ cận nghèo theo chuẩn nghèo đa chiều phân theo dân tộc, thành thị, nông thôn và theo vùng, địa phương",rate_percent,2016,7.72,new_34,51,Quảng Ngãi
1.4.M,"Tỷ lệ hộ cận nghèo theo chuẩn nghèo đa chiều phân theo dân tộc, thành thị, nông thôn và theo vùng, địa phương",rate_percent,2017,7.4,new_34,51,Quảng Ngãi
1.4.M,"Tỷ lệ hộ cận nghèo theo chuẩn nghèo đa chiều phân theo dân tộc, thành thị, nông thôn và theo vùng, địa phương",rate_percent,2018,7.205,new_34,51,Quảng Ngãi
1.4.M,"Tỷ lệ hộ cận nghèo theo chuẩn nghèo đa chiều phân theo dân tộc, thành thị, nông thôn và theo vùng, địa phương",rate_percent,2019,6.785,new_34,51,Quảng Ngãi
1.4.M,"Tỷ lệ hộ cận nghèo theo chuẩn nghèo đa chiều phân theo dân tộc, thành thị, nông thôn và theo vùng, địa phương",rate_percent,2020,6.215,new_34,51,Quảng Ngãi
1.4.M,"Tỷ lệ hộ cận nghèo theo chuẩn nghèo đa chiều phân theo dân tộc, thành thị, nông thôn và theo vùng, địa phương",rate_percent,2021,6.69903518,new_34,51,Quảng Ngãi
1.4.M,"Tỷ lệ hộ cận nghèo theo chuẩn nghèo đa chiều phân theo dân tộc, thành thị, nông thôn và theo vùng, địa phương",rate_percent,2022,6.19638146,new_34,51,Quảng Ngãi
1.4.M,"Tỷ lệ hộ cận nghèo theo chuẩn nghèo đa chiều phân theo dân tộc, thành thị, nông thôn và theo vùng, địa phương",rate_percent,2023,4.68,new_34,51,Quảng Ngãi
1.4.M,"Tỷ lệ hộ cận nghèo theo chuẩn nghèo đa chiều phân theo dân tộc, thành thị, nông thôn và theo vùng, địa phương",rate_percent,2024,3.655,new_34,51,Quảng Ngãi
1.4.M,"Tỷ lệ hộ cận nghèo theo chuẩn nghèo đa chiều phân theo dân tộc, thành thị, nông thôn và theo vùng, địa phương",rate_percent,2016,8.885,new_34,56,Khánh Hòa
1.4.M,"Tỷ lệ hộ cận nghèo theo chuẩn nghèo đa chiều phân theo dân tộc, thành thị, nông thôn và theo vùng, địa phương",rate_percent,2017,8.685,new_34,56,Khánh Hòa
1.4.M,"Tỷ lệ hộ cận nghèo theo chuẩn nghèo đa chiều phân theo dân tộc, thành thị, nông thôn và theo vùng, địa phương",rate_percent,2018,7.975,new_34,56,Khánh Hòa
1.4.M,"Tỷ lệ hộ cận nghèo theo chuẩn nghèo đa chiều phân theo dân tộc, thành thị, nông thôn và theo vùng, địa phương",rate_percent,2019,7.145,new_34,56,Khánh Hòa
1.4.M,"Tỷ lệ hộ cận nghèo theo chuẩn nghèo đa chiều phân theo dân tộc, thành thị, nông thôn và theo vùng, địa phương",rate_percent,2020,6.515,new_34,56,Khánh Hòa
1.4.M,"Tỷ lệ hộ cận nghèo theo chuẩn nghèo đa chiều phân theo dân tộc, thành thị, nông thôn và theo vùng, địa phương",rate_percent,2021,6.355518189,new_34,56,Khánh Hòa
1.4.M,"Tỷ lệ hộ cận nghèo theo chuẩn nghèo đa chiều phân theo dân tộc, thành thị, nông thôn và theo vùng, địa phương",rate_percent,2022,5.148662998,new_34,56,Khánh Hòa
1.4.M,"Tỷ lệ hộ cận nghèo theo chuẩn nghèo đa chiều phân theo dân tộc, thành thị, nông thôn và theo vùng, địa phương",rate_percent,2023,4.135,new_34,56,Khánh Hòa
1.4.M,"Tỷ lệ hộ cận nghèo theo chuẩn nghèo đa chiều phân theo dân tộc, thành thị, nông thôn và theo vùng, địa phương",rate_percent,2024,3.24,new_34,56,Khánh Hòa
1.4.M,"Tỷ lệ hộ cận nghèo theo chuẩn nghèo đa chiều phân theo dân tộc, thành thị, nông thôn và theo vùng, địa phương",rate_percent,2016,8.055,new_34,52,Gia Lai
1.4.M,"Tỷ lệ hộ cận nghèo theo chuẩn nghèo đa chiều phân theo dân tộc, thành thị, nông thôn và theo vùng, địa phương",rate_percent,2017,8.02,new_34,52,Gia Lai
1.4.M,"Tỷ lệ hộ cận nghèo theo chuẩn nghèo đa chiều phân theo dân tộc, thành thị, nông thôn và theo vùng, địa phương",rate_percent,2018,7.915,new_34,52,Gia Lai
1.4.M,"Tỷ lệ hộ cận nghèo theo chuẩn nghèo đa chiều phân theo dân tộc, thành thị, nông thôn và theo vùng, địa phương",rate_percent,2019,7.315,new_34,52,Gia Lai
1.4.M,"Tỷ lệ hộ cận nghèo theo chuẩn nghèo đa chiều phân theo dân tộc, thành thị, nông thôn và theo vùng, địa phương",rate_percent,2020,6.51,new_34,52,Gia Lai
1.4.M,"Tỷ lệ hộ cận nghèo theo chuẩn nghèo đa chiều phân theo dân tộc, thành thị, nông thôn và theo vùng, địa phương",rate_percent,2021,6.693910377,new_34,52,Gia Lai
1.4.M,"Tỷ lệ hộ cận nghèo theo chuẩn nghèo đa chiều phân theo dân tộc, thành thị, nông thôn và theo vùng, địa phương",rate_percent,2022,6.159229326,new_34,52,Gia Lai
1.4.M,"Tỷ lệ hộ cận nghèo theo chuẩn nghèo đa chiều phân theo dân tộc, thành thị, nông thôn và theo vùng, địa phương",rate_percent,2023,4.91,new_34,52,Gia Lai
1.4.M,"Tỷ lệ hộ cận nghèo theo chuẩn nghèo đa chiều phân theo dân tộc, thành thị, nông thôn và theo vùng, địa phương",rate_percent,2024,3.65,new_34,52,Gia Lai
1.4.M,"Tỷ lệ hộ cận nghèo theo chuẩn nghèo đa chiều phân theo dân tộc, thành thị, nông thôn và theo vùng, địa phương",rate_percent,2016,9.2,new_34,66,Đắk Lắk
1.4.M,"Tỷ lệ hộ cận nghèo theo chuẩn nghèo đa chiều phân theo dân tộc, thành thị, nông thôn và theo vùng, địa phương",rate_percent,2017,9.45,new_34,66,Đắk Lắk
1.4.M,"Tỷ lệ hộ cận nghèo theo chuẩn nghèo đa chiều phân theo dân tộc, thành thị, nông thôn và theo vùng, địa phương",rate_percent,2018,9.375,new_34,66,Đắk Lắk
1.4.M,"Tỷ lệ hộ cận nghèo theo chuẩn nghèo đa chiều phân theo dân tộc, thành thị, nông thôn và theo vùng, địa phương",rate_percent,2019,8.805,new_34,66,Đắk Lắk
1.4.M,"Tỷ lệ hộ cận nghèo theo chuẩn nghèo đa chiều phân theo dân tộc, thành thị, nông thôn và theo vùng, địa phương",rate_percent,2020,7.78,new_34,66,Đắk Lắk
1.4.M,"Tỷ lệ hộ cận nghèo theo chuẩn nghèo đa chiều phân theo dân tộc, thành thị, nông thôn và theo vùng, địa phương",rate_percent,2021,8.190458601,new_34,66,Đắk Lắk
1.4.M,"Tỷ lệ hộ cận nghèo theo chuẩn nghèo đa chiều phân theo dân tộc, thành thị, nông thôn và theo vùng, địa phương",rate_percent,2022,7.897746061,new_34,66,Đắk Lắk
1.4.M,"Tỷ lệ hộ cận nghèo theo chuẩn nghèo đa chiều phân theo dân tộc, thành thị, nông thôn và theo vùng, địa phương",rate_percent,2023,6.76,new_34,66,Đắk Lắk
1.4.M,"Tỷ lệ hộ cận nghèo theo chuẩn nghèo đa chiều phân theo dân tộc, thành thị, nông thôn và theo vùng, địa phương",rate_percent,2024,5.535,new_34,66,Đắk Lắk
1.4.M,"Tỷ lệ hộ cận nghèo theo chuẩn nghèo đa chiều phân theo dân tộc, thành thị, nông thôn và theo vùng, địa phương",rate_percent,2016,5.7,new_34,68,Lâm Đồng
1.4.M,"Tỷ lệ hộ cận nghèo theo chuẩn nghèo đa chiều phân theo dân tộc, thành thị, nông thôn và theo vùng, địa phương",rate_percent,2017,5.566666667,new_34,68,Lâm Đồng
1.4.M,"Tỷ lệ hộ cận nghèo theo chuẩn nghèo đa chiều phân theo dân tộc, thành thị, nông thôn và theo vùng, địa phương",rate_percent,2018,5.223333333,new_34,68,Lâm Đồng
1.4.M,"Tỷ lệ hộ cận nghèo theo chuẩn nghèo đa chiều phân theo dân tộc, thành thị, nông thôn và theo vùng, địa phương",rate_percent,2019,4.773333333,new_34,68,Lâm Đồng
1.4.M,"Tỷ lệ hộ cận nghèo theo chuẩn nghèo đa chiều phân theo dân tộc, thành thị, nông thôn và theo vùng, địa phương",rate_percent,2020,4.42,new_34,68,Lâm Đồng
1.4.M,"Tỷ lệ hộ cận nghèo theo chuẩn nghèo đa chiều phân theo dân tộc, thành thị, nông thôn và theo vùng, địa phương",rate_percent,2021,5.082083869,new_34,68,Lâm Đồng
1.4.M,"Tỷ lệ hộ cận nghèo theo chuẩn nghèo đa chiều phân theo dân tộc, thành thị, nông thôn và theo vùng, địa phương",rate_percent,2022,4.732479464,new_34,68,Lâm Đồng
1.4.M,"Tỷ lệ hộ cận nghèo theo chuẩn nghèo đa chiều phân theo dân tộc, thành thị, nông thôn và theo vùng, địa phương",rate_percent,2023,4.086666667,new_34,68,Lâm Đồng
1.4.M,"Tỷ lệ hộ cận nghèo theo chuẩn nghèo đa chiều phân theo dân tộc, thành thị, nông thôn và theo vùng, địa phương",rate_percent,2024,3.016666667,new_34,68,Lâm Đồng
1.4.M,"Tỷ lệ hộ cận nghèo theo chuẩn nghèo đa chiều phân theo dân tộc, thành thị, nông thôn và theo vùng, địa phương",rate_percent,2016,2.94,new_34,80,Tây Ninh
1.4.M,"Tỷ lệ hộ cận nghèo theo chuẩn nghèo đa chiều phân theo dân tộc, thành thị, nông thôn và theo vùng, địa phương",rate_percent,2017,2.855,new_34,80,Tây Ninh
1.4.M,"Tỷ lệ hộ cận nghèo theo chuẩn nghèo đa chiều phân theo dân tộc, thành thị, nông thôn và theo vùng, địa phương",rate_percent,2018,2.48,new_34,80,Tây Ninh
1.4.M,"Tỷ lệ hộ cận nghèo theo chuẩn nghèo đa chiều phân theo dân tộc, thành thị, nông thôn và theo vùng, địa phương",rate_percent,2019,1.89,new_34,80,Tây Ninh
1.4.M,"Tỷ lệ hộ cận nghèo theo chuẩn nghèo đa chiều phân theo dân tộc, thành thị, nông thôn và theo vùng, địa phương",rate_percent,2020,1.67,new_34,80,Tây Ninh
1.4.M,"Tỷ lệ hộ cận nghèo theo chuẩn nghèo đa chiều phân theo dân tộc, thành thị, nông thôn và theo vùng, địa phương",rate_percent,2021,1.796205383,new_34,80,Tây Ninh
1.4.M,"Tỷ lệ hộ cận nghèo theo chuẩn nghèo đa chiều phân theo dân tộc, thành thị, nông thôn và theo vùng, địa phương",rate_percent,2022,1.526569712,new_34,80,Tây Ninh
1.4.M,"Tỷ lệ hộ cận nghèo theo chuẩn nghèo đa chiều phân theo dân tộc, thành thị, nông thôn và theo vùng, địa phương",rate_percent,2023,1.175,new_34,80,Tây Ninh
1.4.M,"Tỷ lệ hộ cận nghèo theo chuẩn nghèo đa chiều phân theo dân tộc, thành thị, nông thôn và theo vùng, địa phương",rate_percent,2024,0.935,new_34,80,Tây Ninh
1.4.M,"Tỷ lệ hộ cận nghèo theo chuẩn nghèo đa chiều phân theo dân tộc, thành thị, nông thôn và theo vùng, địa phương",rate_percent,2016,1.9,new_34,75,Đồng Nai
1.4.M,"Tỷ lệ hộ cận nghèo theo chuẩn nghèo đa chiều phân theo dân tộc, thành thị, nông thôn và theo vùng, địa phương",rate_percent,2017,1.67,new_34,75,Đồng Nai
1.4.M,"Tỷ lệ hộ cận nghèo theo chuẩn nghèo đa chiều phân theo dân tộc, thành thị, nông thôn và theo vùng, địa phương",rate_percent,2018,1.45,new_34,75,Đồng Nai
1.4.M,"Tỷ lệ hộ cận nghèo theo chuẩn nghèo đa chiều phân theo dân tộc, thành thị, nông thôn và theo vùng, địa phương",rate_percent,2019,1.245,new_34,75,Đồng Nai
1.4.M,"Tỷ lệ hộ cận nghèo theo chuẩn nghèo đa chiều phân theo dân tộc, thành thị, nông thôn và theo vùng, địa phương",rate_percent,2020,0.9,new_34,75,Đồng Nai
1.4.M,"Tỷ lệ hộ cận nghèo theo chuẩn nghèo đa chiều phân theo dân tộc, thành thị, nông thôn và theo vùng, địa phương",rate_percent,2021,1.064191857,new_34,75,Đồng Nai
1.4.M,"Tỷ lệ hộ cận nghèo theo chuẩn nghèo đa chiều phân theo dân tộc, thành thị, nông thôn và theo vùng, địa phương",rate_percent,2022,0.568333558,new_34,75,Đồng Nai
1.4.M,"Tỷ lệ hộ cận nghèo theo chuẩn nghèo đa chiều phân theo dân tộc, thành thị, nông thôn và theo vùng, địa phương",rate_percent,2023,0.485,new_34,75,Đồng Nai
1.4.M,"Tỷ lệ hộ cận nghèo theo chuẩn nghèo đa chiều phân theo dân tộc, thành thị, nông thôn và theo vùng, địa phương",rate_percent,2024,0.315,new_34,75,Đồng Nai
1.4.M,"Tỷ lệ hộ cận nghèo theo chuẩn nghèo đa chiều phân theo dân tộc, thành thị, nông thôn và theo vùng, địa phương",rate_percent,2016,1.075,new_34,79,TP. Hồ Chí Minh
1.4.M,"Tỷ lệ hộ cận nghèo theo chuẩn nghèo đa chiều phân theo dân tộc, thành thị, nông thôn và theo vùng, địa phương",rate_percent,2017,0.373333333,new_34,79,TP. Hồ Chí Minh
1.4.M,"Tỷ lệ hộ cận nghèo theo chuẩn nghèo đa chiều phân theo dân tộc, thành thị, nông thôn và theo vùng, địa phương",rate_percent,2018,0.273333333,new_34,79,TP. Hồ Chí Minh
1.4.M,"Tỷ lệ hộ cận nghèo theo chuẩn nghèo đa chiều phân theo dân tộc, thành thị, nông thôn và theo vùng, địa phương",rate_percent,2019,0.133333333,new_34,79,TP. Hồ Chí Minh
1.4.M,"Tỷ lệ hộ cận nghèo theo chuẩn nghèo đa chiều phân theo dân tộc, thành thị, nông thôn và theo vùng, địa phương",rate_percent,2020,0.076666667,new_34,79,TP. Hồ Chí Minh
1.4.M,"Tỷ lệ hộ cận nghèo theo chuẩn nghèo đa chiều phân theo dân tộc, thành thị, nông thôn và theo vùng, địa phương",rate_percent,2021,0.466255154,new_34,79,TP. Hồ Chí Minh
1.4.M,"Tỷ lệ hộ cận nghèo theo chuẩn nghèo đa chiều phân theo dân tộc, thành thị, nông thôn và theo vùng, địa phương",rate_percent,2022,0.016655429,new_34,79,TP. Hồ Chí Minh
1.4.M,"Tỷ lệ hộ cận nghèo theo chuẩn nghèo đa chiều phân theo dân tộc, thành thị, nông thôn và theo vùng, địa phương",rate_percent,2023,0.01,new_34,79,TP. Hồ Chí Minh
1.4.M,"Tỷ lệ hộ cận nghèo theo chuẩn nghèo đa chiều phân theo dân tộc, thành thị, nông thôn và theo vùng, địa phương",rate_percent,2024,0.003333333,new_34,79,TP. Hồ Chí Minh
1.4.M,"Tỷ lệ hộ cận nghèo theo chuẩn nghèo đa chiều phân theo dân tộc, thành thị, nông thôn và theo vùng, địa phương",rate_percent,2016,5.853333333,new_34,86,Vĩnh Long
1.4.M,"Tỷ lệ hộ cận nghèo theo chuẩn nghèo đa chiều phân theo dân tộc, thành thị, nông thôn và theo vùng, địa phương",rate_percent,2017,5.983333333,new_34,86,Vĩnh Long
1.4.M,"Tỷ lệ hộ cận nghèo theo chuẩn nghèo đa chiều phân theo dân tộc, thành thị, nông thôn và theo vùng, địa phương",rate_percent,2018,5.81,new_34,86,Vĩnh Long
1.4.M,"Tỷ lệ hộ cận nghèo theo chuẩn nghèo đa chiều phân theo dân tộc, thành thị, nông thôn và theo vùng, địa phương",rate_percent,2019,4.983333333,new_34,86,Vĩnh Long
1.4.M,"Tỷ lệ hộ cận nghèo theo chuẩn nghèo đa chiều phân theo dân tộc, thành thị, nông thôn và theo vùng, địa phương",rate_percent,2020,4.383333333,new_34,86,Vĩnh Long
1.4.M,"Tỷ lệ hộ cận nghèo theo chuẩn nghèo đa chiều phân theo dân tộc, thành thị, nông thôn và theo vùng, địa phương",rate_percent,2021,4.602225976,new_34,86,Vĩnh Long
1.4.M,"Tỷ lệ hộ cận nghèo theo chuẩn nghèo đa chiều phân theo dân tộc, thành thị, nông thôn và theo vùng, địa phương",rate_percent,2022,3.46378254,new_34,86,Vĩnh Long
1.4.M,"Tỷ lệ hộ cận nghèo theo chuẩn nghèo đa chiều phân theo dân tộc, thành thị, nông thôn và theo vùng, địa phương",rate_percent,2023,2.446666667,new_34,86,Vĩnh Long
1.4.M,"Tỷ lệ hộ cận nghèo theo chuẩn nghèo đa chiều phân theo dân tộc, thành thị, nông thôn và theo vùng, địa phương",rate_percent,2024,2.043333333,new_34,86,Vĩnh Long
1.4.M,"Tỷ lệ hộ cận nghèo theo chuẩn nghèo đa chiều phân theo dân tộc, thành thị, nông thôn và theo vùng, địa phương",rate_percent,2016,4.745,new_34,82,Đồng Tháp
1.4.M,"Tỷ lệ hộ cận nghèo theo chuẩn nghèo đa chiều phân theo dân tộc, thành thị, nông thôn và theo vùng, địa phương",rate_percent,2017,4.97,new_34,82,Đồng Tháp
1.4.M,"Tỷ lệ hộ cận nghèo theo chuẩn nghèo đa chiều phân theo dân tộc, thành thị, nông thôn và theo vùng, địa phương",rate_percent,2018,4.955,new_34,82,Đồng Tháp
1.4.M,"Tỷ lệ hộ cận nghèo theo chuẩn nghèo đa chiều phân theo dân tộc, thành thị, nông thôn và theo vùng, địa phương",rate_percent,2019,4.51,new_34,82,Đồng Tháp
1.4.M,"Tỷ lệ hộ cận nghèo theo chuẩn nghèo đa chiều phân theo dân tộc, thành thị, nông thôn và theo vùng, địa phương",rate_percent,2020,4.13,new_34,82,Đồng Tháp
1.4.M,"Tỷ lệ hộ cận nghèo theo chuẩn nghèo đa chiều phân theo dân tộc, thành thị, nông thôn và theo vùng, địa phương",rate_percent,2021,4.138692361,new_34,82,Đồng Tháp
1.4.M,"Tỷ lệ hộ cận nghèo theo chuẩn nghèo đa chiều phân theo dân tộc, thành thị, nông thôn và theo vùng, địa phương",rate_percent,2022,2.623025629,new_34,82,Đồng Tháp
1.4.M,"Tỷ lệ hộ cận nghèo theo chuẩn nghèo đa chiều phân theo dân tộc, thành thị, nông thôn và theo vùng, địa phương",rate_percent,2023,2.01,new_34,82,Đồng Tháp
1.4.M,"Tỷ lệ hộ cận nghèo theo chuẩn nghèo đa chiều phân theo dân tộc, thành thị, nông thôn và theo vùng, địa phương",rate_percent,2024,1.65,new_34,82,Đồng Tháp
1.4.M,"Tỷ lệ hộ cận nghèo theo chuẩn nghèo đa chiều phân theo dân tộc, thành thị, nông thôn và theo vùng, địa phương",rate_percent,2016,5.28,new_34,91,An Giang
1.4.M,"Tỷ lệ hộ cận nghèo theo chuẩn nghèo đa chiều phân theo dân tộc, thành thị, nông thôn và theo vùng, địa phương",rate_percent,2017,5.42,new_34,91,An Giang
1.4.M,"Tỷ lệ hộ cận nghèo theo chuẩn nghèo đa chiều phân theo dân tộc, thành thị, nông thôn và theo vùng, địa phương",rate_percent,2018,5.25,new_34,91,An Giang
1.4.M,"Tỷ lệ hộ cận nghèo theo chuẩn nghèo đa chiều phân theo dân tộc, thành thị, nông thôn và theo vùng, địa phương",rate_percent,2019,5.02,new_34,91,An Giang
1.4.M,"Tỷ lệ hộ cận nghèo theo chuẩn nghèo đa chiều phân theo dân tộc, thành thị, nông thôn và theo vùng, địa phương",rate_percent,2020,4.575,new_34,91,An Giang
1.4.M,"Tỷ lệ hộ cận nghèo theo chuẩn nghèo đa chiều phân theo dân tộc, thành thị, nông thôn và theo vùng, địa phương",rate_percent,2021,5.07922544,new_34,91,An Giang
1.4.M,"Tỷ lệ hộ cận nghèo theo chuẩn nghèo đa chiều phân theo dân tộc, thành thị, nông thôn và theo vùng, địa phương",rate_percent,2022,3.892630862,new_34,91,An Giang
1.4.M,"Tỷ lệ hộ cận nghèo theo chuẩn nghèo đa chiều phân theo dân tộc, thành thị, nông thôn và theo vùng, địa phương",rate_percent,2023,2.92,new_34,91,An Giang
1.4.M,"Tỷ lệ hộ cận nghèo theo chuẩn nghèo đa chiều phân theo dân tộc, thành thị, nông thôn và theo vùng, địa phương",rate_percent,2024,2.43,new_34,91,An Giang
1.4.M,"Tỷ lệ hộ cận nghèo theo chuẩn nghèo đa chiều phân theo dân tộc, thành thị, nông thôn và theo vùng, địa phương",rate_percent,2016,6.78,new_34,92,Cần Thơ
1.4.M,"Tỷ lệ hộ cận nghèo theo chuẩn nghèo đa chiều phân theo dân tộc, thành thị, nông thôn và theo vùng, địa phương",rate_percent,2017,7.37,new_34,92,Cần Thơ
1.4.M,"Tỷ lệ hộ cận nghèo theo chuẩn nghèo đa chiều phân theo dân tộc, thành thị, nông thôn và theo vùng, địa phương",rate_percent,2018,6.806666667,new_34,92,Cần Thơ
1.4.M,"Tỷ lệ hộ cận nghèo theo chuẩn nghèo đa chiều phân theo dân tộc, thành thị, nông thôn và theo vùng, địa phương",rate_percent,2019,6.16,new_34,92,Cần Thơ
1.4.M,"Tỷ lệ hộ cận nghèo theo chuẩn nghèo đa chiều phân theo dân tộc, thành thị, nông thôn và theo vùng, địa phương",rate_percent,2020,5.003333333,new_34,92,Cần Thơ
1.4.M,"Tỷ lệ hộ cận nghèo theo chuẩn nghèo đa chiều phân theo dân tộc, thành thị, nông thôn và theo vùng, địa phương",rate_percent,2021,5.113788577,new_34,92,Cần Thơ
1.4.M,"Tỷ lệ hộ cận nghèo theo chuẩn nghèo đa chiều phân theo dân tộc, thành thị, nông thôn và theo vùng, địa phương",rate_percent,2022,4.538673442,new_34,92,Cần Thơ
1.4.M,"Tỷ lệ hộ cận nghèo theo chuẩn nghèo đa chiều phân theo dân tộc, thành thị, nông thôn và theo vùng, địa phương",rate_percent,2023,3.803333333,new_34,92,Cần Thơ
1.4.M,"Tỷ lệ hộ cận nghèo theo chuẩn nghèo đa chiều phân theo dân tộc, thành thị, nông thôn và theo vùng, địa phương",rate_percent,2024,3.2,new_34,92,Cần Thơ
1.4.M,"Tỷ lệ hộ cận nghèo theo chuẩn nghèo đa chiều phân theo dân tộc, thành thị, nông thôn và theo vùng, địa phương",rate_percent,2016,5.345,new_34,96,Cà Mau
1.4.M,"Tỷ lệ hộ cận nghèo theo chuẩn nghèo đa chiều phân theo dân tộc, thành thị, nông thôn và theo vùng, địa phương",rate_percent,2017,5.08,new_34,96,Cà Mau
1.4.M,"Tỷ lệ hộ cận nghèo theo chuẩn nghèo đa chiều phân theo dân tộc, thành thị, nông thôn và theo vùng, địa phương",rate_percent,2018,4.135,new_34,96,Cà Mau
1.4.M,"Tỷ lệ hộ cận nghèo theo chuẩn nghèo đa chiều phân theo dân tộc, thành thị, nông thôn và theo vùng, địa phương",rate_percent,2019,3.115,new_34,96,Cà Mau
1.4.M,"Tỷ lệ hộ cận nghèo theo chuẩn nghèo đa chiều phân theo dân tộc, thành thị, nông thôn và theo vùng, địa phương",rate_percent,2020,2.07,new_34,96,Cà Mau
1.4.M,"Tỷ lệ hộ cận nghèo theo chuẩn nghèo đa chiều phân theo dân tộc, thành thị, nông thôn và theo vùng, địa phương",rate_percent,2021,4.46,new_34,96,Cà Mau
1.4.M,"Tỷ lệ hộ cận nghèo theo chuẩn nghèo đa chiều phân theo dân tộc, thành thị, nông thôn và theo vùng, địa phương",rate_percent,2022,3.586718028,new_34,96,Cà Mau
1.4.M,"Tỷ lệ hộ cận nghèo theo chuẩn nghèo đa chiều phân theo dân tộc, thành thị, nông thôn và theo vùng, địa phương",rate_percent,2023,2.3,new_34,96,Cà Mau
1.4.M,"Tỷ lệ hộ cận nghèo theo chuẩn nghèo đa chiều phân theo dân tộc, thành thị, nông thôn và theo vùng, địa phương",rate_percent,2024,1.56,new_34,96,Cà Mau
1.5,"Số hộ cận nghèo theo chuẩn nghèo đa chiều phân theo thành thị, nông thôn và theo vùng, địa phương",count_households,2016,22324,old_63,2,Hà Giang
1.5,"Số hộ cận nghèo theo chuẩn nghèo đa chiều phân theo thành thị, nông thôn và theo vùng, địa phương",count_households,2017,24572,old_63,2,Hà Giang
1.5,"Số hộ cận nghèo theo chuẩn nghèo đa chiều phân theo thành thị, nông thôn và theo vùng, địa phương",count_households,2018,22873,old_63,2,Hà Giang
1.5,"Số hộ cận nghèo theo chuẩn nghèo đa chiều phân theo thành thị, nông thôn và theo vùng, địa phương",count_households,2019,26097,old_63,2,Hà Giang
1.5,"Số hộ cận nghèo theo chuẩn nghèo đa chiều phân theo thành thị, nông thôn và theo vùng, địa phương",count_households,2020,19457,old_63,2,Hà Giang
1.5,"Số hộ cận nghèo theo chuẩn nghèo đa chiều phân theo thành thị, nông thôn và theo vùng, địa phương",count_households,2021,24505,old_63,2,Hà Giang
1.5,"Số hộ cận nghèo theo chuẩn nghèo đa chiều phân theo thành thị, nông thôn và theo vùng, địa phương",count_households,2022,24409,old_63,2,Hà Giang
1.5,"Số hộ cận nghèo theo chuẩn nghèo đa chiều phân theo thành thị, nông thôn và theo vùng, địa phương",count_households,2023,21955,old_63,2,Hà Giang
1.5,"Số hộ cận nghèo theo chuẩn nghèo đa chiều phân theo thành thị, nông thôn và theo vùng, địa phương",count_households,2024,19980,old_63,2,Hà Giang
1.5,"Số hộ cận nghèo theo chuẩn nghèo đa chiều phân theo thành thị, nông thôn và theo vùng, địa phương",count_households,2016,13648,old_63,4,Cao Bằng
1.5,"Số hộ cận nghèo theo chuẩn nghèo đa chiều phân theo thành thị, nông thôn và theo vùng, địa phương",count_households,2017,15762,old_63,4,Cao Bằng
1.5,"Số hộ cận nghèo theo chuẩn nghèo đa chiều phân theo thành thị, nông thôn và theo vùng, địa phương",count_households,2018,17125,old_63,4,Cao Bằng
1.5,"Số hộ cận nghèo theo chuẩn nghèo đa chiều phân theo thành thị, nông thôn và theo vùng, địa phương",count_households,2019,18733,old_63,4,Cao Bằng
1.5,"Số hộ cận nghèo theo chuẩn nghèo đa chiều phân theo thành thị, nông thôn và theo vùng, địa phương",count_households,2020,10859,old_63,4,Cao Bằng
1.5,"Số hộ cận nghèo theo chuẩn nghèo đa chiều phân theo thành thị, nông thôn và theo vùng, địa phương",count_households,2021,17145,old_63,4,Cao Bằng
1.5,"Số hộ cận nghèo theo chuẩn nghèo đa chiều phân theo thành thị, nông thôn và theo vùng, địa phương",count_households,2022,19084,old_63,4,Cao Bằng
1.5,"Số hộ cận nghèo theo chuẩn nghèo đa chiều phân theo thành thị, nông thôn và theo vùng, địa phương",count_households,2023,19747,old_63,4,Cao Bằng
1.5,"Số hộ cận nghèo theo chuẩn nghèo đa chiều phân theo thành thị, nông thôn và theo vùng, địa phương",count_households,2024,19767,old_63,4,Cao Bằng
1.5,"Số hộ cận nghèo theo chuẩn nghèo đa chiều phân theo thành thị, nông thôn và theo vùng, địa phương",count_households,2016,10114,old_63,6,Bắc Kạn
1.5,"Số hộ cận nghèo theo chuẩn nghèo đa chiều phân theo thành thị, nông thôn và theo vùng, địa phương",count_households,2017,9659,old_63,6,Bắc Kạn
1.5,"Số hộ cận nghèo theo chuẩn nghèo đa chiều phân theo thành thị, nông thôn và theo vùng, địa phương",count_households,2018,9415,old_63,6,Bắc Kạn
1.5,"Số hộ cận nghèo theo chuẩn nghèo đa chiều phân theo thành thị, nông thôn và theo vùng, địa phương",count_households,2019,9106,old_63,6,Bắc Kạn
1.5,"Số hộ cận nghèo theo chuẩn nghèo đa chiều phân theo thành thị, nông thôn và theo vùng, địa phương",count_households,2020,633,old_63,6,Bắc Kạn
1.5,"Số hộ cận nghèo theo chuẩn nghèo đa chiều phân theo thành thị, nông thôn và theo vùng, địa phương",count_households,2021,7765,old_63,6,Bắc Kạn
1.5,"Số hộ cận nghèo theo chuẩn nghèo đa chiều phân theo thành thị, nông thôn và theo vùng, địa phương",count_households,2022,7385,old_63,6,Bắc Kạn
1.5,"Số hộ cận nghèo theo chuẩn nghèo đa chiều phân theo thành thị, nông thôn và theo vùng, địa phương",count_households,2023,7492,old_63,6,Bắc Kạn
1.5,"Số hộ cận nghèo theo chuẩn nghèo đa chiều phân theo thành thị, nông thôn và theo vùng, địa phương",count_households,2024,7678,old_63,6,Bắc Kạn
1.5,"Số hộ cận nghèo theo chuẩn nghèo đa chiều phân theo thành thị, nông thôn và theo vùng, địa phương",count_households,2016,22549,old_63,8,Tuyên Quang
1.5,"Số hộ cận nghèo theo chuẩn nghèo đa chiều phân theo thành thị, nông thôn và theo vùng, địa phương",count_households,2017,26225,old_63,8,Tuyên Quang
1.5,"Số hộ cận nghèo theo chuẩn nghèo đa chiều phân theo thành thị, nông thôn và theo vùng, địa phương",count_households,2018,27654,old_63,8,Tuyên Quang
1.5,"Số hộ cận nghèo theo chuẩn nghèo đa chiều phân theo thành thị, nông thôn và theo vùng, địa phương",count_households,2019,28616,old_63,8,Tuyên Quang
1.5,"Số hộ cận nghèo theo chuẩn nghèo đa chiều phân theo thành thị, nông thôn và theo vùng, địa phương",count_households,2020,12856,old_63,8,Tuyên Quang
1.5,"Số hộ cận nghèo theo chuẩn nghèo đa chiều phân theo thành thị, nông thôn và theo vùng, địa phương",count_households,2021,16749,old_63,8,Tuyên Quang
1.5,"Số hộ cận nghèo theo chuẩn nghèo đa chiều phân theo thành thị, nông thôn và theo vùng, địa phương",count_households,2022,15996,old_63,8,Tuyên Quang
1.5,"Số hộ cận nghèo theo chuẩn nghèo đa chiều phân theo thành thị, nông thôn và theo vùng, địa phương",count_households,2023,13993,old_63,8,Tuyên Quang
1.5,"Số hộ cận nghèo theo chuẩn nghèo đa chiều phân theo thành thị, nông thôn và theo vùng, địa phương",count_households,2024,11411,old_63,8,Tuyên Quang
1.5,"Số hộ cận nghèo theo chuẩn nghèo đa chiều phân theo thành thị, nông thôn và theo vùng, địa phương",count_households,2016,16821,old_63,10,Lào Cai
1.5,"Số hộ cận nghèo theo chuẩn nghèo đa chiều phân theo thành thị, nông thôn và theo vùng, địa phương",count_households,2017,17683,old_63,10,Lào Cai
1.5,"Số hộ cận nghèo theo chuẩn nghèo đa chiều phân theo thành thị, nông thôn và theo vùng, địa phương",count_households,2018,19680,old_63,10,Lào Cai
1.5,"Số hộ cận nghèo theo chuẩn nghèo đa chiều phân theo thành thị, nông thôn và theo vùng, địa phương",count_households,2019,17000,old_63,10,Lào Cai
1.5,"Số hộ cận nghèo theo chuẩn nghèo đa chiều phân theo thành thị, nông thôn và theo vùng, địa phương",count_households,2020,182,old_63,10,Lào Cai
1.5,"Số hộ cận nghèo theo chuẩn nghèo đa chiều phân theo thành thị, nông thôn và theo vùng, địa phương",count_households,2021,22804,old_63,10,Lào Cai
1.5,"Số hộ cận nghèo theo chuẩn nghèo đa chiều phân theo thành thị, nông thôn và theo vùng, địa phương",count_households,2022,21732,old_63,10,Lào Cai
1.5,"Số hộ cận nghèo theo chuẩn nghèo đa chiều phân theo thành thị, nông thôn và theo vùng, địa phương",count_households,2023,18375,old_63,10,Lào Cai
1.5,"Số hộ cận nghèo theo chuẩn nghèo đa chiều phân theo thành thị, nông thôn và theo vùng, địa phương",count_households,2024,18058,old_63,10,Lào Cai
1.5,"Số hộ cận nghèo theo chuẩn nghèo đa chiều phân theo thành thị, nông thôn và theo vùng, địa phương",count_households,2016,21222,old_63,15,Yên Bái
1.5,"Số hộ cận nghèo theo chuẩn nghèo đa chiều phân theo thành thị, nông thôn và theo vùng, địa phương",count_households,2017,20775,old_63,15,Yên Bái
1.5,"Số hộ cận nghèo theo chuẩn nghèo đa chiều phân theo thành thị, nông thôn và theo vùng, địa phương",count_households,2018,20157,old_63,15,Yên Bái
1.5,"Số hộ cận nghèo theo chuẩn nghèo đa chiều phân theo thành thị, nông thôn và theo vùng, địa phương",count_households,2019,20514,old_63,15,Yên Bái
1.5,"Số hộ cận nghèo theo chuẩn nghèo đa chiều phân theo thành thị, nông thôn và theo vùng, địa phương",count_households,2020,1982,old_63,15,Yên Bái
1.5,"Số hộ cận nghèo theo chuẩn nghèo đa chiều phân theo thành thị, nông thôn và theo vùng, địa phương",count_households,2021,17247,old_63,15,Yên Bái
1.5,"Số hộ cận nghèo theo chuẩn nghèo đa chiều phân theo thành thị, nông thôn và theo vùng, địa phương",count_households,2022,12005,old_63,15,Yên Bái
1.5,"Số hộ cận nghèo theo chuẩn nghèo đa chiều phân theo thành thị, nông thôn và theo vùng, địa phương",count_households,2023,8658,old_63,15,Yên Bái
1.5,"Số hộ cận nghèo theo chuẩn nghèo đa chiều phân theo thành thị, nông thôn và theo vùng, địa phương",count_households,2024,6612,old_63,15,Yên Bái
1.5,"Số hộ cận nghèo theo chuẩn nghèo đa chiều phân theo thành thị, nông thôn và theo vùng, địa phương",count_households,2016,27893,old_63,19,Thái Nguyên
1.5,"Số hộ cận nghèo theo chuẩn nghèo đa chiều phân theo thành thị, nông thôn và theo vùng, địa phương",count_households,2017,28131,old_63,19,Thái Nguyên
1.5,"Số hộ cận nghèo theo chuẩn nghèo đa chiều phân theo thành thị, nông thôn và theo vùng, địa phương",count_households,2018,24818,old_63,19,Thái Nguyên
1.5,"Số hộ cận nghèo theo chuẩn nghèo đa chiều phân theo thành thị, nông thôn và theo vùng, địa phương",count_households,2019,21304,old_63,19,Thái Nguyên
1.5,"Số hộ cận nghèo theo chuẩn nghèo đa chiều phân theo thành thị, nông thôn và theo vùng, địa phương",count_households,2020,8613,old_63,19,Thái Nguyên
1.5,"Số hộ cận nghèo theo chuẩn nghèo đa chiều phân theo thành thị, nông thôn và theo vùng, địa phương",count_households,2021,16203,old_63,19,Thái Nguyên
1.5,"Số hộ cận nghèo theo chuẩn nghèo đa chiều phân theo thành thị, nông thôn và theo vùng, địa phương",count_households,2022,12245,old_63,19,Thái Nguyên
1.5,"Số hộ cận nghèo theo chuẩn nghèo đa chiều phân theo thành thị, nông thôn và theo vùng, địa phương",count_households,2023,9516,old_63,19,Thái Nguyên
1.5,"Số hộ cận nghèo theo chuẩn nghèo đa chiều phân theo thành thị, nông thôn và theo vùng, địa phương",count_households,2024,7804,old_63,19,Thái Nguyên
1.5,"Số hộ cận nghèo theo chuẩn nghèo đa chiều phân theo thành thị, nông thôn và theo vùng, địa phương",count_households,2016,22891,old_63,20,Lạng Sơn
1.5,"Số hộ cận nghèo theo chuẩn nghèo đa chiều phân theo thành thị, nông thôn và theo vùng, địa phương",count_households,2017,22801,old_63,20,Lạng Sơn
1.5,"Số hộ cận nghèo theo chuẩn nghèo đa chiều phân theo thành thị, nông thôn và theo vùng, địa phương",count_households,2018,21267,old_63,20,Lạng Sơn
1.5,"Số hộ cận nghèo theo chuẩn nghèo đa chiều phân theo thành thị, nông thôn và theo vùng, địa phương",count_households,2019,20250,old_63,20,Lạng Sơn
1.5,"Số hộ cận nghèo theo chuẩn nghèo đa chiều phân theo thành thị, nông thôn và theo vùng, địa phương",count_households,2020,1317,old_63,20,Lạng Sơn
1.5,"Số hộ cận nghèo theo chuẩn nghèo đa chiều phân theo thành thị, nông thôn và theo vùng, địa phương",count_households,2021,23303,old_63,20,Lạng Sơn
1.5,"Số hộ cận nghèo theo chuẩn nghèo đa chiều phân theo thành thị, nông thôn và theo vùng, địa phương",count_households,2022,20320,old_63,20,Lạng Sơn
1.5,"Số hộ cận nghèo theo chuẩn nghèo đa chiều phân theo thành thị, nông thôn và theo vùng, địa phương",count_households,2023,18438,old_63,20,Lạng Sơn
1.5,"Số hộ cận nghèo theo chuẩn nghèo đa chiều phân theo thành thị, nông thôn và theo vùng, địa phương",count_households,2024,16451,old_63,20,Lạng Sơn
1.5,"Số hộ cận nghèo theo chuẩn nghèo đa chiều phân theo thành thị, nông thôn và theo vùng, địa phương",count_households,2016,37054,old_63,24,Bắc Giang
1.5,"Số hộ cận nghèo theo chuẩn nghèo đa chiều phân theo thành thị, nông thôn và theo vùng, địa phương",count_households,2017,3573,old_63,24,Bắc Giang
1.5,"Số hộ cận nghèo theo chuẩn nghèo đa chiều phân theo thành thị, nông thôn và theo vùng, địa phương",count_households,2018,32100,old_63,24,Bắc Giang
1.5,"Số hộ cận nghèo theo chuẩn nghèo đa chiều phân theo thành thị, nông thôn và theo vùng, địa phương",count_households,2019,28184,old_63,24,Bắc Giang
1.5,"Số hộ cận nghèo theo chuẩn nghèo đa chiều phân theo thành thị, nông thôn và theo vùng, địa phương",count_households,2020,7687,old_63,24,Bắc Giang
1.5,"Số hộ cận nghèo theo chuẩn nghèo đa chiều phân theo thành thị, nông thôn và theo vùng, địa phương",count_households,2021,24528,old_63,24,Bắc Giang
1.5,"Số hộ cận nghèo theo chuẩn nghèo đa chiều phân theo thành thị, nông thôn và theo vùng, địa phương",count_households,2022,19797,old_63,24,Bắc Giang
1.5,"Số hộ cận nghèo theo chuẩn nghèo đa chiều phân theo thành thị, nông thôn và theo vùng, địa phương",count_households,2023,16215,old_63,24,Bắc Giang
1.5,"Số hộ cận nghèo theo chuẩn nghèo đa chiều phân theo thành thị, nông thôn và theo vùng, địa phương",count_households,2024,12762,old_63,24,Bắc Giang
1.5,"Số hộ cận nghèo theo chuẩn nghèo đa chiều phân theo thành thị, nông thôn và theo vùng, địa phương",count_households,2016,31377,old_63,25,Phú Thọ
1.5,"Số hộ cận nghèo theo chuẩn nghèo đa chiều phân theo thành thị, nông thôn và theo vùng, địa phương",count_households,2017,2951,old_63,25,Phú Thọ
1.5,"Số hộ cận nghèo theo chuẩn nghèo đa chiều phân theo thành thị, nông thôn và theo vùng, địa phương",count_households,2018,26134,old_63,25,Phú Thọ
1.5,"Số hộ cận nghèo theo chuẩn nghèo đa chiều phân theo thành thị, nông thôn và theo vùng, địa phương",count_households,2019,23101,old_63,25,Phú Thọ
1.5,"Số hộ cận nghèo theo chuẩn nghèo đa chiều phân theo thành thị, nông thôn và theo vùng, địa phương",count_households,2020,16713,old_63,25,Phú Thọ
1.5,"Số hộ cận nghèo theo chuẩn nghèo đa chiều phân theo thành thị, nông thôn và theo vùng, địa phương",count_households,2021,19557,old_63,25,Phú Thọ
1.5,"Số hộ cận nghèo theo chuẩn nghèo đa chiều phân theo thành thị, nông thôn và theo vùng, địa phương",count_households,2022,17630,old_63,25,Phú Thọ
1.5,"Số hộ cận nghèo theo chuẩn nghèo đa chiều phân theo thành thị, nông thôn và theo vùng, địa phương",count_households,2023,15357,old_63,25,Phú Thọ
1.5,"Số hộ cận nghèo theo chuẩn nghèo đa chiều phân theo thành thị, nông thôn và theo vùng, địa phương",count_households,2024,13212,old_63,25,Phú Thọ
1.5,"Số hộ cận nghèo theo chuẩn nghèo đa chiều phân theo thành thị, nông thôn và theo vùng, địa phương",count_households,2016,10694,old_63,11,Điện Biên
1.5,"Số hộ cận nghèo theo chuẩn nghèo đa chiều phân theo thành thị, nông thôn và theo vùng, địa phương",count_households,2017,11782,old_63,11,Điện Biên
1.5,"Số hộ cận nghèo theo chuẩn nghèo đa chiều phân theo thành thị, nông thôn và theo vùng, địa phương",count_households,2018,12483,old_63,11,Điện Biên
1.5,"Số hộ cận nghèo theo chuẩn nghèo đa chiều phân theo thành thị, nông thôn và theo vùng, địa phương",count_households,2019,12727,old_63,11,Điện Biên
1.5,"Số hộ cận nghèo theo chuẩn nghèo đa chiều phân theo thành thị, nông thôn và theo vùng, địa phương",count_households,2020,12585,old_63,11,Điện Biên
1.5,"Số hộ cận nghèo theo chuẩn nghèo đa chiều phân theo thành thị, nông thôn và theo vùng, địa phương",count_households,2021,10356,old_63,11,Điện Biên
1.5,"Số hộ cận nghèo theo chuẩn nghèo đa chiều phân theo thành thị, nông thôn và theo vùng, địa phương",count_households,2022,13241,old_63,11,Điện Biên
1.5,"Số hộ cận nghèo theo chuẩn nghèo đa chiều phân theo thành thị, nông thôn và theo vùng, địa phương",count_households,2023,15793,old_63,11,Điện Biên
1.5,"Số hộ cận nghèo theo chuẩn nghèo đa chiều phân theo thành thị, nông thôn và theo vùng, địa phương",count_households,2024,17034,old_63,11,Điện Biên
1.5,"Số hộ cận nghèo theo chuẩn nghèo đa chiều phân theo thành thị, nông thôn và theo vùng, địa phương",count_households,2016,11169,old_63,12,Lai Châu
1.5,"Số hộ cận nghèo theo chuẩn nghèo đa chiều phân theo thành thị, nông thôn và theo vùng, địa phương",count_households,2017,11227,old_63,12,Lai Châu
1.5,"Số hộ cận nghèo theo chuẩn nghèo đa chiều phân theo thành thị, nông thôn và theo vùng, địa phương",count_households,2018,10771,old_63,12,Lai Châu
1.5,"Số hộ cận nghèo theo chuẩn nghèo đa chiều phân theo thành thị, nông thôn và theo vùng, địa phương",count_households,2019,10097,old_63,12,Lai Châu
1.5,"Số hộ cận nghèo theo chuẩn nghèo đa chiều phân theo thành thị, nông thôn và theo vùng, địa phương",count_households,2020,9480,old_63,12,Lai Châu
1.5,"Số hộ cận nghèo theo chuẩn nghèo đa chiều phân theo thành thị, nông thôn và theo vùng, địa phương",count_households,2021,11001,old_63,12,Lai Châu
1.5,"Số hộ cận nghèo theo chuẩn nghèo đa chiều phân theo thành thị, nông thôn và theo vùng, địa phương",count_households,2022,11530,old_63,12,Lai Châu
1.5,"Số hộ cận nghèo theo chuẩn nghèo đa chiều phân theo thành thị, nông thôn và theo vùng, địa phương",count_households,2023,10990,old_63,12,Lai Châu
1.5,"Số hộ cận nghèo theo chuẩn nghèo đa chiều phân theo thành thị, nông thôn và theo vùng, địa phương",count_households,2024,10053,old_63,12,Lai Châu
1.5,"Số hộ cận nghèo theo chuẩn nghèo đa chiều phân theo thành thị, nông thôn và theo vùng, địa phương",count_households,2016,29812,old_63,14,Sơn La
1.5,"Số hộ cận nghèo theo chuẩn nghèo đa chiều phân theo thành thị, nông thôn và theo vùng, địa phương",count_households,2017,31237,old_63,14,Sơn La
1.5,"Số hộ cận nghèo theo chuẩn nghèo đa chiều phân theo thành thị, nông thôn và theo vùng, địa phương",count_households,2018,31219,old_63,14,Sơn La
1.5,"Số hộ cận nghèo theo chuẩn nghèo đa chiều phân theo thành thị, nông thôn và theo vùng, địa phương",count_households,2019,31362,old_63,14,Sơn La
1.5,"Số hộ cận nghèo theo chuẩn nghèo đa chiều phân theo thành thị, nông thôn và theo vùng, địa phương",count_households,2020,30750,old_63,14,Sơn La
1.5,"Số hộ cận nghèo theo chuẩn nghèo đa chiều phân theo thành thị, nông thôn và theo vùng, địa phương",count_households,2021,30060,old_63,14,Sơn La
1.5,"Số hộ cận nghèo theo chuẩn nghèo đa chiều phân theo thành thị, nông thôn và theo vùng, địa phương",count_households,2022,28702,old_63,14,Sơn La
1.5,"Số hộ cận nghèo theo chuẩn nghèo đa chiều phân theo thành thị, nông thôn và theo vùng, địa phương",count_households,2023,27050,old_63,14,Sơn La
1.5,"Số hộ cận nghèo theo chuẩn nghèo đa chiều phân theo thành thị, nông thôn và theo vùng, địa phương",count_households,2024,24993,old_63,14,Sơn La
1.5,"Số hộ cận nghèo theo chuẩn nghèo đa chiều phân theo thành thị, nông thôn và theo vùng, địa phương",count_households,2016,29017,old_63,17,Hoà Bình
1.5,"Số hộ cận nghèo theo chuẩn nghèo đa chiều phân theo thành thị, nông thôn và theo vùng, địa phương",count_households,2017,31657,old_63,17,Hoà Bình
1.5,"Số hộ cận nghèo theo chuẩn nghèo đa chiều phân theo thành thị, nông thôn và theo vùng, địa phương",count_households,2018,30512,old_63,17,Hoà Bình
1.5,"Số hộ cận nghèo theo chuẩn nghèo đa chiều phân theo thành thị, nông thôn và theo vùng, địa phương",count_households,2019,30520,old_63,17,Hoà Bình
1.5,"Số hộ cận nghèo theo chuẩn nghèo đa chiều phân theo thành thị, nông thôn và theo vùng, địa phương",count_households,2020,21842,old_63,17,Hoà Bình
1.5,"Số hộ cận nghèo theo chuẩn nghèo đa chiều phân theo thành thị, nông thôn và theo vùng, địa phương",count_households,2021,23388,old_63,17,Hoà Bình
1.5,"Số hộ cận nghèo theo chuẩn nghèo đa chiều phân theo thành thị, nông thôn và theo vùng, địa phương",count_households,2022,22114,old_63,17,Hoà Bình
1.5,"Số hộ cận nghèo theo chuẩn nghèo đa chiều phân theo thành thị, nông thôn và theo vùng, địa phương",count_households,2023,19692,old_63,17,Hoà Bình
1.5,"Số hộ cận nghèo theo chuẩn nghèo đa chiều phân theo thành thị, nông thôn và theo vùng, địa phương",count_households,2024,17395,old_63,17,Hoà Bình
1.5,"Số hộ cận nghèo theo chuẩn nghèo đa chiều phân theo thành thị, nông thôn và theo vùng, địa phương",count_households,2016,7627,old_63,1,Hà Nội
1.5,"Số hộ cận nghèo theo chuẩn nghèo đa chiều phân theo thành thị, nông thôn và theo vùng, địa phương",count_households,2017,8193,old_63,1,Hà Nội
1.5,"Số hộ cận nghèo theo chuẩn nghèo đa chiều phân theo thành thị, nông thôn và theo vùng, địa phương",count_households,2018,7528,old_63,1,Hà Nội
1.5,"Số hộ cận nghèo theo chuẩn nghèo đa chiều phân theo thành thị, nông thôn và theo vùng, địa phương",count_households,2019,3939,old_63,1,Hà Nội
1.5,"Số hộ cận nghèo theo chuẩn nghèo đa chiều phân theo thành thị, nông thôn và theo vùng, địa phương",count_households,2020,1590,old_63,1,Hà Nội
1.5,"Số hộ cận nghèo theo chuẩn nghèo đa chiều phân theo thành thị, nông thôn và theo vùng, địa phương",count_households,2021,1970,old_63,1,Hà Nội
1.5,"Số hộ cận nghèo theo chuẩn nghèo đa chiều phân theo thành thị, nông thôn và theo vùng, địa phương",count_households,2022,1782,old_63,1,Hà Nội
1.5,"Số hộ cận nghèo theo chuẩn nghèo đa chiều phân theo thành thị, nông thôn và theo vùng, địa phương",count_households,2023,1091,old_63,1,Hà Nội
1.5,"Số hộ cận nghèo theo chuẩn nghèo đa chiều phân theo thành thị, nông thôn và theo vùng, địa phương",count_households,2024,890,old_63,1,Hà Nội
1.5,"Số hộ cận nghèo theo chuẩn nghèo đa chiều phân theo thành thị, nông thôn và theo vùng, địa phương",count_households,2016,12106,old_63,26,Vĩnh Phúc
1.5,"Số hộ cận nghèo theo chuẩn nghèo đa chiều phân theo thành thị, nông thôn và theo vùng, địa phương",count_households,2017,11215,old_63,26,Vĩnh Phúc
1.5,"Số hộ cận nghèo theo chuẩn nghèo đa chiều phân theo thành thị, nông thôn và theo vùng, địa phương",count_households,2018,9804,old_63,26,Vĩnh Phúc
1.5,"Số hộ cận nghèo theo chuẩn nghèo đa chiều phân theo thành thị, nông thôn và theo vùng, địa phương",count_households,2019,8459,old_63,26,Vĩnh Phúc
1.5,"Số hộ cận nghèo theo chuẩn nghèo đa chiều phân theo thành thị, nông thôn và theo vùng, địa phương",count_households,2020,6628,old_63,26,Vĩnh Phúc
1.5,"Số hộ cận nghèo theo chuẩn nghèo đa chiều phân theo thành thị, nông thôn và theo vùng, địa phương",count_households,2021,7271,old_63,26,Vĩnh Phúc
1.5,"Số hộ cận nghèo theo chuẩn nghèo đa chiều phân theo thành thị, nông thôn và theo vùng, địa phương",count_households,2022,5881,old_63,26,Vĩnh Phúc
1.5,"Số hộ cận nghèo theo chuẩn nghèo đa chiều phân theo thành thị, nông thôn và theo vùng, địa phương",count_households,2023,4778,old_63,26,Vĩnh Phúc
1.5,"Số hộ cận nghèo theo chuẩn nghèo đa chiều phân theo thành thị, nông thôn và theo vùng, địa phương",count_households,2024,4028,old_63,26,Vĩnh Phúc
1.5,"Số hộ cận nghèo theo chuẩn nghèo đa chiều phân theo thành thị, nông thôn và theo vùng, địa phương",count_households,2016,8980,old_63,27,Bắc Ninh
1.5,"Số hộ cận nghèo theo chuẩn nghèo đa chiều phân theo thành thị, nông thôn và theo vùng, địa phương",count_households,2017,8129,old_63,27,Bắc Ninh
1.5,"Số hộ cận nghèo theo chuẩn nghèo đa chiều phân theo thành thị, nông thôn và theo vùng, địa phương",count_households,2018,7468,old_63,27,Bắc Ninh
1.5,"Số hộ cận nghèo theo chuẩn nghèo đa chiều phân theo thành thị, nông thôn và theo vùng, địa phương",count_households,2019,6679,old_63,27,Bắc Ninh
1.5,"Số hộ cận nghèo theo chuẩn nghèo đa chiều phân theo thành thị, nông thôn và theo vùng, địa phương",count_households,2020,5524,old_63,27,Bắc Ninh
1.5,"Số hộ cận nghèo theo chuẩn nghèo đa chiều phân theo thành thị, nông thôn và theo vùng, địa phương",count_households,2021,5634,old_63,27,Bắc Ninh
1.5,"Số hộ cận nghèo theo chuẩn nghèo đa chiều phân theo thành thị, nông thôn và theo vùng, địa phương",count_households,2022,5109,old_63,27,Bắc Ninh
1.5,"Số hộ cận nghèo theo chuẩn nghèo đa chiều phân theo thành thị, nông thôn và theo vùng, địa phương",count_households,2023,3802,old_63,27,Bắc Ninh
1.5,"Số hộ cận nghèo theo chuẩn nghèo đa chiều phân theo thành thị, nông thôn và theo vùng, địa phương",count_households,2024,2926,old_63,27,Bắc Ninh
1.5,"Số hộ cận nghèo theo chuẩn nghèo đa chiều phân theo thành thị, nông thôn và theo vùng, địa phương",count_households,2016,11035,old_63,22,Quảng Ninh
1.5,"Số hộ cận nghèo theo chuẩn nghèo đa chiều phân theo thành thị, nông thôn và theo vùng, địa phương",count_households,2017,10437,old_63,22,Quảng Ninh
1.5,"Số hộ cận nghèo theo chuẩn nghèo đa chiều phân theo thành thị, nông thôn và theo vùng, địa phương",count_households,2018,8526,old_63,22,Quảng Ninh
1.5,"Số hộ cận nghèo theo chuẩn nghèo đa chiều phân theo thành thị, nông thôn và theo vùng, địa phương",count_households,2019,6017,old_63,22,Quảng Ninh
1.5,"Số hộ cận nghèo theo chuẩn nghèo đa chiều phân theo thành thị, nông thôn và theo vùng, địa phương",count_households,2020,7755,old_63,22,Quảng Ninh
1.5,"Số hộ cận nghèo theo chuẩn nghèo đa chiều phân theo thành thị, nông thôn và theo vùng, địa phương",count_households,2021,5553,old_63,22,Quảng Ninh
1.5,"Số hộ cận nghèo theo chuẩn nghèo đa chiều phân theo thành thị, nông thôn và theo vùng, địa phương",count_households,2022,2454,old_63,22,Quảng Ninh
1.5,"Số hộ cận nghèo theo chuẩn nghèo đa chiều phân theo thành thị, nông thôn và theo vùng, địa phương",count_households,2023,925,old_63,22,Quảng Ninh
1.5,"Số hộ cận nghèo theo chuẩn nghèo đa chiều phân theo thành thị, nông thôn và theo vùng, địa phương",count_households,2024,25,old_63,22,Quảng Ninh
1.5,"Số hộ cận nghèo theo chuẩn nghèo đa chiều phân theo thành thị, nông thôn và theo vùng, địa phương",count_households,2016,23380,old_63,30,Hải Dương
1.5,"Số hộ cận nghèo theo chuẩn nghèo đa chiều phân theo thành thị, nông thôn và theo vùng, địa phương",count_households,2017,21658,old_63,30,Hải Dương
1.5,"Số hộ cận nghèo theo chuẩn nghèo đa chiều phân theo thành thị, nông thôn và theo vùng, địa phương",count_households,2018,19292,old_63,30,Hải Dương
1.5,"Số hộ cận nghèo theo chuẩn nghèo đa chiều phân theo thành thị, nông thôn và theo vùng, địa phương",count_households,2019,16759,old_63,30,Hải Dương
1.5,"Số hộ cận nghèo theo chuẩn nghèo đa chiều phân theo thành thị, nông thôn và theo vùng, địa phương",count_households,2020,13030,old_63,30,Hải Dương
1.5,"Số hộ cận nghèo theo chuẩn nghèo đa chiều phân theo thành thị, nông thôn và theo vùng, địa phương",count_households,2021,14441,old_63,30,Hải Dương
1.5,"Số hộ cận nghèo theo chuẩn nghèo đa chiều phân theo thành thị, nông thôn và theo vùng, địa phương",count_households,2022,12593,old_63,30,Hải Dương
1.5,"Số hộ cận nghèo theo chuẩn nghèo đa chiều phân theo thành thị, nông thôn và theo vùng, địa phương",count_households,2023,10807,old_63,30,Hải Dương
1.5,"Số hộ cận nghèo theo chuẩn nghèo đa chiều phân theo thành thị, nông thôn và theo vùng, địa phương",count_households,2024,8521,old_63,30,Hải Dương
1.5,"Số hộ cận nghèo theo chuẩn nghèo đa chiều phân theo thành thị, nông thôn và theo vùng, địa phương",count_households,2016,17148,old_63,31,Hải Phòng
1.5,"Số hộ cận nghèo theo chuẩn nghèo đa chiều phân theo thành thị, nông thôn và theo vùng, địa phương",count_households,2017,15725,old_63,31,Hải Phòng
1.5,"Số hộ cận nghèo theo chuẩn nghèo đa chiều phân theo thành thị, nông thôn và theo vùng, địa phương",count_households,2018,14902,old_63,31,Hải Phòng
1.5,"Số hộ cận nghèo theo chuẩn nghèo đa chiều phân theo thành thị, nông thôn và theo vùng, địa phương",count_households,2019,12971,old_63,31,Hải Phòng
1.5,"Số hộ cận nghèo theo chuẩn nghèo đa chiều phân theo thành thị, nông thôn và theo vùng, địa phương",count_households,2020,10732,old_63,31,Hải Phòng
1.5,"Số hộ cận nghèo theo chuẩn nghèo đa chiều phân theo thành thị, nông thôn và theo vùng, địa phương",count_households,2021,14322,old_63,31,Hải Phòng
1.5,"Số hộ cận nghèo theo chuẩn nghèo đa chiều phân theo thành thị, nông thôn và theo vùng, địa phương",count_households,2022,10783,old_63,31,Hải Phòng
1.5,"Số hộ cận nghèo theo chuẩn nghèo đa chiều phân theo thành thị, nông thôn và theo vùng, địa phương",count_households,2023,8998,old_63,31,Hải Phòng
1.5,"Số hộ cận nghèo theo chuẩn nghèo đa chiều phân theo thành thị, nông thôn và theo vùng, địa phương",count_households,2024,5944,old_63,31,Hải Phòng
1.5,"Số hộ cận nghèo theo chuẩn nghèo đa chiều phân theo thành thị, nông thôn và theo vùng, địa phương",count_households,2016,12348,old_63,33,Hưng Yên
1.5,"Số hộ cận nghèo theo chuẩn nghèo đa chiều phân theo thành thị, nông thôn và theo vùng, địa phương",count_households,2017,11579,old_63,33,Hưng Yên
1.5,"Số hộ cận nghèo theo chuẩn nghèo đa chiều phân theo thành thị, nông thôn và theo vùng, địa phương",count_households,2018,10766,old_63,33,Hưng Yên
1.5,"Số hộ cận nghèo theo chuẩn nghèo đa chiều phân theo thành thị, nông thôn và theo vùng, địa phương",count_households,2019,9180,old_63,33,Hưng Yên
1.5,"Số hộ cận nghèo theo chuẩn nghèo đa chiều phân theo thành thị, nông thôn và theo vùng, địa phương",count_households,2020,6844,old_63,33,Hưng Yên
1.5,"Số hộ cận nghèo theo chuẩn nghèo đa chiều phân theo thành thị, nông thôn và theo vùng, địa phương",count_households,2021,10440,old_63,33,Hưng Yên
1.5,"Số hộ cận nghèo theo chuẩn nghèo đa chiều phân theo thành thị, nông thôn và theo vùng, địa phương",count_households,2022,8183,old_63,33,Hưng Yên
1.5,"Số hộ cận nghèo theo chuẩn nghèo đa chiều phân theo thành thị, nông thôn và theo vùng, địa phương",count_households,2023,5432,old_63,33,Hưng Yên
1.5,"Số hộ cận nghèo theo chuẩn nghèo đa chiều phân theo thành thị, nông thôn và theo vùng, địa phương",count_households,2024,3142,old_63,33,Hưng Yên
1.5,"Số hộ cận nghèo theo chuẩn nghèo đa chiều phân theo thành thị, nông thôn và theo vùng, địa phương",count_households,2016,21660,old_63,34,Thái Bình
1.5,"Số hộ cận nghèo theo chuẩn nghèo đa chiều phân theo thành thị, nông thôn và theo vùng, địa phương",count_households,2017,2155,old_63,34,Thái Bình
1.5,"Số hộ cận nghèo theo chuẩn nghèo đa chiều phân theo thành thị, nông thôn và theo vùng, địa phương",count_households,2018,20151,old_63,34,Thái Bình
1.5,"Số hộ cận nghèo theo chuẩn nghèo đa chiều phân theo thành thị, nông thôn và theo vùng, địa phương",count_households,2019,18508,old_63,34,Thái Bình
1.5,"Số hộ cận nghèo theo chuẩn nghèo đa chiều phân theo thành thị, nông thôn và theo vùng, địa phương",count_households,2020,16611,old_63,34,Thái Bình
1.5,"Số hộ cận nghèo theo chuẩn nghèo đa chiều phân theo thành thị, nông thôn và theo vùng, địa phương",count_households,2021,16218,old_63,34,Thái Bình
1.5,"Số hộ cận nghèo theo chuẩn nghèo đa chiều phân theo thành thị, nông thôn và theo vùng, địa phương",count_households,2022,14854,old_63,34,Thái Bình
1.5,"Số hộ cận nghèo theo chuẩn nghèo đa chiều phân theo thành thị, nông thôn và theo vùng, địa phương",count_households,2023,12587,old_63,34,Thái Bình
1.5,"Số hộ cận nghèo theo chuẩn nghèo đa chiều phân theo thành thị, nông thôn và theo vùng, địa phương",count_households,2024,10907,old_63,34,Thái Bình
1.5,"Số hộ cận nghèo theo chuẩn nghèo đa chiều phân theo thành thị, nông thôn và theo vùng, địa phương",count_households,2016,13211,old_63,35,Hà Nam
1.5,"Số hộ cận nghèo theo chuẩn nghèo đa chiều phân theo thành thị, nông thôn và theo vùng, địa phương",count_households,2017,12603,old_63,35,Hà Nam
1.5,"Số hộ cận nghèo theo chuẩn nghèo đa chiều phân theo thành thị, nông thôn và theo vùng, địa phương",count_households,2018,11595,old_63,35,Hà Nam
1.5,"Số hộ cận nghèo theo chuẩn nghèo đa chiều phân theo thành thị, nông thôn và theo vùng, địa phương",count_households,2019,10386,old_63,35,Hà Nam
1.5,"Số hộ cận nghèo theo chuẩn nghèo đa chiều phân theo thành thị, nông thôn và theo vùng, địa phương",count_households,2020,7737,old_63,35,Hà Nam
1.5,"Số hộ cận nghèo theo chuẩn nghèo đa chiều phân theo thành thị, nông thôn và theo vùng, địa phương",count_households,2021,9855,old_63,35,Hà Nam
1.5,"Số hộ cận nghèo theo chuẩn nghèo đa chiều phân theo thành thị, nông thôn và theo vùng, địa phương",count_households,2022,7528,old_63,35,Hà Nam
1.5,"Số hộ cận nghèo theo chuẩn nghèo đa chiều phân theo thành thị, nông thôn và theo vùng, địa phương",count_households,2023,6200,old_63,35,Hà Nam
1.5,"Số hộ cận nghèo theo chuẩn nghèo đa chiều phân theo thành thị, nông thôn và theo vùng, địa phương",count_households,2024,5120,old_63,35,Hà Nam
1.5,"Số hộ cận nghèo theo chuẩn nghèo đa chiều phân theo thành thị, nông thôn và theo vùng, địa phương",count_households,2016,36126,old_63,36,Nam Định
1.5,"Số hộ cận nghèo theo chuẩn nghèo đa chiều phân theo thành thị, nông thôn và theo vùng, địa phương",count_households,2017,40624,old_63,36,Nam Định
1.5,"Số hộ cận nghèo theo chuẩn nghèo đa chiều phân theo thành thị, nông thôn và theo vùng, địa phương",count_households,2018,38898,old_63,36,Nam Định
1.5,"Số hộ cận nghèo theo chuẩn nghèo đa chiều phân theo thành thị, nông thôn và theo vùng, địa phương",count_households,2019,37609,old_63,36,Nam Định
1.5,"Số hộ cận nghèo theo chuẩn nghèo đa chiều phân theo thành thị, nông thôn và theo vùng, địa phương",count_households,2020,32030,old_63,36,Nam Định
1.5,"Số hộ cận nghèo theo chuẩn nghèo đa chiều phân theo thành thị, nông thôn và theo vùng, địa phương",count_households,2021,32062,old_63,36,Nam Định
1.5,"Số hộ cận nghèo theo chuẩn nghèo đa chiều phân theo thành thị, nông thôn và theo vùng, địa phương",count_households,2022,22241,old_63,36,Nam Định
1.5,"Số hộ cận nghèo theo chuẩn nghèo đa chiều phân theo thành thị, nông thôn và theo vùng, địa phương",count_households,2023,17803,old_63,36,Nam Định
1.5,"Số hộ cận nghèo theo chuẩn nghèo đa chiều phân theo thành thị, nông thôn và theo vùng, địa phương",count_households,2024,15099,old_63,36,Nam Định
1.5,"Số hộ cận nghèo theo chuẩn nghèo đa chiều phân theo thành thị, nông thôn và theo vùng, địa phương",count_households,2016,18908,old_63,37,Ninh Bình
1.5,"Số hộ cận nghèo theo chuẩn nghèo đa chiều phân theo thành thị, nông thôn và theo vùng, địa phương",count_households,2017,18160,old_63,37,Ninh Bình
1.5,"Số hộ cận nghèo theo chuẩn nghèo đa chiều phân theo thành thị, nông thôn và theo vùng, địa phương",count_households,2018,15106,old_63,37,Ninh Bình
1.5,"Số hộ cận nghèo theo chuẩn nghèo đa chiều phân theo thành thị, nông thôn và theo vùng, địa phương",count_households,2019,12493,old_63,37,Ninh Bình
1.5,"Số hộ cận nghèo theo chuẩn nghèo đa chiều phân theo thành thị, nông thôn và theo vùng, địa phương",count_households,2020,9783,old_63,37,Ninh Bình
1.5,"Số hộ cận nghèo theo chuẩn nghèo đa chiều phân theo thành thị, nông thôn và theo vùng, địa phương",count_households,2021,10858,old_63,37,Ninh Bình
1.5,"Số hộ cận nghèo theo chuẩn nghèo đa chiều phân theo thành thị, nông thôn và theo vùng, địa phương",count_households,2022,8829,old_63,37,Ninh Bình
1.5,"Số hộ cận nghèo theo chuẩn nghèo đa chiều phân theo thành thị, nông thôn và theo vùng, địa phương",count_households,2023,7207,old_63,37,Ninh Bình
1.5,"Số hộ cận nghèo theo chuẩn nghèo đa chiều phân theo thành thị, nông thôn và theo vùng, địa phương",count_households,2024,6025,old_63,37,Ninh Bình
1.5,"Số hộ cận nghèo theo chuẩn nghèo đa chiều phân theo thành thị, nông thôn và theo vùng, địa phương",count_households,2016,96096,old_63,38,Thanh Hóa
1.5,"Số hộ cận nghèo theo chuẩn nghèo đa chiều phân theo thành thị, nông thôn và theo vùng, địa phương",count_households,2017,96284,old_63,38,Thanh Hóa
1.5,"Số hộ cận nghèo theo chuẩn nghèo đa chiều phân theo thành thị, nông thôn và theo vùng, địa phương",count_households,2018,94175,old_63,38,Thanh Hóa
1.5,"Số hộ cận nghèo theo chuẩn nghèo đa chiều phân theo thành thị, nông thôn và theo vùng, địa phương",count_households,2019,102092,old_63,38,Thanh Hóa
1.5,"Số hộ cận nghèo theo chuẩn nghèo đa chiều phân theo thành thị, nông thôn và theo vùng, địa phương",count_households,2020,66476,old_63,38,Thanh Hóa
1.5,"Số hộ cận nghèo theo chuẩn nghèo đa chiều phân theo thành thị, nông thôn và theo vùng, địa phương",count_households,2021,86912,old_63,38,Thanh Hóa
1.5,"Số hộ cận nghèo theo chuẩn nghèo đa chiều phân theo thành thị, nông thôn và theo vùng, địa phương",count_households,2022,68946,old_63,38,Thanh Hóa
1.5,"Số hộ cận nghèo theo chuẩn nghèo đa chiều phân theo thành thị, nông thôn và theo vùng, địa phương",count_households,2023,55797,old_63,38,Thanh Hóa
1.5,"Số hộ cận nghèo theo chuẩn nghèo đa chiều phân theo thành thị, nông thôn và theo vùng, địa phương",count_households,2024,45878,old_63,38,Thanh Hóa
1.5,"Số hộ cận nghèo theo chuẩn nghèo đa chiều phân theo thành thị, nông thôn và theo vùng, địa phương",count_households,2016,84214,old_63,40,Nghệ An
1.5,"Số hộ cận nghèo theo chuẩn nghèo đa chiều phân theo thành thị, nông thôn và theo vùng, địa phương",count_households,2017,85555,old_63,40,Nghệ An
1.5,"Số hộ cận nghèo theo chuẩn nghèo đa chiều phân theo thành thị, nông thôn và theo vùng, địa phương",count_households,2018,81669,old_63,40,Nghệ An
1.5,"Số hộ cận nghèo theo chuẩn nghèo đa chiều phân theo thành thị, nông thôn và theo vùng, địa phương",count_households,2019,75398,old_63,40,Nghệ An
1.5,"Số hộ cận nghèo theo chuẩn nghèo đa chiều phân theo thành thị, nông thôn và theo vùng, địa phương",count_households,2020,53990,old_63,40,Nghệ An
1.5,"Số hộ cận nghèo theo chuẩn nghèo đa chiều phân theo thành thị, nông thôn và theo vùng, địa phương",count_households,2021,56437,old_63,40,Nghệ An
1.5,"Số hộ cận nghèo theo chuẩn nghèo đa chiều phân theo thành thị, nông thôn và theo vùng, địa phương",count_households,2022,53571,old_63,40,Nghệ An
1.5,"Số hộ cận nghèo theo chuẩn nghèo đa chiều phân theo thành thị, nông thôn và theo vùng, địa phương",count_households,2023,50063,old_63,40,Nghệ An
1.5,"Số hộ cận nghèo theo chuẩn nghèo đa chiều phân theo thành thị, nông thôn và theo vùng, địa phương",count_households,2024,47838,old_63,40,Nghệ An
1.5,"Số hộ cận nghèo theo chuẩn nghèo đa chiều phân theo thành thị, nông thôn và theo vùng, địa phương",count_households,2016,31294,old_63,42,Hà Tĩnh
1.5,"Số hộ cận nghèo theo chuẩn nghèo đa chiều phân theo thành thị, nông thôn và theo vùng, địa phương",count_households,2017,29187,old_63,42,Hà Tĩnh
1.5,"Số hộ cận nghèo theo chuẩn nghèo đa chiều phân theo thành thị, nông thôn và theo vùng, địa phương",count_households,2018,24833,old_63,42,Hà Tĩnh
1.5,"Số hộ cận nghèo theo chuẩn nghèo đa chiều phân theo thành thị, nông thôn và theo vùng, địa phương",count_households,2019,19374,old_63,42,Hà Tĩnh
1.5,"Số hộ cận nghèo theo chuẩn nghèo đa chiều phân theo thành thị, nông thôn và theo vùng, địa phương",count_households,2020,16462,old_63,42,Hà Tĩnh
1.5,"Số hộ cận nghèo theo chuẩn nghèo đa chiều phân theo thành thị, nông thôn và theo vùng, địa phương",count_households,2021,19420,old_63,42,Hà Tĩnh
1.5,"Số hộ cận nghèo theo chuẩn nghèo đa chiều phân theo thành thị, nông thôn và theo vùng, địa phương",count_households,2022,15486,old_63,42,Hà Tĩnh
1.5,"Số hộ cận nghèo theo chuẩn nghèo đa chiều phân theo thành thị, nông thôn và theo vùng, địa phương",count_households,2023,12947,old_63,42,Hà Tĩnh
1.5,"Số hộ cận nghèo theo chuẩn nghèo đa chiều phân theo thành thị, nông thôn và theo vùng, địa phương",count_households,2024,11736,old_63,42,Hà Tĩnh
1.5,"Số hộ cận nghèo theo chuẩn nghèo đa chiều phân theo thành thị, nông thôn và theo vùng, địa phương",count_households,2016,31106,old_63,44,Quảng Bình
1.5,"Số hộ cận nghèo theo chuẩn nghèo đa chiều phân theo thành thị, nông thôn và theo vùng, địa phương",count_households,2017,29466,old_63,44,Quảng Bình
1.5,"Số hộ cận nghèo theo chuẩn nghèo đa chiều phân theo thành thị, nông thôn và theo vùng, địa phương",count_households,2018,23392,old_63,44,Quảng Bình
1.5,"Số hộ cận nghèo theo chuẩn nghèo đa chiều phân theo thành thị, nông thôn và theo vùng, địa phương",count_households,2019,16613,old_63,44,Quảng Bình
1.5,"Số hộ cận nghèo theo chuẩn nghèo đa chiều phân theo thành thị, nông thôn và theo vùng, địa phương",count_households,2020,12405,old_63,44,Quảng Bình
1.5,"Số hộ cận nghèo theo chuẩn nghèo đa chiều phân theo thành thị, nông thôn và theo vùng, địa phương",count_households,2021,13735,old_63,44,Quảng Bình
1.5,"Số hộ cận nghèo theo chuẩn nghèo đa chiều phân theo thành thị, nông thôn và theo vùng, địa phương",count_households,2022,12248,old_63,44,Quảng Bình
1.5,"Số hộ cận nghèo theo chuẩn nghèo đa chiều phân theo thành thị, nông thôn và theo vùng, địa phương",count_households,2023,10379,old_63,44,Quảng Bình
1.5,"Số hộ cận nghèo theo chuẩn nghèo đa chiều phân theo thành thị, nông thôn và theo vùng, địa phương",count_households,2024,8731,old_63,44,Quảng Bình
1.5,"Số hộ cận nghèo theo chuẩn nghèo đa chiều phân theo thành thị, nông thôn và theo vùng, địa phương",count_households,2016,12001,old_63,45,Quảng Trị
1.5,"Số hộ cận nghèo theo chuẩn nghèo đa chiều phân theo thành thị, nông thôn và theo vùng, địa phương",count_households,2017,11613,old_63,45,Quảng Trị
1.5,"Số hộ cận nghèo theo chuẩn nghèo đa chiều phân theo thành thị, nông thôn và theo vùng, địa phương",count_households,2018,11316,old_63,45,Quảng Trị
1.5,"Số hộ cận nghèo theo chuẩn nghèo đa chiều phân theo thành thị, nông thôn và theo vùng, địa phương",count_households,2019,11280,old_63,45,Quảng Trị
1.5,"Số hộ cận nghèo theo chuẩn nghèo đa chiều phân theo thành thị, nông thôn và theo vùng, địa phương",count_households,2020,11209,old_63,45,Quảng Trị
1.5,"Số hộ cận nghèo theo chuẩn nghèo đa chiều phân theo thành thị, nông thôn và theo vùng, địa phương",count_households,2021,10133,old_63,45,Quảng Trị
1.5,"Số hộ cận nghèo theo chuẩn nghèo đa chiều phân theo thành thị, nông thôn và theo vùng, địa phương",count_households,2022,10449,old_63,45,Quảng Trị
1.5,"Số hộ cận nghèo theo chuẩn nghèo đa chiều phân theo thành thị, nông thôn và theo vùng, địa phương",count_households,2023,9927,old_63,45,Quảng Trị
1.5,"Số hộ cận nghèo theo chuẩn nghèo đa chiều phân theo thành thị, nông thôn và theo vùng, địa phương",count_households,2024,9510,old_63,45,Quảng Trị
1.5,"Số hộ cận nghèo theo chuẩn nghèo đa chiều phân theo thành thị, nông thôn và theo vùng, địa phương",count_households,2016,15777,old_63,46,Thừa Thiên Huế
1.5,"Số hộ cận nghèo theo chuẩn nghèo đa chiều phân theo thành thị, nông thôn và theo vùng, địa phương",count_households,2017,15429,old_63,46,Thừa Thiên Huế
1.5,"Số hộ cận nghèo theo chuẩn nghèo đa chiều phân theo thành thị, nông thôn và theo vùng, địa phương",count_households,2018,14860,old_63,46,Thừa Thiên Huế
1.5,"Số hộ cận nghèo theo chuẩn nghèo đa chiều phân theo thành thị, nông thôn và theo vùng, địa phương",count_households,2019,13944,old_63,46,Thừa Thiên Huế
1.5,"Số hộ cận nghèo theo chuẩn nghèo đa chiều phân theo thành thị, nông thôn và theo vùng, địa phương",count_households,2020,13434,old_63,46,Thừa Thiên Huế
1.5,"Số hộ cận nghèo theo chuẩn nghèo đa chiều phân theo thành thị, nông thôn và theo vùng, địa phương",count_households,2021,12816,old_63,46,Thừa Thiên Huế
1.5,"Số hộ cận nghèo theo chuẩn nghèo đa chiều phân theo thành thị, nông thôn và theo vùng, địa phương",count_households,2022,10854,old_63,46,Thừa Thiên Huế
1.5,"Số hộ cận nghèo theo chuẩn nghèo đa chiều phân theo thành thị, nông thôn và theo vùng, địa phương",count_households,2023,9002,old_63,46,Thừa Thiên Huế
1.5,"Số hộ cận nghèo theo chuẩn nghèo đa chiều phân theo thành thị, nông thôn và theo vùng, địa phương",count_households,2024,6846,old_63,46,Thừa Thiên Huế
1.5,"Số hộ cận nghèo theo chuẩn nghèo đa chiều phân theo thành thị, nông thôn và theo vùng, địa phương",count_households,2016,8557,old_63,48,Đà Nẵng
1.5,"Số hộ cận nghèo theo chuẩn nghèo đa chiều phân theo thành thị, nông thôn và theo vùng, địa phương",count_households,2017,4847,old_63,48,Đà Nẵng
1.5,"Số hộ cận nghèo theo chuẩn nghèo đa chiều phân theo thành thị, nông thôn và theo vùng, địa phương",count_households,2018,1156,old_63,48,Đà Nẵng
1.5,"Số hộ cận nghèo theo chuẩn nghèo đa chiều phân theo thành thị, nông thôn và theo vùng, địa phương",count_households,2019,3778,old_63,48,Đà Nẵng
1.5,"Số hộ cận nghèo theo chuẩn nghèo đa chiều phân theo thành thị, nông thôn và theo vùng, địa phương",count_households,2020,3521,old_63,48,Đà Nẵng
1.5,"Số hộ cận nghèo theo chuẩn nghèo đa chiều phân theo thành thị, nông thôn và theo vùng, địa phương",count_households,2021,1264,old_63,48,Đà Nẵng
1.5,"Số hộ cận nghèo theo chuẩn nghèo đa chiều phân theo thành thị, nông thôn và theo vùng, địa phương",count_households,2022,1017,old_63,48,Đà Nẵng
1.5,"Số hộ cận nghèo theo chuẩn nghèo đa chiều phân theo thành thị, nông thôn và theo vùng, địa phương",count_households,2023,777,old_63,48,Đà Nẵng
1.5,"Số hộ cận nghèo theo chuẩn nghèo đa chiều phân theo thành thị, nông thôn và theo vùng, địa phương",count_households,2024,480,old_63,48,Đà Nẵng
1.5,"Số hộ cận nghèo theo chuẩn nghèo đa chiều phân theo thành thị, nông thôn và theo vùng, địa phương",count_households,2016,24808,old_63,49,Quảng Nam
1.5,"Số hộ cận nghèo theo chuẩn nghèo đa chiều phân theo thành thị, nông thôn và theo vùng, địa phương",count_households,2017,18590,old_63,49,Quảng Nam
1.5,"Số hộ cận nghèo theo chuẩn nghèo đa chiều phân theo thành thị, nông thôn và theo vùng, địa phương",count_households,2018,13841,old_63,49,Quảng Nam
1.5,"Số hộ cận nghèo theo chuẩn nghèo đa chiều phân theo thành thị, nông thôn và theo vùng, địa phương",count_households,2019,10922,old_63,49,Quảng Nam
1.5,"Số hộ cận nghèo theo chuẩn nghèo đa chiều phân theo thành thị, nông thôn và theo vùng, địa phương",count_households,2020,8864,old_63,49,Quảng Nam
1.5,"Số hộ cận nghèo theo chuẩn nghèo đa chiều phân theo thành thị, nông thôn và theo vùng, địa phương",count_households,2021,8204,old_63,49,Quảng Nam
1.5,"Số hộ cận nghèo theo chuẩn nghèo đa chiều phân theo thành thị, nông thôn và theo vùng, địa phương",count_households,2022,8673,old_63,49,Quảng Nam
1.5,"Số hộ cận nghèo theo chuẩn nghèo đa chiều phân theo thành thị, nông thôn và theo vùng, địa phương",count_households,2023,8402,old_63,49,Quảng Nam
1.5,"Số hộ cận nghèo theo chuẩn nghèo đa chiều phân theo thành thị, nông thôn và theo vùng, địa phương",count_households,2024,7955,old_63,49,Quảng Nam
1.5,"Số hộ cận nghèo theo chuẩn nghèo đa chiều phân theo thành thị, nông thôn và theo vùng, địa phương",count_households,2016,30500,old_63,51,Quảng Ngãi
1.5,"Số hộ cận nghèo theo chuẩn nghèo đa chiều phân theo thành thị, nông thôn và theo vùng, địa phương",count_households,2017,29069,old_63,51,Quảng Ngãi
1.5,"Số hộ cận nghèo theo chuẩn nghèo đa chiều phân theo thành thị, nông thôn và theo vùng, địa phương",count_households,2018,27843,old_63,51,Quảng Ngãi
1.5,"Số hộ cận nghèo theo chuẩn nghèo đa chiều phân theo thành thị, nông thôn và theo vùng, địa phương",count_households,2019,26249,old_63,51,Quảng Ngãi
1.5,"Số hộ cận nghèo theo chuẩn nghèo đa chiều phân theo thành thị, nông thôn và theo vùng, địa phương",count_households,2020,23945,old_63,51,Quảng Ngãi
1.5,"Số hộ cận nghèo theo chuẩn nghèo đa chiều phân theo thành thị, nông thôn và theo vùng, địa phương",count_households,2021,26322,old_63,51,Quảng Ngãi
1.5,"Số hộ cận nghèo theo chuẩn nghèo đa chiều phân theo thành thị, nông thôn và theo vùng, địa phương",count_households,2022,23827,old_63,51,Quảng Ngãi
1.5,"Số hộ cận nghèo theo chuẩn nghèo đa chiều phân theo thành thị, nông thôn và theo vùng, địa phương",count_households,2023,18912,old_63,51,Quảng Ngãi
1.5,"Số hộ cận nghèo theo chuẩn nghèo đa chiều phân theo thành thị, nông thôn và theo vùng, địa phương",count_households,2024,14096,old_63,51,Quảng Ngãi
1.5,"Số hộ cận nghèo theo chuẩn nghèo đa chiều phân theo thành thị, nông thôn và theo vùng, địa phương",count_households,2016,27070,old_63,52,Bình Định
1.5,"Số hộ cận nghèo theo chuẩn nghèo đa chiều phân theo thành thị, nông thôn và theo vùng, địa phương",count_households,2017,26438,old_63,52,Bình Định
1.5,"Số hộ cận nghèo theo chuẩn nghèo đa chiều phân theo thành thị, nông thôn và theo vùng, địa phương",count_households,2018,26191,old_63,52,Bình Định
1.5,"Số hộ cận nghèo theo chuẩn nghèo đa chiều phân theo thành thị, nông thôn và theo vùng, địa phương",count_households,2019,24979,old_63,52,Bình Định
1.5,"Số hộ cận nghèo theo chuẩn nghèo đa chiều phân theo thành thị, nông thôn và theo vùng, địa phương",count_households,2020,22200,old_63,52,Bình Định
1.5,"Số hộ cận nghèo theo chuẩn nghèo đa chiều phân theo thành thị, nông thôn và theo vùng, địa phương",count_households,2021,24385,old_63,52,Bình Định
1.5,"Số hộ cận nghèo theo chuẩn nghèo đa chiều phân theo thành thị, nông thôn và theo vùng, địa phương",count_households,2022,20022,old_63,52,Bình Định
1.5,"Số hộ cận nghèo theo chuẩn nghèo đa chiều phân theo thành thị, nông thôn và theo vùng, địa phương",count_households,2023,13326,old_63,52,Bình Định
1.5,"Số hộ cận nghèo theo chuẩn nghèo đa chiều phân theo thành thị, nông thôn và theo vùng, địa phương",count_households,2024,9704,old_63,52,Bình Định
1.5,"Số hộ cận nghèo theo chuẩn nghèo đa chiều phân theo thành thị, nông thôn và theo vùng, địa phương",count_households,2016,22050,old_63,54,Phú Yên
1.5,"Số hộ cận nghèo theo chuẩn nghèo đa chiều phân theo thành thị, nông thôn và theo vùng, địa phương",count_households,2017,23479,old_63,54,Phú Yên
1.5,"Số hộ cận nghèo theo chuẩn nghèo đa chiều phân theo thành thị, nông thôn và theo vùng, địa phương",count_households,2018,23378,old_63,54,Phú Yên
1.5,"Số hộ cận nghèo theo chuẩn nghèo đa chiều phân theo thành thị, nông thôn và theo vùng, địa phương",count_households,2019,22751,old_63,54,Phú Yên
1.5,"Số hộ cận nghèo theo chuẩn nghèo đa chiều phân theo thành thị, nông thôn và theo vùng, địa phương",count_households,2020,19958,old_63,54,Phú Yên
1.5,"Số hộ cận nghèo theo chuẩn nghèo đa chiều phân theo thành thị, nông thôn và theo vùng, địa phương",count_households,2021,22481,old_63,54,Phú Yên
1.5,"Số hộ cận nghèo theo chuẩn nghèo đa chiều phân theo thành thị, nông thôn và theo vùng, địa phương",count_households,2022,21101,old_63,54,Phú Yên
1.5,"Số hộ cận nghèo theo chuẩn nghèo đa chiều phân theo thành thị, nông thôn và theo vùng, địa phương",count_households,2023,17694,old_63,54,Phú Yên
1.5,"Số hộ cận nghèo theo chuẩn nghèo đa chiều phân theo thành thị, nông thôn và theo vùng, địa phương",count_households,2024,15793,old_63,54,Phú Yên
1.5,"Số hộ cận nghèo theo chuẩn nghèo đa chiều phân theo thành thị, nông thôn và theo vùng, địa phương",count_households,2016,21440,old_63,56,Khánh Hòa
1.5,"Số hộ cận nghèo theo chuẩn nghèo đa chiều phân theo thành thị, nông thôn và theo vùng, địa phương",count_households,2017,21543,old_63,56,Khánh Hòa
1.5,"Số hộ cận nghèo theo chuẩn nghèo đa chiều phân theo thành thị, nông thôn và theo vùng, địa phương",count_households,2018,20587,old_63,56,Khánh Hòa
1.5,"Số hộ cận nghèo theo chuẩn nghèo đa chiều phân theo thành thị, nông thôn và theo vùng, địa phương",count_households,2019,20811,old_63,56,Khánh Hòa
1.5,"Số hộ cận nghèo theo chuẩn nghèo đa chiều phân theo thành thị, nông thôn và theo vùng, địa phương",count_households,2020,18885,old_63,56,Khánh Hòa
1.5,"Số hộ cận nghèo theo chuẩn nghèo đa chiều phân theo thành thị, nông thôn và theo vùng, địa phương",count_households,2021,18608,old_63,56,Khánh Hòa
1.5,"Số hộ cận nghèo theo chuẩn nghèo đa chiều phân theo thành thị, nông thôn và theo vùng, địa phương",count_households,2022,16478,old_63,56,Khánh Hòa
1.5,"Số hộ cận nghèo theo chuẩn nghèo đa chiều phân theo thành thị, nông thôn và theo vùng, địa phương",count_households,2023,12657,old_63,56,Khánh Hòa
1.5,"Số hộ cận nghèo theo chuẩn nghèo đa chiều phân theo thành thị, nông thôn và theo vùng, địa phương",count_households,2024,8925,old_63,56,Khánh Hòa
1.5,"Số hộ cận nghèo theo chuẩn nghèo đa chiều phân theo thành thị, nông thôn và theo vùng, địa phương",count_households,2016,16649,old_63,58,Ninh Thuận
1.5,"Số hộ cận nghèo theo chuẩn nghèo đa chiều phân theo thành thị, nông thôn và theo vùng, địa phương",count_households,2017,16698,old_63,58,Ninh Thuận
1.5,"Số hộ cận nghèo theo chuẩn nghèo đa chiều phân theo thành thị, nông thôn và theo vùng, địa phương",count_households,2018,15826,old_63,58,Ninh Thuận
1.5,"Số hộ cận nghèo theo chuẩn nghèo đa chiều phân theo thành thị, nông thôn và theo vùng, địa phương",count_households,2019,14176,old_63,58,Ninh Thuận
1.5,"Số hộ cận nghèo theo chuẩn nghèo đa chiều phân theo thành thị, nông thôn và theo vùng, địa phương",count_households,2020,13308,old_63,58,Ninh Thuận
1.5,"Số hộ cận nghèo theo chuẩn nghèo đa chiều phân theo thành thị, nông thôn và theo vùng, địa phương",count_households,2021,12954,old_63,58,Ninh Thuận
1.5,"Số hộ cận nghèo theo chuẩn nghèo đa chiều phân theo thành thị, nông thôn và theo vùng, địa phương",count_households,2022,10087,old_63,58,Ninh Thuận
1.5,"Số hộ cận nghèo theo chuẩn nghèo đa chiều phân theo thành thị, nông thôn và theo vùng, địa phương",count_households,2023,8620,old_63,58,Ninh Thuận
1.5,"Số hộ cận nghèo theo chuẩn nghèo đa chiều phân theo thành thị, nông thôn và theo vùng, địa phương",count_households,2024,7440,old_63,58,Ninh Thuận
1.5,"Số hộ cận nghèo theo chuẩn nghèo đa chiều phân theo thành thị, nông thôn và theo vùng, địa phương",count_households,2016,13549,old_63,60,Bình Thuận
1.5,"Số hộ cận nghèo theo chuẩn nghèo đa chiều phân theo thành thị, nông thôn và theo vùng, địa phương",count_households,2017,14445,old_63,60,Bình Thuận
1.5,"Số hộ cận nghèo theo chuẩn nghèo đa chiều phân theo thành thị, nông thôn và theo vùng, địa phương",count_households,2018,15343,old_63,60,Bình Thuận
1.5,"Số hộ cận nghèo theo chuẩn nghèo đa chiều phân theo thành thị, nông thôn và theo vùng, địa phương",count_households,2019,15173,old_63,60,Bình Thuận
1.5,"Số hộ cận nghèo theo chuẩn nghèo đa chiều phân theo thành thị, nông thôn và theo vùng, địa phương",count_households,2020,14522,old_63,60,Bình Thuận
1.5,"Số hộ cận nghèo theo chuẩn nghèo đa chiều phân theo thành thị, nông thôn và theo vùng, địa phương",count_households,2021,14994,old_63,60,Bình Thuận
1.5,"Số hộ cận nghèo theo chuẩn nghèo đa chiều phân theo thành thị, nông thôn và theo vùng, địa phương",count_households,2022,14355,old_63,60,Bình Thuận
1.5,"Số hộ cận nghèo theo chuẩn nghèo đa chiều phân theo thành thị, nông thôn và theo vùng, địa phương",count_households,2023,12203,old_63,60,Bình Thuận
1.5,"Số hộ cận nghèo theo chuẩn nghèo đa chiều phân theo thành thị, nông thôn và theo vùng, địa phương",count_households,2024,10181,old_63,60,Bình Thuận
1.5,"Số hộ cận nghèo theo chuẩn nghèo đa chiều phân theo thành thị, nông thôn và theo vùng, địa phương",count_households,2016,8359,old_63,62,Kon Tum
1.5,"Số hộ cận nghèo theo chuẩn nghèo đa chiều phân theo thành thị, nông thôn và theo vùng, địa phương",count_households,2017,8388,old_63,62,Kon Tum
1.5,"Số hộ cận nghèo theo chuẩn nghèo đa chiều phân theo thành thị, nông thôn và theo vùng, địa phương",count_households,2018,8700,old_63,62,Kon Tum
1.5,"Số hộ cận nghèo theo chuẩn nghèo đa chiều phân theo thành thị, nông thôn và theo vùng, địa phương",count_households,2019,8809,old_63,62,Kon Tum
1.5,"Số hộ cận nghèo theo chuẩn nghèo đa chiều phân theo thành thị, nông thôn và theo vùng, địa phương",count_households,2020,8372,old_63,62,Kon Tum
1.5,"Số hộ cận nghèo theo chuẩn nghèo đa chiều phân theo thành thị, nông thôn và theo vùng, địa phương",count_households,2021,9067,old_63,62,Kon Tum
1.5,"Số hộ cận nghèo theo chuẩn nghèo đa chiều phân theo thành thị, nông thôn và theo vùng, địa phương",count_households,2022,8857,old_63,62,Kon Tum
1.5,"Số hộ cận nghèo theo chuẩn nghèo đa chiều phân theo thành thị, nông thôn và theo vùng, địa phương",count_households,2023,6568,old_63,62,Kon Tum
1.5,"Số hộ cận nghèo theo chuẩn nghèo đa chiều phân theo thành thị, nông thôn và theo vùng, địa phương",count_households,2024,5547,old_63,62,Kon Tum
1.5,"Số hộ cận nghèo theo chuẩn nghèo đa chiều phân theo thành thị, nông thôn và theo vùng, địa phương",count_households,2016,29755,old_63,64,Gia Lai
1.5,"Số hộ cận nghèo theo chuẩn nghèo đa chiều phân theo thành thị, nông thôn và theo vùng, địa phương",count_households,2017,33406,old_63,64,Gia Lai
1.5,"Số hộ cận nghèo theo chuẩn nghèo đa chiều phân theo thành thị, nông thôn và theo vùng, địa phương",count_households,2018,34956,old_63,64,Gia Lai
1.5,"Số hộ cận nghèo theo chuẩn nghèo đa chiều phân theo thành thị, nông thôn và theo vùng, địa phương",count_households,2019,36998,old_63,64,Gia Lai
1.5,"Số hộ cận nghèo theo chuẩn nghèo đa chiều phân theo thành thị, nông thôn và theo vùng, địa phương",count_households,2020,36004,old_63,64,Gia Lai
1.5,"Số hộ cận nghèo theo chuẩn nghèo đa chiều phân theo thành thị, nông thôn và theo vùng, địa phương",count_households,2021,34077,old_63,64,Gia Lai
1.5,"Số hộ cận nghèo theo chuẩn nghèo đa chiều phân theo thành thị, nông thôn và theo vùng, địa phương",count_households,2022,37253,old_63,64,Gia Lai
1.5,"Số hộ cận nghèo theo chuẩn nghèo đa chiều phân theo thành thị, nông thôn và theo vùng, địa phương",count_households,2023,35749,old_63,64,Gia Lai
1.5,"Số hộ cận nghèo theo chuẩn nghèo đa chiều phân theo thành thị, nông thôn và theo vùng, địa phương",count_households,2024,34526,old_63,64,Gia Lai
1.5,"Số hộ cận nghèo theo chuẩn nghèo đa chiều phân theo thành thị, nông thôn và theo vùng, địa phương",count_households,2016,41377,old_63,66,Đắk Lắk
1.5,"Số hộ cận nghèo theo chuẩn nghèo đa chiều phân theo thành thị, nông thôn và theo vùng, địa phương",count_households,2017,42704,old_63,66,Đắk Lắk
1.5,"Số hộ cận nghèo theo chuẩn nghèo đa chiều phân theo thành thị, nông thôn và theo vùng, địa phương",count_households,2018,43376,old_63,66,Đắk Lắk
1.5,"Số hộ cận nghèo theo chuẩn nghèo đa chiều phân theo thành thị, nông thôn và theo vùng, địa phương",count_households,2019,43911,old_63,66,Đắk Lắk
1.5,"Số hộ cận nghèo theo chuẩn nghèo đa chiều phân theo thành thị, nông thôn và theo vùng, địa phương",count_households,2020,39394,old_63,66,Đắk Lắk
1.5,"Số hộ cận nghèo theo chuẩn nghèo đa chiều phân theo thành thị, nông thôn và theo vùng, địa phương",count_households,2021,38925,old_63,66,Đắk Lắk
1.5,"Số hộ cận nghèo theo chuẩn nghèo đa chiều phân theo thành thị, nông thôn và theo vùng, địa phương",count_households,2022,38846,old_63,66,Đắk Lắk
1.5,"Số hộ cận nghèo theo chuẩn nghèo đa chiều phân theo thành thị, nông thôn và theo vùng, địa phương",count_households,2023,34285,old_63,66,Đắk Lắk
1.5,"Số hộ cận nghèo theo chuẩn nghèo đa chiều phân theo thành thị, nông thôn và theo vùng, địa phương",count_households,2024,27651,old_63,66,Đắk Lắk
1.5,"Số hộ cận nghèo theo chuẩn nghèo đa chiều phân theo thành thị, nông thôn và theo vùng, địa phương",count_households,2016,10824,old_63,67,Đắk Nông
1.5,"Số hộ cận nghèo theo chuẩn nghèo đa chiều phân theo thành thị, nông thôn và theo vùng, địa phương",count_households,2017,10636,old_63,67,Đắk Nông
1.5,"Số hộ cận nghèo theo chuẩn nghèo đa chiều phân theo thành thị, nông thôn và theo vùng, địa phương",count_households,2018,9715,old_63,67,Đắk Nông
1.5,"Số hộ cận nghèo theo chuẩn nghèo đa chiều phân theo thành thị, nông thôn và theo vùng, địa phương",count_households,2019,9797,old_63,67,Đắk Nông
1.5,"Số hộ cận nghèo theo chuẩn nghèo đa chiều phân theo thành thị, nông thôn và theo vùng, địa phương",count_households,2020,9385,old_63,67,Đắk Nông
1.5,"Số hộ cận nghèo theo chuẩn nghèo đa chiều phân theo thành thị, nông thôn và theo vùng, địa phương",count_households,2021,10935,old_63,67,Đắk Nông
1.5,"Số hộ cận nghèo theo chuẩn nghèo đa chiều phân theo thành thị, nông thôn và theo vùng, địa phương",count_households,2022,10930,old_63,67,Đắk Nông
1.5,"Số hộ cận nghèo theo chuẩn nghèo đa chiều phân theo thành thị, nông thôn và theo vùng, địa phương",count_households,2023,11197,old_63,67,Đắk Nông
1.5,"Số hộ cận nghèo theo chuẩn nghèo đa chiều phân theo thành thị, nông thôn và theo vùng, địa phương",count_households,2024,8118,old_63,67,Đắk Nông
1.5,"Số hộ cận nghèo theo chuẩn nghèo đa chiều phân theo thành thị, nông thôn và theo vùng, địa phương",count_households,2016,16461,old_63,68,Lâm Đồng
1.5,"Số hộ cận nghèo theo chuẩn nghèo đa chiều phân theo thành thị, nông thôn và theo vùng, địa phương",count_households,2017,15267,old_63,68,Lâm Đồng
1.5,"Số hộ cận nghèo theo chuẩn nghèo đa chiều phân theo thành thị, nông thôn và theo vùng, địa phương",count_households,2018,14004,old_63,68,Lâm Đồng
1.5,"Số hộ cận nghèo theo chuẩn nghèo đa chiều phân theo thành thị, nông thôn và theo vùng, địa phương",count_households,2019,12587,old_63,68,Lâm Đồng
1.5,"Số hộ cận nghèo theo chuẩn nghèo đa chiều phân theo thành thị, nông thôn và theo vùng, địa phương",count_households,2020,11352,old_63,68,Lâm Đồng
1.5,"Số hộ cận nghèo theo chuẩn nghèo đa chiều phân theo thành thị, nông thôn và theo vùng, địa phương",count_households,2021,13845,old_63,68,Lâm Đồng
1.5,"Số hộ cận nghèo theo chuẩn nghèo đa chiều phân theo thành thị, nông thôn và theo vùng, địa phương",count_households,2022,11601,old_63,68,Lâm Đồng
1.5,"Số hộ cận nghèo theo chuẩn nghèo đa chiều phân theo thành thị, nông thôn và theo vùng, địa phương",count_households,2023,7433,old_63,68,Lâm Đồng
1.5,"Số hộ cận nghèo theo chuẩn nghèo đa chiều phân theo thành thị, nông thôn và theo vùng, địa phương",count_households,2024,4798,old_63,68,Lâm Đồng
1.5,"Số hộ cận nghèo theo chuẩn nghèo đa chiều phân theo thành thị, nông thôn và theo vùng, địa phương",count_households,2016,7042,old_63,70,Bình Phước
1.5,"Số hộ cận nghèo theo chuẩn nghèo đa chiều phân theo thành thị, nông thôn và theo vùng, địa phương",count_households,2017,7274,old_63,70,Bình Phước
1.5,"Số hộ cận nghèo theo chuẩn nghèo đa chiều phân theo thành thị, nông thôn và theo vùng, địa phương",count_households,2018,6617,old_63,70,Bình Phước
1.5,"Số hộ cận nghèo theo chuẩn nghèo đa chiều phân theo thành thị, nông thôn và theo vùng, địa phương",count_households,2019,6094,old_63,70,Bình Phước
1.5,"Số hộ cận nghèo theo chuẩn nghèo đa chiều phân theo thành thị, nông thôn và theo vùng, địa phương",count_households,2020,4423,old_63,70,Bình Phước
1.5,"Số hộ cận nghèo theo chuẩn nghèo đa chiều phân theo thành thị, nông thôn và theo vùng, địa phương",count_households,2021,3744,old_63,70,Bình Phước
1.5,"Số hộ cận nghèo theo chuẩn nghèo đa chiều phân theo thành thị, nông thôn và theo vùng, địa phương",count_households,2022,3062,old_63,70,Bình Phước
1.5,"Số hộ cận nghèo theo chuẩn nghèo đa chiều phân theo thành thị, nông thôn và theo vùng, địa phương",count_households,2023,2648,old_63,70,Bình Phước
1.5,"Số hộ cận nghèo theo chuẩn nghèo đa chiều phân theo thành thị, nông thôn và theo vùng, địa phương",count_households,2024,1748,old_63,70,Bình Phước
1.5,"Số hộ cận nghèo theo chuẩn nghèo đa chiều phân theo thành thị, nông thôn và theo vùng, địa phương",count_households,2016,6234,old_63,72,Tây Ninh
1.5,"Số hộ cận nghèo theo chuẩn nghèo đa chiều phân theo thành thị, nông thôn và theo vùng, địa phương",count_households,2017,5950,old_63,72,Tây Ninh
1.5,"Số hộ cận nghèo theo chuẩn nghèo đa chiều phân theo thành thị, nông thôn và theo vùng, địa phương",count_households,2018,4633,old_63,72,Tây Ninh
1.5,"Số hộ cận nghèo theo chuẩn nghèo đa chiều phân theo thành thị, nông thôn và theo vùng, địa phương",count_households,2019,3339,old_63,72,Tây Ninh
1.5,"Số hộ cận nghèo theo chuẩn nghèo đa chiều phân theo thành thị, nông thôn và theo vùng, địa phương",count_households,2020,2502,old_63,72,Tây Ninh
1.5,"Số hộ cận nghèo theo chuẩn nghèo đa chiều phân theo thành thị, nông thôn và theo vùng, địa phương",count_households,2021,3766,old_63,72,Tây Ninh
1.5,"Số hộ cận nghèo theo chuẩn nghèo đa chiều phân theo thành thị, nông thôn và theo vùng, địa phương",count_households,2022,2462,old_63,72,Tây Ninh
1.5,"Số hộ cận nghèo theo chuẩn nghèo đa chiều phân theo thành thị, nông thôn và theo vùng, địa phương",count_households,2023,1571,old_63,72,Tây Ninh
1.5,"Số hộ cận nghèo theo chuẩn nghèo đa chiều phân theo thành thị, nông thôn và theo vùng, địa phương",count_households,2024,1138,old_63,72,Tây Ninh
1.5,"Số hộ cận nghèo theo chuẩn nghèo đa chiều phân theo thành thị, nông thôn và theo vùng, địa phương",count_households,2016,0,old_63,74,Bình Dương
1.5,"Số hộ cận nghèo theo chuẩn nghèo đa chiều phân theo thành thị, nông thôn và theo vùng, địa phương",count_households,2017,0,old_63,74,Bình Dương
1.5,"Số hộ cận nghèo theo chuẩn nghèo đa chiều phân theo thành thị, nông thôn và theo vùng, địa phương",count_households,2018,0,old_63,74,Bình Dương
1.5,"Số hộ cận nghèo theo chuẩn nghèo đa chiều phân theo thành thị, nông thôn và theo vùng, địa phương",count_households,2019,0,old_63,74,Bình Dương
1.5,"Số hộ cận nghèo theo chuẩn nghèo đa chiều phân theo thành thị, nông thôn và theo vùng, địa phương",count_households,2020,0,old_63,74,Bình Dương
1.5,"Số hộ cận nghèo theo chuẩn nghèo đa chiều phân theo thành thị, nông thôn và theo vùng, địa phương",count_households,2021,2960,old_63,74,Bình Dương
1.5,"Số hộ cận nghèo theo chuẩn nghèo đa chiều phân theo thành thị, nông thôn và theo vùng, địa phương",count_households,2022,166,old_63,74,Bình Dương
1.5,"Số hộ cận nghèo theo chuẩn nghèo đa chiều phân theo thành thị, nông thôn và theo vùng, địa phương",count_households,2023,114,old_63,74,Bình Dương
1.5,"Số hộ cận nghèo theo chuẩn nghèo đa chiều phân theo thành thị, nông thôn và theo vùng, địa phương",count_households,2024,39,old_63,74,Bình Dương
1.5,"Số hộ cận nghèo theo chuẩn nghèo đa chiều phân theo thành thị, nông thôn và theo vùng, địa phương",count_households,2016,6653,old_63,75,Đồng Nai
1.5,"Số hộ cận nghèo theo chuẩn nghèo đa chiều phân theo thành thị, nông thôn và theo vùng, địa phương",count_households,2017,2409,old_63,75,Đồng Nai
1.5,"Số hộ cận nghèo theo chuẩn nghèo đa chiều phân theo thành thị, nông thôn và theo vùng, địa phương",count_households,2018,1397,old_63,75,Đồng Nai
1.5,"Số hộ cận nghèo theo chuẩn nghèo đa chiều phân theo thành thị, nông thôn và theo vùng, địa phương",count_households,2019,1374,old_63,75,Đồng Nai
1.5,"Số hộ cận nghèo theo chuẩn nghèo đa chiều phân theo thành thị, nông thôn và theo vùng, địa phương",count_households,2020,1259,old_63,75,Đồng Nai
1.5,"Số hộ cận nghèo theo chuẩn nghèo đa chiều phân theo thành thị, nông thôn và theo vùng, địa phương",count_households,2021,6916,old_63,75,Đồng Nai
1.5,"Số hộ cận nghèo theo chuẩn nghèo đa chiều phân theo thành thị, nông thôn và theo vùng, địa phương",count_households,2022,387,old_63,75,Đồng Nai
1.5,"Số hộ cận nghèo theo chuẩn nghèo đa chiều phân theo thành thị, nông thôn và theo vùng, địa phương",count_households,2023,219,old_63,75,Đồng Nai
1.5,"Số hộ cận nghèo theo chuẩn nghèo đa chiều phân theo thành thị, nông thôn và theo vùng, địa phương",count_households,2024,175,old_63,75,Đồng Nai
1.5,"Số hộ cận nghèo theo chuẩn nghèo đa chiều phân theo thành thị, nông thôn và theo vùng, địa phương",count_households,2016,5087,old_63,77,Bà Rịa - Vũng Tàu
1.5,"Số hộ cận nghèo theo chuẩn nghèo đa chiều phân theo thành thị, nông thôn và theo vùng, địa phương",count_households,2017,2959,old_63,77,Bà Rịa - Vũng Tàu
1.5,"Số hộ cận nghèo theo chuẩn nghèo đa chiều phân theo thành thị, nông thôn và theo vùng, địa phương",count_households,2018,2251,old_63,77,Bà Rịa - Vũng Tàu
1.5,"Số hộ cận nghèo theo chuẩn nghèo đa chiều phân theo thành thị, nông thôn và theo vùng, địa phương",count_households,2019,1148,old_63,77,Bà Rịa - Vũng Tàu
1.5,"Số hộ cận nghèo theo chuẩn nghèo đa chiều phân theo thành thị, nông thôn và theo vùng, địa phương",count_households,2020,643,old_63,77,Bà Rịa - Vũng Tàu
1.5,"Số hộ cận nghèo theo chuẩn nghèo đa chiều phân theo thành thị, nông thôn và theo vùng, địa phương",count_households,2021,1533,old_63,77,Bà Rịa - Vũng Tàu
1.5,"Số hộ cận nghèo theo chuẩn nghèo đa chiều phân theo thành thị, nông thôn và theo vùng, địa phương",count_households,2022,0,old_63,77,Bà Rịa - Vũng Tàu
1.5,"Số hộ cận nghèo theo chuẩn nghèo đa chiều phân theo thành thị, nông thôn và theo vùng, địa phương",count_households,2023,0,old_63,77,Bà Rịa - Vũng Tàu
1.5,"Số hộ cận nghèo theo chuẩn nghèo đa chiều phân theo thành thị, nông thôn và theo vùng, địa phương",count_households,2024,0,old_63,77,Bà Rịa - Vũng Tàu
1.5,"Số hộ cận nghèo theo chuẩn nghèo đa chiều phân theo thành thị, nông thôn và theo vùng, địa phương",count_households,2016,4085,old_63,79,TP. Hồ Chí Minh
1.5,"Số hộ cận nghèo theo chuẩn nghèo đa chiều phân theo thành thị, nông thôn và theo vùng, địa phương",count_households,2017,0,old_63,79,TP. Hồ Chí Minh
1.5,"Số hộ cận nghèo theo chuẩn nghèo đa chiều phân theo thành thị, nông thôn và theo vùng, địa phương",count_households,2018,0,old_63,79,TP. Hồ Chí Minh
1.5,"Số hộ cận nghèo theo chuẩn nghèo đa chiều phân theo thành thị, nông thôn và theo vùng, địa phương",count_households,2019,0,old_63,79,TP. Hồ Chí Minh
1.5,"Số hộ cận nghèo theo chuẩn nghèo đa chiều phân theo thành thị, nông thôn và theo vùng, địa phương",count_households,2020,0,old_63,79,TP. Hồ Chí Minh
1.5,"Số hộ cận nghèo theo chuẩn nghèo đa chiều phân theo thành thị, nông thôn và theo vùng, địa phương",count_households,2021,830,old_63,79,TP. Hồ Chí Minh
1.5,"Số hộ cận nghèo theo chuẩn nghèo đa chiều phân theo thành thị, nông thôn và theo vùng, địa phương",count_households,2022,0,old_63,79,TP. Hồ Chí Minh
1.5,"Số hộ cận nghèo theo chuẩn nghèo đa chiều phân theo thành thị, nông thôn và theo vùng, địa phương",count_households,2023,0,old_63,79,TP. Hồ Chí Minh
1.5,"Số hộ cận nghèo theo chuẩn nghèo đa chiều phân theo thành thị, nông thôn và theo vùng, địa phương",count_households,2024,0,old_63,79,TP. Hồ Chí Minh
1.5,"Số hộ cận nghèo theo chuẩn nghèo đa chiều phân theo thành thị, nông thôn và theo vùng, địa phương",count_households,2016,15006,old_63,80,Long An
1.5,"Số hộ cận nghèo theo chuẩn nghèo đa chiều phân theo thành thị, nông thôn và theo vùng, địa phương",count_households,2017,14987,old_63,80,Long An
1.5,"Số hộ cận nghèo theo chuẩn nghèo đa chiều phân theo thành thị, nông thôn và theo vùng, địa phương",count_households,2018,13998,old_63,80,Long An
1.5,"Số hộ cận nghèo theo chuẩn nghèo đa chiều phân theo thành thị, nông thôn và theo vùng, địa phương",count_households,2019,12762,old_63,80,Long An
1.5,"Số hộ cận nghèo theo chuẩn nghèo đa chiều phân theo thành thị, nông thôn và theo vùng, địa phương",count_households,2020,12092,old_63,80,Long An
1.5,"Số hộ cận nghèo theo chuẩn nghèo đa chiều phân theo thành thị, nông thôn và theo vùng, địa phương",count_households,2021,11586,old_63,80,Long An
1.5,"Số hộ cận nghèo theo chuẩn nghèo đa chiều phân theo thành thị, nông thôn và theo vùng, địa phương",count_households,2022,11049,old_63,80,Long An
1.5,"Số hộ cận nghèo theo chuẩn nghèo đa chiều phân theo thành thị, nông thôn và theo vùng, địa phương",count_households,2023,9026,old_63,80,Long An
1.5,"Số hộ cận nghèo theo chuẩn nghèo đa chiều phân theo thành thị, nông thôn và theo vùng, địa phương",count_households,2024,7358,old_63,80,Long An
1.5,"Số hộ cận nghèo theo chuẩn nghèo đa chiều phân theo thành thị, nông thôn và theo vùng, địa phương",count_households,2016,17532,old_63,82,Tiền Giang
1.5,"Số hộ cận nghèo theo chuẩn nghèo đa chiều phân theo thành thị, nông thôn và theo vùng, địa phương",count_households,2017,18314,old_63,82,Tiền Giang
1.5,"Số hộ cận nghèo theo chuẩn nghèo đa chiều phân theo thành thị, nông thôn và theo vùng, địa phương",count_households,2018,18024,old_63,82,Tiền Giang
1.5,"Số hộ cận nghèo theo chuẩn nghèo đa chiều phân theo thành thị, nông thôn và theo vùng, địa phương",count_households,2019,17677,old_63,82,Tiền Giang
1.5,"Số hộ cận nghèo theo chuẩn nghèo đa chiều phân theo thành thị, nông thôn và theo vùng, địa phương",count_households,2020,16736,old_63,82,Tiền Giang
1.5,"Số hộ cận nghèo theo chuẩn nghèo đa chiều phân theo thành thị, nông thôn và theo vùng, địa phương",count_households,2021,16119,old_63,82,Tiền Giang
1.5,"Số hộ cận nghèo theo chuẩn nghèo đa chiều phân theo thành thị, nông thôn và theo vùng, địa phương",count_households,2022,10221,old_63,82,Tiền Giang
1.5,"Số hộ cận nghèo theo chuẩn nghèo đa chiều phân theo thành thị, nông thôn và theo vùng, địa phương",count_households,2023,8677,old_63,82,Tiền Giang
1.5,"Số hộ cận nghèo theo chuẩn nghèo đa chiều phân theo thành thị, nông thôn và theo vùng, địa phương",count_households,2024,7592,old_63,82,Tiền Giang
1.5,"Số hộ cận nghèo theo chuẩn nghèo đa chiều phân theo thành thị, nông thôn và theo vùng, địa phương",count_households,2016,17395,old_63,83,Bến Tre
1.5,"Số hộ cận nghèo theo chuẩn nghèo đa chiều phân theo thành thị, nông thôn và theo vùng, địa phương",count_households,2017,17778,old_63,83,Bến Tre
1.5,"Số hộ cận nghèo theo chuẩn nghèo đa chiều phân theo thành thị, nông thôn và theo vùng, địa phương",count_households,2018,17695,old_63,83,Bến Tre
1.5,"Số hộ cận nghèo theo chuẩn nghèo đa chiều phân theo thành thị, nông thôn và theo vùng, địa phương",count_households,2019,16367,old_63,83,Bến Tre
1.5,"Số hộ cận nghèo theo chuẩn nghèo đa chiều phân theo thành thị, nông thôn và theo vùng, địa phương",count_households,2020,15371,old_63,83,Bến Tre
1.5,"Số hộ cận nghèo theo chuẩn nghèo đa chiều phân theo thành thị, nông thôn và theo vùng, địa phương",count_households,2021,17014,old_63,83,Bến Tre
1.5,"Số hộ cận nghèo theo chuẩn nghèo đa chiều phân theo thành thị, nông thôn và theo vùng, địa phương",count_households,2022,14700,old_63,83,Bến Tre
1.5,"Số hộ cận nghèo theo chuẩn nghèo đa chiều phân theo thành thị, nông thôn và theo vùng, địa phương",count_households,2023,10461,old_63,83,Bến Tre
1.5,"Số hộ cận nghèo theo chuẩn nghèo đa chiều phân theo thành thị, nông thôn và theo vùng, địa phương",count_households,2024,9052,old_63,83,Bến Tre
1.5,"Số hộ cận nghèo theo chuẩn nghèo đa chiều phân theo thành thị, nông thôn và theo vùng, địa phương",count_households,2016,22784,old_63,84,Trà Vinh
1.5,"Số hộ cận nghèo theo chuẩn nghèo đa chiều phân theo thành thị, nông thôn và theo vùng, địa phương",count_households,2017,23808,old_63,84,Trà Vinh
1.5,"Số hộ cận nghèo theo chuẩn nghèo đa chiều phân theo thành thị, nông thôn và theo vùng, địa phương",count_households,2018,23046,old_63,84,Trà Vinh
1.5,"Số hộ cận nghèo theo chuẩn nghèo đa chiều phân theo thành thị, nông thôn và theo vùng, địa phương",count_households,2019,19474,old_63,84,Trà Vinh
1.5,"Số hộ cận nghèo theo chuẩn nghèo đa chiều phân theo thành thị, nông thôn và theo vùng, địa phương",count_households,2020,16650,old_63,84,Trà Vinh
1.5,"Số hộ cận nghèo theo chuẩn nghèo đa chiều phân theo thành thị, nông thôn và theo vùng, địa phương",count_households,2021,17215,old_63,84,Trà Vinh
1.5,"Số hộ cận nghèo theo chuẩn nghèo đa chiều phân theo thành thị, nông thôn và theo vùng, địa phương",count_households,2022,10905,old_63,84,Trà Vinh
1.5,"Số hộ cận nghèo theo chuẩn nghèo đa chiều phân theo thành thị, nông thôn và theo vùng, địa phương",count_households,2023,6773,old_63,84,Trà Vinh
1.5,"Số hộ cận nghèo theo chuẩn nghèo đa chiều phân theo thành thị, nông thôn và theo vùng, địa phương",count_households,2024,5305,old_63,84,Trà Vinh
1.5,"Số hộ cận nghèo theo chuẩn nghèo đa chiều phân theo thành thị, nông thôn và theo vùng, địa phương",count_households,2016,12602,old_63,86,Vĩnh Long
1.5,"Số hộ cận nghèo theo chuẩn nghèo đa chiều phân theo thành thị, nông thôn và theo vùng, địa phương",count_households,2017,12889,old_63,86,Vĩnh Long
1.5,"Số hộ cận nghèo theo chuẩn nghèo đa chiều phân theo thành thị, nông thôn và theo vùng, địa phương",count_households,2018,12549,old_63,86,Vĩnh Long
1.5,"Số hộ cận nghèo theo chuẩn nghèo đa chiều phân theo thành thị, nông thôn và theo vùng, địa phương",count_households,2019,11748,old_63,86,Vĩnh Long
1.5,"Số hộ cận nghèo theo chuẩn nghèo đa chiều phân theo thành thị, nông thôn và theo vùng, địa phương",count_households,2020,10463,old_63,86,Vĩnh Long
1.5,"Số hộ cận nghèo theo chuẩn nghèo đa chiều phân theo thành thị, nông thôn và theo vùng, địa phương",count_households,2021,10463,old_63,86,Vĩnh Long
1.5,"Số hộ cận nghèo theo chuẩn nghèo đa chiều phân theo thành thị, nông thôn và theo vùng, địa phương",count_households,2022,8671,old_63,86,Vĩnh Long
1.5,"Số hộ cận nghèo theo chuẩn nghèo đa chiều phân theo thành thị, nông thôn và theo vùng, địa phương",count_households,2023,7105,old_63,86,Vĩnh Long
1.5,"Số hộ cận nghèo theo chuẩn nghèo đa chiều phân theo thành thị, nông thôn và theo vùng, địa phương",count_households,2024,6181,old_63,86,Vĩnh Long
1.5,"Số hộ cận nghèo theo chuẩn nghèo đa chiều phân theo thành thị, nông thôn và theo vùng, địa phương",count_households,2016,10274,old_63,92,Cần Thơ
1.5,"Số hộ cận nghèo theo chuẩn nghèo đa chiều phân theo thành thị, nông thôn và theo vùng, địa phương",count_households,2017,11433,old_63,92,Cần Thơ
1.5,"Số hộ cận nghèo theo chuẩn nghèo đa chiều phân theo thành thị, nông thôn và theo vùng, địa phương",count_households,2018,11421,old_63,92,Cần Thơ
1.5,"Số hộ cận nghèo theo chuẩn nghèo đa chiều phân theo thành thị, nông thôn và theo vùng, địa phương",count_households,2019,10393,old_63,92,Cần Thơ
1.5,"Số hộ cận nghèo theo chuẩn nghèo đa chiều phân theo thành thị, nông thôn và theo vùng, địa phương",count_households,2020,9016,old_63,92,Cần Thơ
1.5,"Số hộ cận nghèo theo chuẩn nghèo đa chiều phân theo thành thị, nông thôn và theo vùng, địa phương",count_households,2021,9168,old_63,92,Cần Thơ
1.5,"Số hộ cận nghèo theo chuẩn nghèo đa chiều phân theo thành thị, nông thôn và theo vùng, địa phương",count_households,2022,7591,old_63,92,Cần Thơ
1.5,"Số hộ cận nghèo theo chuẩn nghèo đa chiều phân theo thành thị, nông thôn và theo vùng, địa phương",count_households,2023,5888,old_63,92,Cần Thơ
1.5,"Số hộ cận nghèo theo chuẩn nghèo đa chiều phân theo thành thị, nông thôn và theo vùng, địa phương",count_households,2024,4685,old_63,92,Cần Thơ
1.5,"Số hộ cận nghèo theo chuẩn nghèo đa chiều phân theo thành thị, nông thôn và theo vùng, địa phương",count_households,2016,10396,old_63,93,Hậu Giang
1.5,"Số hộ cận nghèo theo chuẩn nghèo đa chiều phân theo thành thị, nông thôn và theo vùng, địa phương",count_households,2017,11862,old_63,93,Hậu Giang
1.5,"Số hộ cận nghèo theo chuẩn nghèo đa chiều phân theo thành thị, nông thôn và theo vùng, địa phương",count_households,2018,10123,old_63,93,Hậu Giang
1.5,"Số hộ cận nghèo theo chuẩn nghèo đa chiều phân theo thành thị, nông thôn và theo vùng, địa phương",count_households,2019,8832,old_63,93,Hậu Giang
1.5,"Số hộ cận nghèo theo chuẩn nghèo đa chiều phân theo thành thị, nông thôn và theo vùng, địa phương",count_households,2020,7167,old_63,93,Hậu Giang
1.5,"Số hộ cận nghèo theo chuẩn nghèo đa chiều phân theo thành thị, nông thôn và theo vùng, địa phương",count_households,2021,7840,old_63,93,Hậu Giang
1.5,"Số hộ cận nghèo theo chuẩn nghèo đa chiều phân theo thành thị, nông thôn và theo vùng, địa phương",count_households,2022,7426,old_63,93,Hậu Giang
1.5,"Số hộ cận nghèo theo chuẩn nghèo đa chiều phân theo thành thị, nông thôn và theo vùng, địa phương",count_households,2023,6741,old_63,93,Hậu Giang
1.5,"Số hộ cận nghèo theo chuẩn nghèo đa chiều phân theo thành thị, nông thôn và theo vùng, địa phương",count_households,2024,6565,old_63,93,Hậu Giang
1.5,"Số hộ cận nghèo theo chuẩn nghèo đa chiều phân theo thành thị, nông thôn và theo vùng, địa phương",count_households,2016,38290,old_63,94,Sóc Trăng
1.5,"Số hộ cận nghèo theo chuẩn nghèo đa chiều phân theo thành thị, nông thôn và theo vùng, địa phương",count_households,2017,40831,old_63,94,Sóc Trăng
1.5,"Số hộ cận nghèo theo chuẩn nghèo đa chiều phân theo thành thị, nông thôn và theo vùng, địa phương",count_households,2018,38401,old_63,94,Sóc Trăng
1.5,"Số hộ cận nghèo theo chuẩn nghèo đa chiều phân theo thành thị, nông thôn và theo vùng, địa phương",count_households,2019,36313,old_63,94,Sóc Trăng
1.5,"Số hộ cận nghèo theo chuẩn nghèo đa chiều phân theo thành thị, nông thôn và theo vùng, địa phương",count_households,2020,28987,old_63,94,Sóc Trăng
1.5,"Số hộ cận nghèo theo chuẩn nghèo đa chiều phân theo thành thị, nông thôn và theo vùng, địa phương",count_households,2021,29769,old_63,94,Sóc Trăng
1.5,"Số hộ cận nghèo theo chuẩn nghèo đa chiều phân theo thành thị, nông thôn và theo vùng, địa phương",count_households,2022,26242,old_63,94,Sóc Trăng
1.5,"Số hộ cận nghèo theo chuẩn nghèo đa chiều phân theo thành thị, nông thôn và theo vùng, địa phương",count_households,2023,21653,old_63,94,Sóc Trăng
1.5,"Số hộ cận nghèo theo chuẩn nghèo đa chiều phân theo thành thị, nông thôn và theo vùng, địa phương",count_households,2024,17063,old_63,94,Sóc Trăng
1.5,"Số hộ cận nghèo theo chuẩn nghèo đa chiều phân theo thành thị, nông thôn và theo vùng, địa phương",count_households,2016,32845,old_63,89,An Giang
1.5,"Số hộ cận nghèo theo chuẩn nghèo đa chiều phân theo thành thị, nông thôn và theo vùng, địa phương",count_households,2017,32845,old_63,89,An Giang
1.5,"Số hộ cận nghèo theo chuẩn nghèo đa chiều phân theo thành thị, nông thôn và theo vùng, địa phương",count_households,2018,3169,old_63,89,An Giang
1.5,"Số hộ cận nghèo theo chuẩn nghèo đa chiều phân theo thành thị, nông thôn và theo vùng, địa phương",count_households,2019,29414,old_63,89,An Giang
1.5,"Số hộ cận nghèo theo chuẩn nghèo đa chiều phân theo thành thị, nông thôn và theo vùng, địa phương",count_households,2020,26655,old_63,89,An Giang
1.5,"Số hộ cận nghèo theo chuẩn nghèo đa chiều phân theo thành thị, nông thôn và theo vùng, địa phương",count_households,2021,31288,old_63,89,An Giang
1.5,"Số hộ cận nghèo theo chuẩn nghèo đa chiều phân theo thành thị, nông thôn và theo vùng, địa phương",count_households,2022,24370,old_63,89,An Giang
1.5,"Số hộ cận nghèo theo chuẩn nghèo đa chiều phân theo thành thị, nông thôn và theo vùng, địa phương",count_households,2023,19067,old_63,89,An Giang
1.5,"Số hộ cận nghèo theo chuẩn nghèo đa chiều phân theo thành thị, nông thôn và theo vùng, địa phương",count_households,2024,16262,old_63,89,An Giang
1.5,"Số hộ cận nghèo theo chuẩn nghèo đa chiều phân theo thành thị, nông thôn và theo vùng, địa phương",count_households,2016,25193,old_63,87,Đồng Tháp
1.5,"Số hộ cận nghèo theo chuẩn nghèo đa chiều phân theo thành thị, nông thôn và theo vùng, địa phương",count_households,2017,26820,old_63,87,Đồng Tháp
1.5,"Số hộ cận nghèo theo chuẩn nghèo đa chiều phân theo thành thị, nông thôn và theo vùng, địa phương",count_households,2018,27156,old_63,87,Đồng Tháp
1.5,"Số hộ cận nghèo theo chuẩn nghèo đa chiều phân theo thành thị, nông thôn và theo vùng, địa phương",count_households,2019,25251,old_63,87,Đồng Tháp
1.5,"Số hộ cận nghèo theo chuẩn nghèo đa chiều phân theo thành thị, nông thôn và theo vùng, địa phương",count_households,2020,22249,old_63,87,Đồng Tháp
1.5,"Số hộ cận nghèo theo chuẩn nghèo đa chiều phân theo thành thị, nông thôn và theo vùng, địa phương",count_households,2021,22767,old_63,87,Đồng Tháp
1.5,"Số hộ cận nghèo theo chuẩn nghèo đa chiều phân theo thành thị, nông thôn và theo vùng, địa phương",count_households,2022,14442,old_63,87,Đồng Tháp
1.5,"Số hộ cận nghèo theo chuẩn nghèo đa chiều phân theo thành thị, nông thôn và theo vùng, địa phương",count_households,2023,10316,old_63,87,Đồng Tháp
1.5,"Số hộ cận nghèo theo chuẩn nghèo đa chiều phân theo thành thị, nông thôn và theo vùng, địa phương",count_households,2024,8110,old_63,87,Đồng Tháp
1.5,"Số hộ cận nghèo theo chuẩn nghèo đa chiều phân theo thành thị, nông thôn và theo vùng, địa phương",count_households,2016,19135,old_63,91,Kiên Giang
1.5,"Số hộ cận nghèo theo chuẩn nghèo đa chiều phân theo thành thị, nông thôn và theo vùng, địa phương",count_households,2017,20781,old_63,91,Kiên Giang
1.5,"Số hộ cận nghèo theo chuẩn nghèo đa chiều phân theo thành thị, nông thôn và theo vùng, địa phương",count_households,2018,20597,old_63,91,Kiên Giang
1.5,"Số hộ cận nghèo theo chuẩn nghèo đa chiều phân theo thành thị, nông thôn và theo vùng, địa phương",count_households,2019,20961,old_63,91,Kiên Giang
1.5,"Số hộ cận nghèo theo chuẩn nghèo đa chiều phân theo thành thị, nông thôn và theo vùng, địa phương",count_households,2020,19378,old_63,91,Kiên Giang
1.5,"Số hộ cận nghèo theo chuẩn nghèo đa chiều phân theo thành thị, nông thôn và theo vùng, địa phương",count_households,2021,19494,old_63,91,Kiên Giang
1.5,"Số hộ cận nghèo theo chuẩn nghèo đa chiều phân theo thành thị, nông thôn và theo vùng, địa phương",count_households,2022,14787,old_63,91,Kiên Giang
1.5,"Số hộ cận nghèo theo chuẩn nghèo đa chiều phân theo thành thị, nông thôn và theo vùng, địa phương",count_households,2023,10438,old_63,91,Kiên Giang
1.5,"Số hộ cận nghèo theo chuẩn nghèo đa chiều phân theo thành thị, nông thôn và theo vùng, địa phương",count_households,2024,8425,old_63,91,Kiên Giang
1.5,"Số hộ cận nghèo theo chuẩn nghèo đa chiều phân theo thành thị, nông thôn và theo vùng, địa phương",count_households,2016,13986,old_63,95,Bạc Liêu
1.5,"Số hộ cận nghèo theo chuẩn nghèo đa chiều phân theo thành thị, nông thôn và theo vùng, địa phương",count_households,2017,13587,old_63,95,Bạc Liêu
1.5,"Số hộ cận nghèo theo chuẩn nghèo đa chiều phân theo thành thị, nông thôn và theo vùng, địa phương",count_households,2018,11458,old_63,95,Bạc Liêu
1.5,"Số hộ cận nghèo theo chuẩn nghèo đa chiều phân theo thành thị, nông thôn và theo vùng, địa phương",count_households,2019,9294,old_63,95,Bạc Liêu
1.5,"Số hộ cận nghèo theo chuẩn nghèo đa chiều phân theo thành thị, nông thôn và theo vùng, địa phương",count_households,2020,5212,old_63,95,Bạc Liêu
1.5,"Số hộ cận nghèo theo chuẩn nghèo đa chiều phân theo thành thị, nông thôn và theo vùng, địa phương",count_households,2021,15020,old_63,95,Bạc Liêu
1.5,"Số hộ cận nghèo theo chuẩn nghèo đa chiều phân theo thành thị, nông thôn và theo vùng, địa phương",count_households,2022,12055,old_63,95,Bạc Liêu
1.5,"Số hộ cận nghèo theo chuẩn nghèo đa chiều phân theo thành thị, nông thôn và theo vùng, địa phương",count_households,2023,6911,old_63,95,Bạc Liêu
1.5,"Số hộ cận nghèo theo chuẩn nghèo đa chiều phân theo thành thị, nông thôn và theo vùng, địa phương",count_households,2024,4236,old_63,95,Bạc Liêu
1.5,"Số hộ cận nghèo theo chuẩn nghèo đa chiều phân theo thành thị, nông thôn và theo vùng, địa phương",count_households,2016,11388,old_63,96,Cà Mau
1.5,"Số hộ cận nghèo theo chuẩn nghèo đa chiều phân theo thành thị, nông thôn và theo vùng, địa phương",count_households,2017,10485,old_63,96,Cà Mau
1.5,"Số hộ cận nghèo theo chuẩn nghèo đa chiều phân theo thành thị, nông thôn và theo vùng, địa phương",count_households,2018,8004,old_63,96,Cà Mau
1.5,"Số hộ cận nghèo theo chuẩn nghèo đa chiều phân theo thành thị, nông thôn và theo vùng, địa phương",count_households,2019,6295,old_63,96,Cà Mau
1.5,"Số hộ cận nghèo theo chuẩn nghèo đa chiều phân theo thành thị, nông thôn và theo vùng, địa phương",count_households,2020,5546,old_63,96,Cà Mau
1.5,"Số hộ cận nghèo theo chuẩn nghèo đa chiều phân theo thành thị, nông thôn và theo vùng, địa phương",count_households,2021,6943,old_63,96,Cà Mau
1.5,"Số hộ cận nghèo theo chuẩn nghèo đa chiều phân theo thành thị, nông thôn và theo vùng, địa phương",count_households,2022,5710,old_63,96,Cà Mau
1.5,"Số hộ cận nghèo theo chuẩn nghèo đa chiều phân theo thành thị, nông thôn và theo vùng, địa phương",count_households,2023,4788,old_63,96,Cà Mau
1.5,"Số hộ cận nghèo theo chuẩn nghèo đa chiều phân theo thành thị, nông thôn và theo vùng, địa phương",count_households,2024,3865,old_63,96,Cà Mau
1.5.M,"Số hộ cận nghèo theo chuẩn nghèo đa chiều phân theo thành thị, nông thôn và theo vùng, địa phương",count_households,2016,7627,new_34,1,Hà Nội
1.5.M,"Số hộ cận nghèo theo chuẩn nghèo đa chiều phân theo thành thị, nông thôn và theo vùng, địa phương",count_households,2017,8193,new_34,1,Hà Nội
1.5.M,"Số hộ cận nghèo theo chuẩn nghèo đa chiều phân theo thành thị, nông thôn và theo vùng, địa phương",count_households,2018,7528,new_34,1,Hà Nội
1.5.M,"Số hộ cận nghèo theo chuẩn nghèo đa chiều phân theo thành thị, nông thôn và theo vùng, địa phương",count_households,2019,3939,new_34,1,Hà Nội
1.5.M,"Số hộ cận nghèo theo chuẩn nghèo đa chiều phân theo thành thị, nông thôn và theo vùng, địa phương",count_households,2020,1590,new_34,1,Hà Nội
1.5.M,"Số hộ cận nghèo theo chuẩn nghèo đa chiều phân theo thành thị, nông thôn và theo vùng, địa phương",count_households,2021,1970,new_34,1,Hà Nội
1.5.M,"Số hộ cận nghèo theo chuẩn nghèo đa chiều phân theo thành thị, nông thôn và theo vùng, địa phương",count_households,2022,1782,new_34,1,Hà Nội
1.5.M,"Số hộ cận nghèo theo chuẩn nghèo đa chiều phân theo thành thị, nông thôn và theo vùng, địa phương",count_households,2023,1091,new_34,1,Hà Nội
1.5.M,"Số hộ cận nghèo theo chuẩn nghèo đa chiều phân theo thành thị, nông thôn và theo vùng, địa phương",count_households,2024,890,new_34,1,Hà Nội
1.5.M,"Số hộ cận nghèo theo chuẩn nghèo đa chiều phân theo thành thị, nông thôn và theo vùng, địa phương",count_households,2016,46034,new_34,24,Bắc Ninh
1.5.M,"Số hộ cận nghèo theo chuẩn nghèo đa chiều phân theo thành thị, nông thôn và theo vùng, địa phương",count_households,2017,11702,new_34,24,Bắc Ninh
1.5.M,"Số hộ cận nghèo theo chuẩn nghèo đa chiều phân theo thành thị, nông thôn và theo vùng, địa phương",count_households,2018,39568,new_34,24,Bắc Ninh
1.5.M,"Số hộ cận nghèo theo chuẩn nghèo đa chiều phân theo thành thị, nông thôn và theo vùng, địa phương",count_households,2019,34863,new_34,24,Bắc Ninh
1.5.M,"Số hộ cận nghèo theo chuẩn nghèo đa chiều phân theo thành thị, nông thôn và theo vùng, địa phương",count_households,2020,13211,new_34,24,Bắc Ninh
1.5.M,"Số hộ cận nghèo theo chuẩn nghèo đa chiều phân theo thành thị, nông thôn và theo vùng, địa phương",count_households,2021,30162,new_34,24,Bắc Ninh
1.5.M,"Số hộ cận nghèo theo chuẩn nghèo đa chiều phân theo thành thị, nông thôn và theo vùng, địa phương",count_households,2022,24906,new_34,24,Bắc Ninh
1.5.M,"Số hộ cận nghèo theo chuẩn nghèo đa chiều phân theo thành thị, nông thôn và theo vùng, địa phương",count_households,2023,20017,new_34,24,Bắc Ninh
1.5.M,"Số hộ cận nghèo theo chuẩn nghèo đa chiều phân theo thành thị, nông thôn và theo vùng, địa phương",count_households,2024,15688,new_34,24,Bắc Ninh
1.5.M,"Số hộ cận nghèo theo chuẩn nghèo đa chiều phân theo thành thị, nông thôn và theo vùng, địa phương",count_households,2016,11035,new_34,22,Quảng Ninh
1.5.M,"Số hộ cận nghèo theo chuẩn nghèo đa chiều phân theo thành thị, nông thôn và theo vùng, địa phương",count_households,2017,10437,new_34,22,Quảng Ninh
1.5.M,"Số hộ cận nghèo theo chuẩn nghèo đa chiều phân theo thành thị, nông thôn và theo vùng, địa phương",count_households,2018,8526,new_34,22,Quảng Ninh
1.5.M,"Số hộ cận nghèo theo chuẩn nghèo đa chiều phân theo thành thị, nông thôn và theo vùng, địa phương",count_households,2019,6017,new_34,22,Quảng Ninh
1.5.M,"Số hộ cận nghèo theo chuẩn nghèo đa chiều phân theo thành thị, nông thôn và theo vùng, địa phương",count_households,2020,7755,new_34,22,Quảng Ninh
1.5.M,"Số hộ cận nghèo theo chuẩn nghèo đa chiều phân theo thành thị, nông thôn và theo vùng, địa phương",count_households,2021,5553,new_34,22,Quảng Ninh
1.5.M,"Số hộ cận nghèo theo chuẩn nghèo đa chiều phân theo thành thị, nông thôn và theo vùng, địa phương",count_households,2022,2454,new_34,22,Quảng Ninh
1.5.M,"Số hộ cận nghèo theo chuẩn nghèo đa chiều phân theo thành thị, nông thôn và theo vùng, địa phương",count_households,2023,925,new_34,22,Quảng Ninh
1.5.M,"Số hộ cận nghèo theo chuẩn nghèo đa chiều phân theo thành thị, nông thôn và theo vùng, địa phương",count_households,2024,25,new_34,22,Quảng Ninh
1.5.M,"Số hộ cận nghèo theo chuẩn nghèo đa chiều phân theo thành thị, nông thôn và theo vùng, địa phương",count_households,2016,40528,new_34,31,Hải Phòng
1.5.M,"Số hộ cận nghèo theo chuẩn nghèo đa chiều phân theo thành thị, nông thôn và theo vùng, địa phương",count_households,2017,37383,new_34,31,Hải Phòng
1.5.M,"Số hộ cận nghèo theo chuẩn nghèo đa chiều phân theo thành thị, nông thôn và theo vùng, địa phương",count_households,2018,34194,new_34,31,Hải Phòng
1.5.M,"Số hộ cận nghèo theo chuẩn nghèo đa chiều phân theo thành thị, nông thôn và theo vùng, địa phương",count_households,2019,29730,new_34,31,Hải Phòng
1.5.M,"Số hộ cận nghèo theo chuẩn nghèo đa chiều phân theo thành thị, nông thôn và theo vùng, địa phương",count_households,2020,23762,new_34,31,Hải Phòng
1.5.M,"Số hộ cận nghèo theo chuẩn nghèo đa chiều phân theo thành thị, nông thôn và theo vùng, địa phương",count_households,2021,28763,new_34,31,Hải Phòng
1.5.M,"Số hộ cận nghèo theo chuẩn nghèo đa chiều phân theo thành thị, nông thôn và theo vùng, địa phương",count_households,2022,23376,new_34,31,Hải Phòng
1.5.M,"Số hộ cận nghèo theo chuẩn nghèo đa chiều phân theo thành thị, nông thôn và theo vùng, địa phương",count_households,2023,19805,new_34,31,Hải Phòng
1.5.M,"Số hộ cận nghèo theo chuẩn nghèo đa chiều phân theo thành thị, nông thôn và theo vùng, địa phương",count_households,2024,14465,new_34,31,Hải Phòng
1.5.M,"Số hộ cận nghèo theo chuẩn nghèo đa chiều phân theo thành thị, nông thôn và theo vùng, địa phương",count_households,2016,34008,new_34,33,Hưng Yên
1.5.M,"Số hộ cận nghèo theo chuẩn nghèo đa chiều phân theo thành thị, nông thôn và theo vùng, địa phương",count_households,2017,13734,new_34,33,Hưng Yên
1.5.M,"Số hộ cận nghèo theo chuẩn nghèo đa chiều phân theo thành thị, nông thôn và theo vùng, địa phương",count_households,2018,30917,new_34,33,Hưng Yên
1.5.M,"Số hộ cận nghèo theo chuẩn nghèo đa chiều phân theo thành thị, nông thôn và theo vùng, địa phương",count_households,2019,27688,new_34,33,Hưng Yên
1.5.M,"Số hộ cận nghèo theo chuẩn nghèo đa chiều phân theo thành thị, nông thôn và theo vùng, địa phương",count_households,2020,23455,new_34,33,Hưng Yên
1.5.M,"Số hộ cận nghèo theo chuẩn nghèo đa chiều phân theo thành thị, nông thôn và theo vùng, địa phương",count_households,2021,26658,new_34,33,Hưng Yên
1.5.M,"Số hộ cận nghèo theo chuẩn nghèo đa chiều phân theo thành thị, nông thôn và theo vùng, địa phương",count_households,2022,23037,new_34,33,Hưng Yên
1.5.M,"Số hộ cận nghèo theo chuẩn nghèo đa chiều phân theo thành thị, nông thôn và theo vùng, địa phương",count_households,2023,18019,new_34,33,Hưng Yên
1.5.M,"Số hộ cận nghèo theo chuẩn nghèo đa chiều phân theo thành thị, nông thôn và theo vùng, địa phương",count_households,2024,14049,new_34,33,Hưng Yên
1.5.M,"Số hộ cận nghèo theo chuẩn nghèo đa chiều phân theo thành thị, nông thôn và theo vùng, địa phương",count_households,2016,68245,new_34,37,Ninh Bình
1.5.M,"Số hộ cận nghèo theo chuẩn nghèo đa chiều phân theo thành thị, nông thôn và theo vùng, địa phương",count_households,2017,71387,new_34,37,Ninh Bình
1.5.M,"Số hộ cận nghèo theo chuẩn nghèo đa chiều phân theo thành thị, nông thôn và theo vùng, địa phương",count_households,2018,65599,new_34,37,Ninh Bình
1.5.M,"Số hộ cận nghèo theo chuẩn nghèo đa chiều phân theo thành thị, nông thôn và theo vùng, địa phương",count_households,2019,60488,new_34,37,Ninh Bình
1.5.M,"Số hộ cận nghèo theo chuẩn nghèo đa chiều phân theo thành thị, nông thôn và theo vùng, địa phương",count_households,2020,49550,new_34,37,Ninh Bình
1.5.M,"Số hộ cận nghèo theo chuẩn nghèo đa chiều phân theo thành thị, nông thôn và theo vùng, địa phương",count_households,2021,52775,new_34,37,Ninh Bình
1.5.M,"Số hộ cận nghèo theo chuẩn nghèo đa chiều phân theo thành thị, nông thôn và theo vùng, địa phương",count_households,2022,38598,new_34,37,Ninh Bình
1.5.M,"Số hộ cận nghèo theo chuẩn nghèo đa chiều phân theo thành thị, nông thôn và theo vùng, địa phương",count_households,2023,31210,new_34,37,Ninh Bình
1.5.M,"Số hộ cận nghèo theo chuẩn nghèo đa chiều phân theo thành thị, nông thôn và theo vùng, địa phương",count_households,2024,26244,new_34,37,Ninh Bình
1.5.M,"Số hộ cận nghèo theo chuẩn nghèo đa chiều phân theo thành thị, nông thôn và theo vùng, địa phương",count_households,2016,13648,new_34,4,Cao Bằng
1.5.M,"Số hộ cận nghèo theo chuẩn nghèo đa chiều phân theo thành thị, nông thôn và theo vùng, địa phương",count_households,2017,15762,new_34,4,Cao Bằng
1.5.M,"Số hộ cận nghèo theo chuẩn nghèo đa chiều phân theo thành thị, nông thôn và theo vùng, địa phương",count_households,2018,17125,new_34,4,Cao Bằng
1.5.M,"Số hộ cận nghèo theo chuẩn nghèo đa chiều phân theo thành thị, nông thôn và theo vùng, địa phương",count_households,2019,18733,new_34,4,Cao Bằng
1.5.M,"Số hộ cận nghèo theo chuẩn nghèo đa chiều phân theo thành thị, nông thôn và theo vùng, địa phương",count_households,2020,10859,new_34,4,Cao Bằng
1.5.M,"Số hộ cận nghèo theo chuẩn nghèo đa chiều phân theo thành thị, nông thôn và theo vùng, địa phương",count_households,2021,17145,new_34,4,Cao Bằng
1.5.M,"Số hộ cận nghèo theo chuẩn nghèo đa chiều phân theo thành thị, nông thôn và theo vùng, địa phương",count_households,2022,19084,new_34,4,Cao Bằng
1.5.M,"Số hộ cận nghèo theo chuẩn nghèo đa chiều phân theo thành thị, nông thôn và theo vùng, địa phương",count_households,2023,19747,new_34,4,Cao Bằng
1.5.M,"Số hộ cận nghèo theo chuẩn nghèo đa chiều phân theo thành thị, nông thôn và theo vùng, địa phương",count_households,2024,19767,new_34,4,Cao Bằng
1.5.M,"Số hộ cận nghèo theo chuẩn nghèo đa chiều phân theo thành thị, nông thôn và theo vùng, địa phương",count_households,2016,44873,new_34,8,Tuyên Quang
1.5.M,"Số hộ cận nghèo theo chuẩn nghèo đa chiều phân theo thành thị, nông thôn và theo vùng, địa phương",count_households,2017,50797,new_34,8,Tuyên Quang
1.5.M,"Số hộ cận nghèo theo chuẩn nghèo đa chiều phân theo thành thị, nông thôn và theo vùng, địa phương",count_households,2018,50527,new_34,8,Tuyên Quang
1.5.M,"Số hộ cận nghèo theo chuẩn nghèo đa chiều phân theo thành thị, nông thôn và theo vùng, địa phương",count_households,2019,54713,new_34,8,Tuyên Quang
1.5.M,"Số hộ cận nghèo theo chuẩn nghèo đa chiều phân theo thành thị, nông thôn và theo vùng, địa phương",count_households,2020,32313,new_34,8,Tuyên Quang
1.5.M,"Số hộ cận nghèo theo chuẩn nghèo đa chiều phân theo thành thị, nông thôn và theo vùng, địa phương",count_households,2021,41254,new_34,8,Tuyên Quang
1.5.M,"Số hộ cận nghèo theo chuẩn nghèo đa chiều phân theo thành thị, nông thôn và theo vùng, địa phương",count_households,2022,40405,new_34,8,Tuyên Quang
1.5.M,"Số hộ cận nghèo theo chuẩn nghèo đa chiều phân theo thành thị, nông thôn và theo vùng, địa phương",count_households,2023,35948,new_34,8,Tuyên Quang
1.5.M,"Số hộ cận nghèo theo chuẩn nghèo đa chiều phân theo thành thị, nông thôn và theo vùng, địa phương",count_households,2024,31391,new_34,8,Tuyên Quang
1.5.M,"Số hộ cận nghèo theo chuẩn nghèo đa chiều phân theo thành thị, nông thôn và theo vùng, địa phương",count_households,2016,38043,new_34,15,Lào Cai
1.5.M,"Số hộ cận nghèo theo chuẩn nghèo đa chiều phân theo thành thị, nông thôn và theo vùng, địa phương",count_households,2017,38458,new_34,15,Lào Cai
1.5.M,"Số hộ cận nghèo theo chuẩn nghèo đa chiều phân theo thành thị, nông thôn và theo vùng, địa phương",count_households,2018,39837,new_34,15,Lào Cai
1.5.M,"Số hộ cận nghèo theo chuẩn nghèo đa chiều phân theo thành thị, nông thôn và theo vùng, địa phương",count_households,2019,37514,new_34,15,Lào Cai
1.5.M,"Số hộ cận nghèo theo chuẩn nghèo đa chiều phân theo thành thị, nông thôn và theo vùng, địa phương",count_households,2020,2164,new_34,15,Lào Cai
1.5.M,"Số hộ cận nghèo theo chuẩn nghèo đa chiều phân theo thành thị, nông thôn và theo vùng, địa phương",count_households,2021,40051,new_34,15,Lào Cai
1.5.M,"Số hộ cận nghèo theo chuẩn nghèo đa chiều phân theo thành thị, nông thôn và theo vùng, địa phương",count_households,2022,33737,new_34,15,Lào Cai
1.5.M,"Số hộ cận nghèo theo chuẩn nghèo đa chiều phân theo thành thị, nông thôn và theo vùng, địa phương",count_households,2023,27033,new_34,15,Lào Cai
1.5.M,"Số hộ cận nghèo theo chuẩn nghèo đa chiều phân theo thành thị, nông thôn và theo vùng, địa phương",count_households,2024,24670,new_34,15,Lào Cai
1.5.M,"Số hộ cận nghèo theo chuẩn nghèo đa chiều phân theo thành thị, nông thôn và theo vùng, địa phương",count_households,2016,38007,new_34,19,Thái Nguyên
1.5.M,"Số hộ cận nghèo theo chuẩn nghèo đa chiều phân theo thành thị, nông thôn và theo vùng, địa phương",count_households,2017,37790,new_34,19,Thái Nguyên
1.5.M,"Số hộ cận nghèo theo chuẩn nghèo đa chiều phân theo thành thị, nông thôn và theo vùng, địa phương",count_households,2018,34233,new_34,19,Thái Nguyên
1.5.M,"Số hộ cận nghèo theo chuẩn nghèo đa chiều phân theo thành thị, nông thôn và theo vùng, địa phương",count_households,2019,30410,new_34,19,Thái Nguyên
1.5.M,"Số hộ cận nghèo theo chuẩn nghèo đa chiều phân theo thành thị, nông thôn và theo vùng, địa phương",count_households,2020,9246,new_34,19,Thái Nguyên
1.5.M,"Số hộ cận nghèo theo chuẩn nghèo đa chiều phân theo thành thị, nông thôn và theo vùng, địa phương",count_households,2021,23968,new_34,19,Thái Nguyên
1.5.M,"Số hộ cận nghèo theo chuẩn nghèo đa chiều phân theo thành thị, nông thôn và theo vùng, địa phương",count_households,2022,19630,new_34,19,Thái Nguyên
1.5.M,"Số hộ cận nghèo theo chuẩn nghèo đa chiều phân theo thành thị, nông thôn và theo vùng, địa phương",count_households,2023,17008,new_34,19,Thái Nguyên
1.5.M,"Số hộ cận nghèo theo chuẩn nghèo đa chiều phân theo thành thị, nông thôn và theo vùng, địa phương",count_households,2024,15482,new_34,19,Thái Nguyên
1.5.M,"Số hộ cận nghèo theo chuẩn nghèo đa chiều phân theo thành thị, nông thôn và theo vùng, địa phương",count_households,2016,22891,new_34,20,Lạng Sơn
1.5.M,"Số hộ cận nghèo theo chuẩn nghèo đa chiều phân theo thành thị, nông thôn và theo vùng, địa phương",count_households,2017,22801,new_34,20,Lạng Sơn
1.5.M,"Số hộ cận nghèo theo chuẩn nghèo đa chiều phân theo thành thị, nông thôn và theo vùng, địa phương",count_households,2018,21267,new_34,20,Lạng Sơn
1.5.M,"Số hộ cận nghèo theo chuẩn nghèo đa chiều phân theo thành thị, nông thôn và theo vùng, địa phương",count_households,2019,20250,new_34,20,Lạng Sơn
1.5.M,"Số hộ cận nghèo theo chuẩn nghèo đa chiều phân theo thành thị, nông thôn và theo vùng, địa phương",count_households,2020,1317,new_34,20,Lạng Sơn
1.5.M,"Số hộ cận nghèo theo chuẩn nghèo đa chiều phân theo thành thị, nông thôn và theo vùng, địa phương",count_households,2021,23303,new_34,20,Lạng Sơn
1.5.M,"Số hộ cận nghèo theo chuẩn nghèo đa chiều phân theo thành thị, nông thôn và theo vùng, địa phương",count_households,2022,20320,new_34,20,Lạng Sơn
1.5.M,"Số hộ cận nghèo theo chuẩn nghèo đa chiều phân theo thành thị, nông thôn và theo vùng, địa phương",count_households,2023,18438,new_34,20,Lạng Sơn
1.5.M,"Số hộ cận nghèo theo chuẩn nghèo đa chiều phân theo thành thị, nông thôn và theo vùng, địa phương",count_households,2024,16451,new_34,20,Lạng Sơn
1.5.M,"Số hộ cận nghèo theo chuẩn nghèo đa chiều phân theo thành thị, nông thôn và theo vùng, địa phương",count_households,2016,72500,new_34,25,Phú Thọ
1.5.M,"Số hộ cận nghèo theo chuẩn nghèo đa chiều phân theo thành thị, nông thôn và theo vùng, địa phương",count_households,2017,45823,new_34,25,Phú Thọ
1.5.M,"Số hộ cận nghèo theo chuẩn nghèo đa chiều phân theo thành thị, nông thôn và theo vùng, địa phương",count_households,2018,66450,new_34,25,Phú Thọ
1.5.M,"Số hộ cận nghèo theo chuẩn nghèo đa chiều phân theo thành thị, nông thôn và theo vùng, địa phương",count_households,2019,62080,new_34,25,Phú Thọ
1.5.M,"Số hộ cận nghèo theo chuẩn nghèo đa chiều phân theo thành thị, nông thôn và theo vùng, địa phương",count_households,2020,45183,new_34,25,Phú Thọ
1.5.M,"Số hộ cận nghèo theo chuẩn nghèo đa chiều phân theo thành thị, nông thôn và theo vùng, địa phương",count_households,2021,50216,new_34,25,Phú Thọ
1.5.M,"Số hộ cận nghèo theo chuẩn nghèo đa chiều phân theo thành thị, nông thôn và theo vùng, địa phương",count_households,2022,45625,new_34,25,Phú Thọ
1.5.M,"Số hộ cận nghèo theo chuẩn nghèo đa chiều phân theo thành thị, nông thôn và theo vùng, địa phương",count_households,2023,39827,new_34,25,Phú Thọ
1.5.M,"Số hộ cận nghèo theo chuẩn nghèo đa chiều phân theo thành thị, nông thôn và theo vùng, địa phương",count_households,2024,34635,new_34,25,Phú Thọ
1.5.M,"Số hộ cận nghèo theo chuẩn nghèo đa chiều phân theo thành thị, nông thôn và theo vùng, địa phương",count_households,2016,10694,new_34,11,Điện Biên
1.5.M,"Số hộ cận nghèo theo chuẩn nghèo đa chiều phân theo thành thị, nông thôn và theo vùng, địa phương",count_households,2017,11782,new_34,11,Điện Biên
1.5.M,"Số hộ cận nghèo theo chuẩn nghèo đa chiều phân theo thành thị, nông thôn và theo vùng, địa phương",count_households,2018,12483,new_34,11,Điện Biên
1.5.M,"Số hộ cận nghèo theo chuẩn nghèo đa chiều phân theo thành thị, nông thôn và theo vùng, địa phương",count_households,2019,12727,new_34,11,Điện Biên
1.5.M,"Số hộ cận nghèo theo chuẩn nghèo đa chiều phân theo thành thị, nông thôn và theo vùng, địa phương",count_households,2020,12585,new_34,11,Điện Biên
1.5.M,"Số hộ cận nghèo theo chuẩn nghèo đa chiều phân theo thành thị, nông thôn và theo vùng, địa phương",count_households,2021,10356,new_34,11,Điện Biên
1.5.M,"Số hộ cận nghèo theo chuẩn nghèo đa chiều phân theo thành thị, nông thôn và theo vùng, địa phương",count_households,2022,13241,new_34,11,Điện Biên
1.5.M,"Số hộ cận nghèo theo chuẩn nghèo đa chiều phân theo thành thị, nông thôn và theo vùng, địa phương",count_households,2023,15793,new_34,11,Điện Biên
1.5.M,"Số hộ cận nghèo theo chuẩn nghèo đa chiều phân theo thành thị, nông thôn và theo vùng, địa phương",count_households,2024,17034,new_34,11,Điện Biên
1.5.M,"Số hộ cận nghèo theo chuẩn nghèo đa chiều phân theo thành thị, nông thôn và theo vùng, địa phương",count_households,2016,11169,new_34,12,Lai Châu
1.5.M,"Số hộ cận nghèo theo chuẩn nghèo đa chiều phân theo thành thị, nông thôn và theo vùng, địa phương",count_households,2017,11227,new_34,12,Lai Châu
1.5.M,"Số hộ cận nghèo theo chuẩn nghèo đa chiều phân theo thành thị, nông thôn và theo vùng, địa phương",count_households,2018,10771,new_34,12,Lai Châu
1.5.M,"Số hộ cận nghèo theo chuẩn nghèo đa chiều phân theo thành thị, nông thôn và theo vùng, địa phương",count_households,2019,10097,new_34,12,Lai Châu
1.5.M,"Số hộ cận nghèo theo chuẩn nghèo đa chiều phân theo thành thị, nông thôn và theo vùng, địa phương",count_households,2020,9480,new_34,12,Lai Châu
1.5.M,"Số hộ cận nghèo theo chuẩn nghèo đa chiều phân theo thành thị, nông thôn và theo vùng, địa phương",count_households,2021,11001,new_34,12,Lai Châu
1.5.M,"Số hộ cận nghèo theo chuẩn nghèo đa chiều phân theo thành thị, nông thôn và theo vùng, địa phương",count_households,2022,11530,new_34,12,Lai Châu
1.5.M,"Số hộ cận nghèo theo chuẩn nghèo đa chiều phân theo thành thị, nông thôn và theo vùng, địa phương",count_households,2023,10990,new_34,12,Lai Châu
1.5.M,"Số hộ cận nghèo theo chuẩn nghèo đa chiều phân theo thành thị, nông thôn và theo vùng, địa phương",count_households,2024,10053,new_34,12,Lai Châu
1.5.M,"Số hộ cận nghèo theo chuẩn nghèo đa chiều phân theo thành thị, nông thôn và theo vùng, địa phương",count_households,2016,29812,new_34,14,Sơn La
1.5.M,"Số hộ cận nghèo theo chuẩn nghèo đa chiều phân theo thành thị, nông thôn và theo vùng, địa phương",count_households,2017,31237,new_34,14,Sơn La
1.5.M,"Số hộ cận nghèo theo chuẩn nghèo đa chiều phân theo thành thị, nông thôn và theo vùng, địa phương",count_households,2018,31219,new_34,14,Sơn La
1.5.M,"Số hộ cận nghèo theo chuẩn nghèo đa chiều phân theo thành thị, nông thôn và theo vùng, địa phương",count_households,2019,31362,new_34,14,Sơn La
1.5.M,"Số hộ cận nghèo theo chuẩn nghèo đa chiều phân theo thành thị, nông thôn và theo vùng, địa phương",count_households,2020,30750,new_34,14,Sơn La
1.5.M,"Số hộ cận nghèo theo chuẩn nghèo đa chiều phân theo thành thị, nông thôn và theo vùng, địa phương",count_households,2021,30060,new_34,14,Sơn La
1.5.M,"Số hộ cận nghèo theo chuẩn nghèo đa chiều phân theo thành thị, nông thôn và theo vùng, địa phương",count_households,2022,28702,new_34,14,Sơn La
1.5.M,"Số hộ cận nghèo theo chuẩn nghèo đa chiều phân theo thành thị, nông thôn và theo vùng, địa phương",count_households,2023,27050,new_34,14,Sơn La
1.5.M,"Số hộ cận nghèo theo chuẩn nghèo đa chiều phân theo thành thị, nông thôn và theo vùng, địa phương",count_households,2024,24993,new_34,14,Sơn La
1.5.M,"Số hộ cận nghèo theo chuẩn nghèo đa chiều phân theo thành thị, nông thôn và theo vùng, địa phương",count_households,2016,96096,new_34,38,Thanh Hóa
1.5.M,"Số hộ cận nghèo theo chuẩn nghèo đa chiều phân theo thành thị, nông thôn và theo vùng, địa phương",count_households,2017,96284,new_34,38,Thanh Hóa
1.5.M,"Số hộ cận nghèo theo chuẩn nghèo đa chiều phân theo thành thị, nông thôn và theo vùng, địa phương",count_households,2018,94175,new_34,38,Thanh Hóa
1.5.M,"Số hộ cận nghèo theo chuẩn nghèo đa chiều phân theo thành thị, nông thôn và theo vùng, địa phương",count_households,2019,102092,new_34,38,Thanh Hóa
1.5.M,"Số hộ cận nghèo theo chuẩn nghèo đa chiều phân theo thành thị, nông thôn và theo vùng, địa phương",count_households,2020,66476,new_34,38,Thanh Hóa
1.5.M,"Số hộ cận nghèo theo chuẩn nghèo đa chiều phân theo thành thị, nông thôn và theo vùng, địa phương",count_households,2021,86912,new_34,38,Thanh Hóa
1.5.M,"Số hộ cận nghèo theo chuẩn nghèo đa chiều phân theo thành thị, nông thôn và theo vùng, địa phương",count_households,2022,68946,new_34,38,Thanh Hóa
1.5.M,"Số hộ cận nghèo theo chuẩn nghèo đa chiều phân theo thành thị, nông thôn và theo vùng, địa phương",count_households,2023,55797,new_34,38,Thanh Hóa
1.5.M,"Số hộ cận nghèo theo chuẩn nghèo đa chiều phân theo thành thị, nông thôn và theo vùng, địa phương",count_households,2024,45878,new_34,38,Thanh Hóa
1.5.M,"Số hộ cận nghèo theo chuẩn nghèo đa chiều phân theo thành thị, nông thôn và theo vùng, địa phương",count_households,2016,84214,new_34,40,Nghệ An
1.5.M,"Số hộ cận nghèo theo chuẩn nghèo đa chiều phân theo thành thị, nông thôn và theo vùng, địa phương",count_households,2017,85555,new_34,40,Nghệ An
1.5.M,"Số hộ cận nghèo theo chuẩn nghèo đa chiều phân theo thành thị, nông thôn và theo vùng, địa phương",count_households,2018,81669,new_34,40,Nghệ An
1.5.M,"Số hộ cận nghèo theo chuẩn nghèo đa chiều phân theo thành thị, nông thôn và theo vùng, địa phương",count_households,2019,75398,new_34,40,Nghệ An
1.5.M,"Số hộ cận nghèo theo chuẩn nghèo đa chiều phân theo thành thị, nông thôn và theo vùng, địa phương",count_households,2020,53990,new_34,40,Nghệ An
1.5.M,"Số hộ cận nghèo theo chuẩn nghèo đa chiều phân theo thành thị, nông thôn và theo vùng, địa phương",count_households,2021,56437,new_34,40,Nghệ An
1.5.M,"Số hộ cận nghèo theo chuẩn nghèo đa chiều phân theo thành thị, nông thôn và theo vùng, địa phương",count_households,2022,53571,new_34,40,Nghệ An
1.5.M,"Số hộ cận nghèo theo chuẩn nghèo đa chiều phân theo thành thị, nông thôn và theo vùng, địa phương",count_households,2023,50063,new_34,40,Nghệ An
1.5.M,"Số hộ cận nghèo theo chuẩn nghèo đa chiều phân theo thành thị, nông thôn và theo vùng, địa phương",count_households,2024,47838,new_34,40,Nghệ An
1.5.M,"Số hộ cận nghèo theo chuẩn nghèo đa chiều phân theo thành thị, nông thôn và theo vùng, địa phương",count_households,2016,31294,new_34,42,Hà Tĩnh
1.5.M,"Số hộ cận nghèo theo chuẩn nghèo đa chiều phân theo thành thị, nông thôn và theo vùng, địa phương",count_households,2017,29187,new_34,42,Hà Tĩnh
1.5.M,"Số hộ cận nghèo theo chuẩn nghèo đa chiều phân theo thành thị, nông thôn và theo vùng, địa phương",count_households,2018,24833,new_34,42,Hà Tĩnh
1.5.M,"Số hộ cận nghèo theo chuẩn nghèo đa chiều phân theo thành thị, nông thôn và theo vùng, địa phương",count_households,2019,19374,new_34,42,Hà Tĩnh
1.5.M,"Số hộ cận nghèo theo chuẩn nghèo đa chiều phân theo thành thị, nông thôn và theo vùng, địa phương",count_households,2020,16462,new_34,42,Hà Tĩnh
1.5.M,"Số hộ cận nghèo theo chuẩn nghèo đa chiều phân theo thành thị, nông thôn và theo vùng, địa phương",count_households,2021,19420,new_34,42,Hà Tĩnh
1.5.M,"Số hộ cận nghèo theo chuẩn nghèo đa chiều phân theo thành thị, nông thôn và theo vùng, địa phương",count_households,2022,15486,new_34,42,Hà Tĩnh
1.5.M,"Số hộ cận nghèo theo chuẩn nghèo đa chiều phân theo thành thị, nông thôn và theo vùng, địa phương",count_households,2023,12947,new_34,42,Hà Tĩnh
1.5.M,"Số hộ cận nghèo theo chuẩn nghèo đa chiều phân theo thành thị, nông thôn và theo vùng, địa phương",count_households,2024,11736,new_34,42,Hà Tĩnh
1.5.M,"Số hộ cận nghèo theo chuẩn nghèo đa chiều phân theo thành thị, nông thôn và theo vùng, địa phương",count_households,2016,43107,new_34,44,Quảng Trị
1.5.M,"Số hộ cận nghèo theo chuẩn nghèo đa chiều phân theo thành thị, nông thôn và theo vùng, địa phương",count_households,2017,41079,new_34,44,Quảng Trị
1.5.M,"Số hộ cận nghèo theo chuẩn nghèo đa chiều phân theo thành thị, nông thôn và theo vùng, địa phương",count_households,2018,34708,new_34,44,Quảng Trị
1.5.M,"Số hộ cận nghèo theo chuẩn nghèo đa chiều phân theo thành thị, nông thôn và theo vùng, địa phương",count_households,2019,27893,new_34,44,Quảng Trị
1.5.M,"Số hộ cận nghèo theo chuẩn nghèo đa chiều phân theo thành thị, nông thôn và theo vùng, địa phương",count_households,2020,23614,new_34,44,Quảng Trị
1.5.M,"Số hộ cận nghèo theo chuẩn nghèo đa chiều phân theo thành thị, nông thôn và theo vùng, địa phương",count_households,2021,23868,new_34,44,Quảng Trị
1.5.M,"Số hộ cận nghèo theo chuẩn nghèo đa chiều phân theo thành thị, nông thôn và theo vùng, địa phương",count_households,2022,22697,new_34,44,Quảng Trị
1.5.M,"Số hộ cận nghèo theo chuẩn nghèo đa chiều phân theo thành thị, nông thôn và theo vùng, địa phương",count_households,2023,20306,new_34,44,Quảng Trị
1.5.M,"Số hộ cận nghèo theo chuẩn nghèo đa chiều phân theo thành thị, nông thôn và theo vùng, địa phương",count_households,2024,18241,new_34,44,Quảng Trị
1.5.M,"Số hộ cận nghèo theo chuẩn nghèo đa chiều phân theo thành thị, nông thôn và theo vùng, địa phương",count_households,2016,15777,new_34,46,Huế
1.5.M,"Số hộ cận nghèo theo chuẩn nghèo đa chiều phân theo thành thị, nông thôn và theo vùng, địa phương",count_households,2017,15429,new_34,46,Huế
1.5.M,"Số hộ cận nghèo theo chuẩn nghèo đa chiều phân theo thành thị, nông thôn và theo vùng, địa phương",count_households,2018,14860,new_34,46,Huế
1.5.M,"Số hộ cận nghèo theo chuẩn nghèo đa chiều phân theo thành thị, nông thôn và theo vùng, địa phương",count_households,2019,13944,new_34,46,Huế
1.5.M,"Số hộ cận nghèo theo chuẩn nghèo đa chiều phân theo thành thị, nông thôn và theo vùng, địa phương",count_households,2020,13434,new_34,46,Huế
1.5.M,"Số hộ cận nghèo theo chuẩn nghèo đa chiều phân theo thành thị, nông thôn và theo vùng, địa phương",count_households,2021,12816,new_34,46,Huế
1.5.M,"Số hộ cận nghèo theo chuẩn nghèo đa chiều phân theo thành thị, nông thôn và theo vùng, địa phương",count_households,2022,10854,new_34,46,Huế
1.5.M,"Số hộ cận nghèo theo chuẩn nghèo đa chiều phân theo thành thị, nông thôn và theo vùng, địa phương",count_households,2023,9002,new_34,46,Huế
1.5.M,"Số hộ cận nghèo theo chuẩn nghèo đa chiều phân theo thành thị, nông thôn và theo vùng, địa phương",count_households,2024,6846,new_34,46,Huế
1.5.M,"Số hộ cận nghèo theo chuẩn nghèo đa chiều phân theo thành thị, nông thôn và theo vùng, địa phương",count_households,2016,33365,new_34,48,Đà Nẵng
1.5.M,"Số hộ cận nghèo theo chuẩn nghèo đa chiều phân theo thành thị, nông thôn và theo vùng, địa phương",count_households,2017,23437,new_34,48,Đà Nẵng
1.5.M,"Số hộ cận nghèo theo chuẩn nghèo đa chiều phân theo thành thị, nông thôn và theo vùng, địa phương",count_households,2018,14997,new_34,48,Đà Nẵng
1.5.M,"Số hộ cận nghèo theo chuẩn nghèo đa chiều phân theo thành thị, nông thôn và theo vùng, địa phương",count_households,2019,14700,new_34,48,Đà Nẵng
1.5.M,"Số hộ cận nghèo theo chuẩn nghèo đa chiều phân theo thành thị, nông thôn và theo vùng, địa phương",count_households,2020,12385,new_34,48,Đà Nẵng
1.5.M,"Số hộ cận nghèo theo chuẩn nghèo đa chiều phân theo thành thị, nông thôn và theo vùng, địa phương",count_households,2021,9468,new_34,48,Đà Nẵng
1.5.M,"Số hộ cận nghèo theo chuẩn nghèo đa chiều phân theo thành thị, nông thôn và theo vùng, địa phương",count_households,2022,9690,new_34,48,Đà Nẵng
1.5.M,"Số hộ cận nghèo theo chuẩn nghèo đa chiều phân theo thành thị, nông thôn và theo vùng, địa phương",count_households,2023,9179,new_34,48,Đà Nẵng
1.5.M,"Số hộ cận nghèo theo chuẩn nghèo đa chiều phân theo thành thị, nông thôn và theo vùng, địa phương",count_households,2024,8435,new_34,48,Đà Nẵng
1.5.M,"Số hộ cận nghèo theo chuẩn nghèo đa chiều phân theo thành thị, nông thôn và theo vùng, địa phương",count_households,2016,38859,new_34,51,Quảng Ngãi
1.5.M,"Số hộ cận nghèo theo chuẩn nghèo đa chiều phân theo thành thị, nông thôn và theo vùng, địa phương",count_households,2017,37457,new_34,51,Quảng Ngãi
1.5.M,"Số hộ cận nghèo theo chuẩn nghèo đa chiều phân theo thành thị, nông thôn và theo vùng, địa phương",count_households,2018,36543,new_34,51,Quảng Ngãi
1.5.M,"Số hộ cận nghèo theo chuẩn nghèo đa chiều phân theo thành thị, nông thôn và theo vùng, địa phương",count_households,2019,35058,new_34,51,Quảng Ngãi
1.5.M,"Số hộ cận nghèo theo chuẩn nghèo đa chiều phân theo thành thị, nông thôn và theo vùng, địa phương",count_households,2020,32317,new_34,51,Quảng Ngãi
1.5.M,"Số hộ cận nghèo theo chuẩn nghèo đa chiều phân theo thành thị, nông thôn và theo vùng, địa phương",count_households,2021,35389,new_34,51,Quảng Ngãi
1.5.M,"Số hộ cận nghèo theo chuẩn nghèo đa chiều phân theo thành thị, nông thôn và theo vùng, địa phương",count_households,2022,32684,new_34,51,Quảng Ngãi
1.5.M,"Số hộ cận nghèo theo chuẩn nghèo đa chiều phân theo thành thị, nông thôn và theo vùng, địa phương",count_households,2023,25480,new_34,51,Quảng Ngãi
1.5.M,"Số hộ cận nghèo theo chuẩn nghèo đa chiều phân theo thành thị, nông thôn và theo vùng, địa phương",count_households,2024,19643,new_34,51,Quảng Ngãi
1.5.M,"Số hộ cận nghèo theo chuẩn nghèo đa chiều phân theo thành thị, nông thôn và theo vùng, địa phương",count_households,2016,38089,new_34,56,Khánh Hòa
1.5.M,"Số hộ cận nghèo theo chuẩn nghèo đa chiều phân theo thành thị, nông thôn và theo vùng, địa phương",count_households,2017,38241,new_34,56,Khánh Hòa
1.5.M,"Số hộ cận nghèo theo chuẩn nghèo đa chiều phân theo thành thị, nông thôn và theo vùng, địa phương",count_households,2018,36413,new_34,56,Khánh Hòa
1.5.M,"Số hộ cận nghèo theo chuẩn nghèo đa chiều phân theo thành thị, nông thôn và theo vùng, địa phương",count_households,2019,34987,new_34,56,Khánh Hòa
1.5.M,"Số hộ cận nghèo theo chuẩn nghèo đa chiều phân theo thành thị, nông thôn và theo vùng, địa phương",count_households,2020,32193,new_34,56,Khánh Hòa
1.5.M,"Số hộ cận nghèo theo chuẩn nghèo đa chiều phân theo thành thị, nông thôn và theo vùng, địa phương",count_households,2021,31562,new_34,56,Khánh Hòa
1.5.M,"Số hộ cận nghèo theo chuẩn nghèo đa chiều phân theo thành thị, nông thôn và theo vùng, địa phương",count_households,2022,26565,new_34,56,Khánh Hòa
1.5.M,"Số hộ cận nghèo theo chuẩn nghèo đa chiều phân theo thành thị, nông thôn và theo vùng, địa phương",count_households,2023,21277,new_34,56,Khánh Hòa
1.5.M,"Số hộ cận nghèo theo chuẩn nghèo đa chiều phân theo thành thị, nông thôn và theo vùng, địa phương",count_households,2024,16365,new_34,56,Khánh Hòa
1.5.M,"Số hộ cận nghèo theo chuẩn nghèo đa chiều phân theo thành thị, nông thôn và theo vùng, địa phương",count_households,2016,56825,new_34,52,Gia Lai
1.5.M,"Số hộ cận nghèo theo chuẩn nghèo đa chiều phân theo thành thị, nông thôn và theo vùng, địa phương",count_households,2017,59844,new_34,52,Gia Lai
1.5.M,"Số hộ cận nghèo theo chuẩn nghèo đa chiều phân theo thành thị, nông thôn và theo vùng, địa phương",count_households,2018,61147,new_34,52,Gia Lai
1.5.M,"Số hộ cận nghèo theo chuẩn nghèo đa chiều phân theo thành thị, nông thôn và theo vùng, địa phương",count_households,2019,61977,new_34,52,Gia Lai
1.5.M,"Số hộ cận nghèo theo chuẩn nghèo đa chiều phân theo thành thị, nông thôn và theo vùng, địa phương",count_households,2020,58204,new_34,52,Gia Lai
1.5.M,"Số hộ cận nghèo theo chuẩn nghèo đa chiều phân theo thành thị, nông thôn và theo vùng, địa phương",count_households,2021,58462,new_34,52,Gia Lai
1.5.M,"Số hộ cận nghèo theo chuẩn nghèo đa chiều phân theo thành thị, nông thôn và theo vùng, địa phương",count_households,2022,57275,new_34,52,Gia Lai
1.5.M,"Số hộ cận nghèo theo chuẩn nghèo đa chiều phân theo thành thị, nông thôn và theo vùng, địa phương",count_households,2023,49075,new_34,52,Gia Lai
1.5.M,"Số hộ cận nghèo theo chuẩn nghèo đa chiều phân theo thành thị, nông thôn và theo vùng, địa phương",count_households,2024,44230,new_34,52,Gia Lai
1.5.M,"Số hộ cận nghèo theo chuẩn nghèo đa chiều phân theo thành thị, nông thôn và theo vùng, địa phương",count_households,2016,63427,new_34,66,Đắk Lắk
1.5.M,"Số hộ cận nghèo theo chuẩn nghèo đa chiều phân theo thành thị, nông thôn và theo vùng, địa phương",count_households,2017,66183,new_34,66,Đắk Lắk
1.5.M,"Số hộ cận nghèo theo chuẩn nghèo đa chiều phân theo thành thị, nông thôn và theo vùng, địa phương",count_households,2018,66754,new_34,66,Đắk Lắk
1.5.M,"Số hộ cận nghèo theo chuẩn nghèo đa chiều phân theo thành thị, nông thôn và theo vùng, địa phương",count_households,2019,66662,new_34,66,Đắk Lắk
1.5.M,"Số hộ cận nghèo theo chuẩn nghèo đa chiều phân theo thành thị, nông thôn và theo vùng, địa phương",count_households,2020,59352,new_34,66,Đắk Lắk
1.5.M,"Số hộ cận nghèo theo chuẩn nghèo đa chiều phân theo thành thị, nông thôn và theo vùng, địa phương",count_households,2021,61406,new_34,66,Đắk Lắk
1.5.M,"Số hộ cận nghèo theo chuẩn nghèo đa chiều phân theo thành thị, nông thôn và theo vùng, địa phương",count_households,2022,59947,new_34,66,Đắk Lắk
1.5.M,"Số hộ cận nghèo theo chuẩn nghèo đa chiều phân theo thành thị, nông thôn và theo vùng, địa phương",count_households,2023,51979,new_34,66,Đắk Lắk
1.5.M,"Số hộ cận nghèo theo chuẩn nghèo đa chiều phân theo thành thị, nông thôn và theo vùng, địa phương",count_households,2024,43444,new_34,66,Đắk Lắk
1.5.M,"Số hộ cận nghèo theo chuẩn nghèo đa chiều phân theo thành thị, nông thôn và theo vùng, địa phương",count_households,2016,40834,new_34,68,Lâm Đồng
1.5.M,"Số hộ cận nghèo theo chuẩn nghèo đa chiều phân theo thành thị, nông thôn và theo vùng, địa phương",count_households,2017,40348,new_34,68,Lâm Đồng
1.5.M,"Số hộ cận nghèo theo chuẩn nghèo đa chiều phân theo thành thị, nông thôn và theo vùng, địa phương",count_households,2018,39062,new_34,68,Lâm Đồng
1.5.M,"Số hộ cận nghèo theo chuẩn nghèo đa chiều phân theo thành thị, nông thôn và theo vùng, địa phương",count_households,2019,37557,new_34,68,Lâm Đồng
1.5.M,"Số hộ cận nghèo theo chuẩn nghèo đa chiều phân theo thành thị, nông thôn và theo vùng, địa phương",count_households,2020,35259,new_34,68,Lâm Đồng
1.5.M,"Số hộ cận nghèo theo chuẩn nghèo đa chiều phân theo thành thị, nông thôn và theo vùng, địa phương",count_households,2021,39774,new_34,68,Lâm Đồng
1.5.M,"Số hộ cận nghèo theo chuẩn nghèo đa chiều phân theo thành thị, nông thôn và theo vùng, địa phương",count_households,2022,36886,new_34,68,Lâm Đồng
1.5.M,"Số hộ cận nghèo theo chuẩn nghèo đa chiều phân theo thành thị, nông thôn và theo vùng, địa phương",count_households,2023,30833,new_34,68,Lâm Đồng
1.5.M,"Số hộ cận nghèo theo chuẩn nghèo đa chiều phân theo thành thị, nông thôn và theo vùng, địa phương",count_households,2024,23097,new_34,68,Lâm Đồng
1.5.M,"Số hộ cận nghèo theo chuẩn nghèo đa chiều phân theo thành thị, nông thôn và theo vùng, địa phương",count_households,2016,21240,new_34,80,Tây Ninh
1.5.M,"Số hộ cận nghèo theo chuẩn nghèo đa chiều phân theo thành thị, nông thôn và theo vùng, địa phương",count_households,2017,20937,new_34,80,Tây Ninh
1.5.M,"Số hộ cận nghèo theo chuẩn nghèo đa chiều phân theo thành thị, nông thôn và theo vùng, địa phương",count_households,2018,18631,new_34,80,Tây Ninh
1.5.M,"Số hộ cận nghèo theo chuẩn nghèo đa chiều phân theo thành thị, nông thôn và theo vùng, địa phương",count_households,2019,16101,new_34,80,Tây Ninh
1.5.M,"Số hộ cận nghèo theo chuẩn nghèo đa chiều phân theo thành thị, nông thôn và theo vùng, địa phương",count_households,2020,14594,new_34,80,Tây Ninh
1.5.M,"Số hộ cận nghèo theo chuẩn nghèo đa chiều phân theo thành thị, nông thôn và theo vùng, địa phương",count_households,2021,15352,new_34,80,Tây Ninh
1.5.M,"Số hộ cận nghèo theo chuẩn nghèo đa chiều phân theo thành thị, nông thôn và theo vùng, địa phương",count_households,2022,13511,new_34,80,Tây Ninh
1.5.M,"Số hộ cận nghèo theo chuẩn nghèo đa chiều phân theo thành thị, nông thôn và theo vùng, địa phương",count_households,2023,10597,new_34,80,Tây Ninh
1.5.M,"Số hộ cận nghèo theo chuẩn nghèo đa chiều phân theo thành thị, nông thôn và theo vùng, địa phương",count_households,2024,8496,new_34,80,Tây Ninh
1.5.M,"Số hộ cận nghèo theo chuẩn nghèo đa chiều phân theo thành thị, nông thôn và theo vùng, địa phương",count_households,2016,13695,new_34,75,Đồng Nai
1.5.M,"Số hộ cận nghèo theo chuẩn nghèo đa chiều phân theo thành thị, nông thôn và theo vùng, địa phương",count_households,2017,9683,new_34,75,Đồng Nai
1.5.M,"Số hộ cận nghèo theo chuẩn nghèo đa chiều phân theo thành thị, nông thôn và theo vùng, địa phương",count_households,2018,8014,new_34,75,Đồng Nai
1.5.M,"Số hộ cận nghèo theo chuẩn nghèo đa chiều phân theo thành thị, nông thôn và theo vùng, địa phương",count_households,2019,7468,new_34,75,Đồng Nai
1.5.M,"Số hộ cận nghèo theo chuẩn nghèo đa chiều phân theo thành thị, nông thôn và theo vùng, địa phương",count_households,2020,5682,new_34,75,Đồng Nai
1.5.M,"Số hộ cận nghèo theo chuẩn nghèo đa chiều phân theo thành thị, nông thôn và theo vùng, địa phương",count_households,2021,10660,new_34,75,Đồng Nai
1.5.M,"Số hộ cận nghèo theo chuẩn nghèo đa chiều phân theo thành thị, nông thôn và theo vùng, địa phương",count_households,2022,3449,new_34,75,Đồng Nai
1.5.M,"Số hộ cận nghèo theo chuẩn nghèo đa chiều phân theo thành thị, nông thôn và theo vùng, địa phương",count_households,2023,2867,new_34,75,Đồng Nai
1.5.M,"Số hộ cận nghèo theo chuẩn nghèo đa chiều phân theo thành thị, nông thôn và theo vùng, địa phương",count_households,2024,1923,new_34,75,Đồng Nai
1.5.M,"Số hộ cận nghèo theo chuẩn nghèo đa chiều phân theo thành thị, nông thôn và theo vùng, địa phương",count_households,2016,9172,new_34,79,TP. Hồ Chí Minh
1.5.M,"Số hộ cận nghèo theo chuẩn nghèo đa chiều phân theo thành thị, nông thôn và theo vùng, địa phương",count_households,2017,2959,new_34,79,TP. Hồ Chí Minh
1.5.M,"Số hộ cận nghèo theo chuẩn nghèo đa chiều phân theo thành thị, nông thôn và theo vùng, địa phương",count_households,2018,2251,new_34,79,TP. Hồ Chí Minh
1.5.M,"Số hộ cận nghèo theo chuẩn nghèo đa chiều phân theo thành thị, nông thôn và theo vùng, địa phương",count_households,2019,1148,new_34,79,TP. Hồ Chí Minh
1.5.M,"Số hộ cận nghèo theo chuẩn nghèo đa chiều phân theo thành thị, nông thôn và theo vùng, địa phương",count_households,2020,643,new_34,79,TP. Hồ Chí Minh
1.5.M,"Số hộ cận nghèo theo chuẩn nghèo đa chiều phân theo thành thị, nông thôn và theo vùng, địa phương",count_households,2021,5323,new_34,79,TP. Hồ Chí Minh
1.5.M,"Số hộ cận nghèo theo chuẩn nghèo đa chiều phân theo thành thị, nông thôn và theo vùng, địa phương",count_households,2022,166,new_34,79,TP. Hồ Chí Minh
1.5.M,"Số hộ cận nghèo theo chuẩn nghèo đa chiều phân theo thành thị, nông thôn và theo vùng, địa phương",count_households,2023,114,new_34,79,TP. Hồ Chí Minh
1.5.M,"Số hộ cận nghèo theo chuẩn nghèo đa chiều phân theo thành thị, nông thôn và theo vùng, địa phương",count_households,2024,39,new_34,79,TP. Hồ Chí Minh
1.5.M,"Số hộ cận nghèo theo chuẩn nghèo đa chiều phân theo thành thị, nông thôn và theo vùng, địa phương",count_households,2016,52781,new_34,86,Vĩnh Long
1.5.M,"Số hộ cận nghèo theo chuẩn nghèo đa chiều phân theo thành thị, nông thôn và theo vùng, địa phương",count_households,2017,54475,new_34,86,Vĩnh Long
1.5.M,"Số hộ cận nghèo theo chuẩn nghèo đa chiều phân theo thành thị, nông thôn và theo vùng, địa phương",count_households,2018,53290,new_34,86,Vĩnh Long
1.5.M,"Số hộ cận nghèo theo chuẩn nghèo đa chiều phân theo thành thị, nông thôn và theo vùng, địa phương",count_households,2019,47589,new_34,86,Vĩnh Long
1.5.M,"Số hộ cận nghèo theo chuẩn nghèo đa chiều phân theo thành thị, nông thôn và theo vùng, địa phương",count_households,2020,42484,new_34,86,Vĩnh Long
1.5.M,"Số hộ cận nghèo theo chuẩn nghèo đa chiều phân theo thành thị, nông thôn và theo vùng, địa phương",count_households,2021,44692,new_34,86,Vĩnh Long
1.5.M,"Số hộ cận nghèo theo chuẩn nghèo đa chiều phân theo thành thị, nông thôn và theo vùng, địa phương",count_households,2022,34276,new_34,86,Vĩnh Long
1.5.M,"Số hộ cận nghèo theo chuẩn nghèo đa chiều phân theo thành thị, nông thôn và theo vùng, địa phương",count_households,2023,24339,new_34,86,Vĩnh Long
1.5.M,"Số hộ cận nghèo theo chuẩn nghèo đa chiều phân theo thành thị, nông thôn và theo vùng, địa phương",count_households,2024,20538,new_34,86,Vĩnh Long
1.5.M,"Số hộ cận nghèo theo chuẩn nghèo đa chiều phân theo thành thị, nông thôn và theo vùng, địa phương",count_households,2016,42725,new_34,82,Đồng Tháp
1.5.M,"Số hộ cận nghèo theo chuẩn nghèo đa chiều phân theo thành thị, nông thôn và theo vùng, địa phương",count_households,2017,45134,new_34,82,Đồng Tháp
1.5.M,"Số hộ cận nghèo theo chuẩn nghèo đa chiều phân theo thành thị, nông thôn và theo vùng, địa phương",count_households,2018,45180,new_34,82,Đồng Tháp
1.5.M,"Số hộ cận nghèo theo chuẩn nghèo đa chiều phân theo thành thị, nông thôn và theo vùng, địa phương",count_households,2019,42928,new_34,82,Đồng Tháp
1.5.M,"Số hộ cận nghèo theo chuẩn nghèo đa chiều phân theo thành thị, nông thôn và theo vùng, địa phương",count_households,2020,38985,new_34,82,Đồng Tháp
1.5.M,"Số hộ cận nghèo theo chuẩn nghèo đa chiều phân theo thành thị, nông thôn và theo vùng, địa phương",count_households,2021,38886,new_34,82,Đồng Tháp
1.5.M,"Số hộ cận nghèo theo chuẩn nghèo đa chiều phân theo thành thị, nông thôn và theo vùng, địa phương",count_households,2022,24663,new_34,82,Đồng Tháp
1.5.M,"Số hộ cận nghèo theo chuẩn nghèo đa chiều phân theo thành thị, nông thôn và theo vùng, địa phương",count_households,2023,18993,new_34,82,Đồng Tháp
1.5.M,"Số hộ cận nghèo theo chuẩn nghèo đa chiều phân theo thành thị, nông thôn và theo vùng, địa phương",count_households,2024,15702,new_34,82,Đồng Tháp
1.5.M,"Số hộ cận nghèo theo chuẩn nghèo đa chiều phân theo thành thị, nông thôn và theo vùng, địa phương",count_households,2016,51980,new_34,91,An Giang
1.5.M,"Số hộ cận nghèo theo chuẩn nghèo đa chiều phân theo thành thị, nông thôn và theo vùng, địa phương",count_households,2017,53626,new_34,91,An Giang
1.5.M,"Số hộ cận nghèo theo chuẩn nghèo đa chiều phân theo thành thị, nông thôn và theo vùng, địa phương",count_households,2018,23766,new_34,91,An Giang
1.5.M,"Số hộ cận nghèo theo chuẩn nghèo đa chiều phân theo thành thị, nông thôn và theo vùng, địa phương",count_households,2019,50375,new_34,91,An Giang
1.5.M,"Số hộ cận nghèo theo chuẩn nghèo đa chiều phân theo thành thị, nông thôn và theo vùng, địa phương",count_households,2020,46033,new_34,91,An Giang
1.5.M,"Số hộ cận nghèo theo chuẩn nghèo đa chiều phân theo thành thị, nông thôn và theo vùng, địa phương",count_households,2021,50782,new_34,91,An Giang
1.5.M,"Số hộ cận nghèo theo chuẩn nghèo đa chiều phân theo thành thị, nông thôn và theo vùng, địa phương",count_households,2022,39157,new_34,91,An Giang
1.5.M,"Số hộ cận nghèo theo chuẩn nghèo đa chiều phân theo thành thị, nông thôn và theo vùng, địa phương",count_households,2023,29505,new_34,91,An Giang
1.5.M,"Số hộ cận nghèo theo chuẩn nghèo đa chiều phân theo thành thị, nông thôn và theo vùng, địa phương",count_households,2024,24687,new_34,91,An Giang
1.5.M,"Số hộ cận nghèo theo chuẩn nghèo đa chiều phân theo thành thị, nông thôn và theo vùng, địa phương",count_households,2016,58960,new_34,92,Cần Thơ
1.5.M,"Số hộ cận nghèo theo chuẩn nghèo đa chiều phân theo thành thị, nông thôn và theo vùng, địa phương",count_households,2017,64126,new_34,92,Cần Thơ
1.5.M,"Số hộ cận nghèo theo chuẩn nghèo đa chiều phân theo thành thị, nông thôn và theo vùng, địa phương",count_households,2018,59945,new_34,92,Cần Thơ
1.5.M,"Số hộ cận nghèo theo chuẩn nghèo đa chiều phân theo thành thị, nông thôn và theo vùng, địa phương",count_households,2019,55538,new_34,92,Cần Thơ
1.5.M,"Số hộ cận nghèo theo chuẩn nghèo đa chiều phân theo thành thị, nông thôn và theo vùng, địa phương",count_households,2020,45170,new_34,92,Cần Thơ
1.5.M,"Số hộ cận nghèo theo chuẩn nghèo đa chiều phân theo thành thị, nông thôn và theo vùng, địa phương",count_households,2021,46777,new_34,92,Cần Thơ
1.5.M,"Số hộ cận nghèo theo chuẩn nghèo đa chiều phân theo thành thị, nông thôn và theo vùng, địa phương",count_households,2022,41259,new_34,92,Cần Thơ
1.5.M,"Số hộ cận nghèo theo chuẩn nghèo đa chiều phân theo thành thị, nông thôn và theo vùng, địa phương",count_households,2023,34282,new_34,92,Cần Thơ
1.5.M,"Số hộ cận nghèo theo chuẩn nghèo đa chiều phân theo thành thị, nông thôn và theo vùng, địa phương",count_households,2024,28313,new_34,92,Cần Thơ
1.5.M,"Số hộ cận nghèo theo chuẩn nghèo đa chiều phân theo thành thị, nông thôn và theo vùng, địa phương",count_households,2016,25374,new_34,96,Cà Mau
1.5.M,"Số hộ cận nghèo theo chuẩn nghèo đa chiều phân theo thành thị, nông thôn và theo vùng, địa phương",count_households,2017,24072,new_34,96,Cà Mau
1.5.M,"Số hộ cận nghèo theo chuẩn nghèo đa chiều phân theo thành thị, nông thôn và theo vùng, địa phương",count_households,2018,19462,new_34,96,Cà Mau
1.5.M,"Số hộ cận nghèo theo chuẩn nghèo đa chiều phân theo thành thị, nông thôn và theo vùng, địa phương",count_households,2019,15589,new_34,96,Cà Mau
1.5.M,"Số hộ cận nghèo theo chuẩn nghèo đa chiều phân theo thành thị, nông thôn và theo vùng, địa phương",count_households,2020,10758,new_34,96,Cà Mau
1.5.M,"Số hộ cận nghèo theo chuẩn nghèo đa chiều phân theo thành thị, nông thôn và theo vùng, địa phương",count_households,2021,21963,new_34,96,Cà Mau
1.5.M,"Số hộ cận nghèo theo chuẩn nghèo đa chiều phân theo thành thị, nông thôn và theo vùng, địa phương",count_households,2022,17765,new_34,96,Cà Mau
1.5.M,"Số hộ cận nghèo theo chuẩn nghèo đa chiều phân theo thành thị, nông thôn và theo vùng, địa phương",count_households,2023,11699,new_34,96,Cà Mau
1.5.M,"Số hộ cận nghèo theo chuẩn nghèo đa chiều phân theo thành thị, nông thôn và theo vùng, địa phương",count_households,2024,8101,new_34,96,Cà Mau
1.6,Tỷ lệ hộ nghèo/số hộ nghèo dân tộc thiểu số theo chuẩn nghèo đa chiều giai đoạn 2022-2025,rate_percent,2021,48.37790389,old_63,2,Hà Giang
1.6,Tỷ lệ hộ nghèo/số hộ nghèo dân tộc thiểu số theo chuẩn nghèo đa chiều giai đoạn 2022-2025,rate_percent,2022,42.76268983,old_63,2,Hà Giang
1.6,Tỷ lệ hộ nghèo/số hộ nghèo dân tộc thiểu số theo chuẩn nghèo đa chiều giai đoạn 2022-2025,rate_percent,2023,36.02794594,old_63,2,Hà Giang
1.6,Tỷ lệ hộ nghèo/số hộ nghèo dân tộc thiểu số theo chuẩn nghèo đa chiều giai đoạn 2022-2025,rate_percent,2024,29.08252673,old_63,2,Hà Giang
1.6,Tỷ lệ hộ nghèo/số hộ nghèo dân tộc thiểu số theo chuẩn nghèo đa chiều giai đoạn 2022-2025,count_households,2021,78259,old_63,2,Hà Giang
1.6,Tỷ lệ hộ nghèo/số hộ nghèo dân tộc thiểu số theo chuẩn nghèo đa chiều giai đoạn 2022-2025,count_households,2022,69722,old_63,2,Hà Giang
1.6,Tỷ lệ hộ nghèo/số hộ nghèo dân tộc thiểu số theo chuẩn nghèo đa chiều giai đoạn 2022-2025,count_households,2023,59097,old_63,2,Hà Giang
1.6,Tỷ lệ hộ nghèo/số hộ nghèo dân tộc thiểu số theo chuẩn nghèo đa chiều giai đoạn 2022-2025,count_households,2024,49456,old_63,2,Hà Giang
1.6,Tỷ lệ hộ nghèo/số hộ nghèo dân tộc thiểu số theo chuẩn nghèo đa chiều giai đoạn 2022-2025,rate_percent,2021,37.32327215,old_63,8,Tuyên Quang
1.6,Tỷ lệ hộ nghèo/số hộ nghèo dân tộc thiểu số theo chuẩn nghèo đa chiều giai đoạn 2022-2025,rate_percent,2022,30.15140762,old_63,8,Tuyên Quang
1.6,Tỷ lệ hộ nghèo/số hộ nghèo dân tộc thiểu số theo chuẩn nghèo đa chiều giai đoạn 2022-2025,rate_percent,2023,22.0320265,old_63,8,Tuyên Quang
1.6,Tỷ lệ hộ nghèo/số hộ nghèo dân tộc thiểu số theo chuẩn nghèo đa chiều giai đoạn 2022-2025,rate_percent,2024,16.04006041,old_63,8,Tuyên Quang
1.6,Tỷ lệ hộ nghèo/số hộ nghèo dân tộc thiểu số theo chuẩn nghèo đa chiều giai đoạn 2022-2025,count_households,2021,40707,old_63,8,Tuyên Quang
1.6,Tỷ lệ hộ nghèo/số hộ nghèo dân tộc thiểu số theo chuẩn nghèo đa chiều giai đoạn 2022-2025,count_households,2022,33137,old_63,8,Tuyên Quang
1.6,Tỷ lệ hộ nghèo/số hộ nghèo dân tộc thiểu số theo chuẩn nghèo đa chiều giai đoạn 2022-2025,count_households,2023,24738,old_63,8,Tuyên Quang
1.6,Tỷ lệ hộ nghèo/số hộ nghèo dân tộc thiểu số theo chuẩn nghèo đa chiều giai đoạn 2022-2025,count_households,2024,18162,old_63,8,Tuyên Quang
1.6,Tỷ lệ hộ nghèo/số hộ nghèo dân tộc thiểu số theo chuẩn nghèo đa chiều giai đoạn 2022-2025,rate_percent,2021,34.31698654,old_63,4,Cao Bằng
1.6,Tỷ lệ hộ nghèo/số hộ nghèo dân tộc thiểu số theo chuẩn nghèo đa chiều giai đoạn 2022-2025,rate_percent,2022,29.7751553,old_63,4,Cao Bằng
1.6,Tỷ lệ hộ nghèo/số hộ nghèo dân tộc thiểu số theo chuẩn nghèo đa chiều giai đoạn 2022-2025,rate_percent,2023,25.61025436,old_63,4,Cao Bằng
1.6,Tỷ lệ hộ nghèo/số hộ nghèo dân tộc thiểu số theo chuẩn nghèo đa chiều giai đoạn 2022-2025,rate_percent,2024,20.60687505,old_63,4,Cao Bằng
1.6,Tỷ lệ hộ nghèo/số hộ nghèo dân tộc thiểu số theo chuẩn nghèo đa chiều giai đoạn 2022-2025,count_households,2021,42609,old_63,4,Cao Bằng
1.6,Tỷ lệ hộ nghèo/số hộ nghèo dân tộc thiểu số theo chuẩn nghèo đa chiều giai đoạn 2022-2025,count_households,2022,37291,old_63,4,Cao Bằng
1.6,Tỷ lệ hộ nghèo/số hộ nghèo dân tộc thiểu số theo chuẩn nghèo đa chiều giai đoạn 2022-2025,count_households,2023,31968,old_63,4,Cao Bằng
1.6,Tỷ lệ hộ nghèo/số hộ nghèo dân tộc thiểu số theo chuẩn nghèo đa chiều giai đoạn 2022-2025,count_households,2024,25915,old_63,4,Cao Bằng
1.6,Tỷ lệ hộ nghèo/số hộ nghèo dân tộc thiểu số theo chuẩn nghèo đa chiều giai đoạn 2022-2025,rate_percent,2021,13.8790739,old_63,20,Lạng Sơn
1.6,Tỷ lệ hộ nghèo/số hộ nghèo dân tộc thiểu số theo chuẩn nghèo đa chiều giai đoạn 2022-2025,rate_percent,2022,10.42633864,old_63,20,Lạng Sơn
1.6,Tỷ lệ hộ nghèo/số hộ nghèo dân tộc thiểu số theo chuẩn nghèo đa chiều giai đoạn 2022-2025,rate_percent,2023,7.054134997,old_63,20,Lạng Sơn
1.6,Tỷ lệ hộ nghèo/số hộ nghèo dân tộc thiểu số theo chuẩn nghèo đa chiều giai đoạn 2022-2025,rate_percent,2024,3.859690494,old_63,20,Lạng Sơn
1.6,Tỷ lệ hộ nghèo/số hộ nghèo dân tộc thiểu số theo chuẩn nghèo đa chiều giai đoạn 2022-2025,count_households,2021,22468,old_63,20,Lạng Sơn
1.6,Tỷ lệ hộ nghèo/số hộ nghèo dân tộc thiểu số theo chuẩn nghèo đa chiều giai đoạn 2022-2025,count_households,2022,16664,old_63,20,Lạng Sơn
1.6,Tỷ lệ hộ nghèo/số hộ nghèo dân tộc thiểu số theo chuẩn nghèo đa chiều giai đoạn 2022-2025,count_households,2023,11824,old_63,20,Lạng Sơn
1.6,Tỷ lệ hộ nghèo/số hộ nghèo dân tộc thiểu số theo chuẩn nghèo đa chiều giai đoạn 2022-2025,count_households,2024,6547,old_63,20,Lạng Sơn
1.6,Tỷ lệ hộ nghèo/số hộ nghèo dân tộc thiểu số theo chuẩn nghèo đa chiều giai đoạn 2022-2025,rate_percent,2021,39.99533627,old_63,10,Lào Cai
1.6,Tỷ lệ hộ nghèo/số hộ nghèo dân tộc thiểu số theo chuẩn nghèo đa chiều giai đoạn 2022-2025,rate_percent,2022,33.27256242,old_63,10,Lào Cai
1.6,Tỷ lệ hộ nghèo/số hộ nghèo dân tộc thiểu số theo chuẩn nghèo đa chiều giai đoạn 2022-2025,rate_percent,2023,24.13443979,old_63,10,Lào Cai
1.6,Tỷ lệ hộ nghèo/số hộ nghèo dân tộc thiểu số theo chuẩn nghèo đa chiều giai đoạn 2022-2025,rate_percent,2024,18.29552284,old_63,10,Lào Cai
1.6,Tỷ lệ hộ nghèo/số hộ nghèo dân tộc thiểu số theo chuẩn nghèo đa chiều giai đoạn 2022-2025,count_households,2021,41164,old_63,10,Lào Cai
1.6,Tỷ lệ hộ nghèo/số hộ nghèo dân tộc thiểu số theo chuẩn nghèo đa chiều giai đoạn 2022-2025,count_households,2022,34128,old_63,10,Lào Cai
1.6,Tỷ lệ hộ nghèo/số hộ nghèo dân tộc thiểu số theo chuẩn nghèo đa chiều giai đoạn 2022-2025,count_households,2023,25506,old_63,10,Lào Cai
1.6,Tỷ lệ hộ nghèo/số hộ nghèo dân tộc thiểu số theo chuẩn nghèo đa chiều giai đoạn 2022-2025,count_households,2024,19484,old_63,10,Lào Cai
1.6,Tỷ lệ hộ nghèo/số hộ nghèo dân tộc thiểu số theo chuẩn nghèo đa chiều giai đoạn 2022-2025,rate_percent,2021,30.3568372,old_63,15,Yên Bái
1.6,Tỷ lệ hộ nghèo/số hộ nghèo dân tộc thiểu số theo chuẩn nghèo đa chiều giai đoạn 2022-2025,rate_percent,2022,22.20653435,old_63,15,Yên Bái
1.6,Tỷ lệ hộ nghèo/số hộ nghèo dân tộc thiểu số theo chuẩn nghèo đa chiều giai đoạn 2022-2025,rate_percent,2023,16.39763051,old_63,15,Yên Bái
1.6,Tỷ lệ hộ nghèo/số hộ nghèo dân tộc thiểu số theo chuẩn nghèo đa chiều giai đoạn 2022-2025,rate_percent,2024,10.03004658,old_63,15,Yên Bái
1.6,Tỷ lệ hộ nghèo/số hộ nghèo dân tộc thiểu số theo chuẩn nghèo đa chiều giai đoạn 2022-2025,count_households,2021,33697,old_63,15,Yên Bái
1.6,Tỷ lệ hộ nghèo/số hộ nghèo dân tộc thiểu số theo chuẩn nghèo đa chiều giai đoạn 2022-2025,count_households,2022,24693,old_63,15,Yên Bái
1.6,Tỷ lệ hộ nghèo/số hộ nghèo dân tộc thiểu số theo chuẩn nghèo đa chiều giai đoạn 2022-2025,count_households,2023,17716,old_63,15,Yên Bái
1.6,Tỷ lệ hộ nghèo/số hộ nghèo dân tộc thiểu số theo chuẩn nghèo đa chiều giai đoạn 2022-2025,count_households,2024,11283,old_63,15,Yên Bái
1.6,Tỷ lệ hộ nghèo/số hộ nghèo dân tộc thiểu số theo chuẩn nghèo đa chiều giai đoạn 2022-2025,rate_percent,2021,11.93322949,old_63,19,Thái Nguyên
1.6,Tỷ lệ hộ nghèo/số hộ nghèo dân tộc thiểu số theo chuẩn nghèo đa chiều giai đoạn 2022-2025,rate_percent,2022,8.571874512,old_63,19,Thái Nguyên
1.6,Tỷ lệ hộ nghèo/số hộ nghèo dân tộc thiểu số theo chuẩn nghèo đa chiều giai đoạn 2022-2025,rate_percent,2023,5.85212496,old_63,19,Thái Nguyên
1.6,Tỷ lệ hộ nghèo/số hộ nghèo dân tộc thiểu số theo chuẩn nghèo đa chiều giai đoạn 2022-2025,rate_percent,2024,3.878612658,old_63,19,Thái Nguyên
1.6,Tỷ lệ hộ nghèo/số hộ nghèo dân tộc thiểu số theo chuẩn nghèo đa chiều giai đoạn 2022-2025,count_households,2021,11338,old_63,19,Thái Nguyên
1.6,Tỷ lệ hộ nghèo/số hộ nghèo dân tộc thiểu số theo chuẩn nghèo đa chiều giai đoạn 2022-2025,count_households,2022,8238,old_63,19,Thái Nguyên
1.6,Tỷ lệ hộ nghèo/số hộ nghèo dân tộc thiểu số theo chuẩn nghèo đa chiều giai đoạn 2022-2025,count_households,2023,5603,old_63,19,Thái Nguyên
1.6,Tỷ lệ hộ nghèo/số hộ nghèo dân tộc thiểu số theo chuẩn nghèo đa chiều giai đoạn 2022-2025,count_households,2024,3810,old_63,19,Thái Nguyên
1.6,Tỷ lệ hộ nghèo/số hộ nghèo dân tộc thiểu số theo chuẩn nghèo đa chiều giai đoạn 2022-2025,rate_percent,2021,30.54023315,old_63,6,Bắc Kạn
1.6,Tỷ lệ hộ nghèo/số hộ nghèo dân tộc thiểu số theo chuẩn nghèo đa chiều giai đoạn 2022-2025,rate_percent,2022,27.94096596,old_63,6,Bắc Kạn
1.6,Tỷ lệ hộ nghèo/số hộ nghèo dân tộc thiểu số theo chuẩn nghèo đa chiều giai đoạn 2022-2025,rate_percent,2023,24.49171978,old_63,6,Bắc Kạn
1.6,Tỷ lệ hộ nghèo/số hộ nghèo dân tộc thiểu số theo chuẩn nghèo đa chiều giai đoạn 2022-2025,rate_percent,2024,21.11210714,old_63,6,Bắc Kạn
1.6,Tỷ lệ hộ nghèo/số hộ nghèo dân tộc thiểu số theo chuẩn nghèo đa chiều giai đoạn 2022-2025,count_households,2021,21482,old_63,6,Bắc Kạn
1.6,Tỷ lệ hộ nghèo/số hộ nghèo dân tộc thiểu số theo chuẩn nghèo đa chiều giai đoạn 2022-2025,count_households,2022,19519,old_63,6,Bắc Kạn
1.6,Tỷ lệ hộ nghèo/số hộ nghèo dân tộc thiểu số theo chuẩn nghèo đa chiều giai đoạn 2022-2025,count_households,2023,17407,old_63,6,Bắc Kạn
1.6,Tỷ lệ hộ nghèo/số hộ nghèo dân tộc thiểu số theo chuẩn nghèo đa chiều giai đoạn 2022-2025,count_households,2024,15544,old_63,6,Bắc Kạn
1.6,Tỷ lệ hộ nghèo/số hộ nghèo dân tộc thiểu số theo chuẩn nghèo đa chiều giai đoạn 2022-2025,rate_percent,2021,14.70048706,old_63,25,Phú Thọ
1.6,Tỷ lệ hộ nghèo/số hộ nghèo dân tộc thiểu số theo chuẩn nghèo đa chiều giai đoạn 2022-2025,rate_percent,2022,13.28488738,old_63,25,Phú Thọ
1.6,Tỷ lệ hộ nghèo/số hộ nghèo dân tộc thiểu số theo chuẩn nghèo đa chiều giai đoạn 2022-2025,rate_percent,2023,11.99809478,old_63,25,Phú Thọ
1.6,Tỷ lệ hộ nghèo/số hộ nghèo dân tộc thiểu số theo chuẩn nghèo đa chiều giai đoạn 2022-2025,rate_percent,2024,10.45228945,old_63,25,Phú Thọ
1.6,Tỷ lệ hộ nghèo/số hộ nghèo dân tộc thiểu số theo chuẩn nghèo đa chiều giai đoạn 2022-2025,count_households,2021,9296,old_63,25,Phú Thọ
1.6,Tỷ lệ hộ nghèo/số hộ nghèo dân tộc thiểu số theo chuẩn nghèo đa chiều giai đoạn 2022-2025,count_households,2022,8446,old_63,25,Phú Thọ
1.6,Tỷ lệ hộ nghèo/số hộ nghèo dân tộc thiểu số theo chuẩn nghèo đa chiều giai đoạn 2022-2025,count_households,2023,7557,old_63,25,Phú Thọ
1.6,Tỷ lệ hộ nghèo/số hộ nghèo dân tộc thiểu số theo chuẩn nghèo đa chiều giai đoạn 2022-2025,count_households,2024,6718,old_63,25,Phú Thọ
1.6,Tỷ lệ hộ nghèo/số hộ nghèo dân tộc thiểu số theo chuẩn nghèo đa chiều giai đoạn 2022-2025,rate_percent,2021,11.93507569,old_63,24,Bắc Giang
1.6,Tỷ lệ hộ nghèo/số hộ nghèo dân tộc thiểu số theo chuẩn nghèo đa chiều giai đoạn 2022-2025,rate_percent,2022,8.771532185,old_63,24,Bắc Giang
1.6,Tỷ lệ hộ nghèo/số hộ nghèo dân tộc thiểu số theo chuẩn nghèo đa chiều giai đoạn 2022-2025,rate_percent,2023,6.515782303,old_63,24,Bắc Giang
1.6,Tỷ lệ hộ nghèo/số hộ nghèo dân tộc thiểu số theo chuẩn nghèo đa chiều giai đoạn 2022-2025,rate_percent,2024,4.650516896,old_63,24,Bắc Giang
1.6,Tỷ lệ hộ nghèo/số hộ nghèo dân tộc thiểu số theo chuẩn nghèo đa chiều giai đoạn 2022-2025,count_households,2021,7640,old_63,24,Bắc Giang
1.6,Tỷ lệ hộ nghèo/số hộ nghèo dân tộc thiểu số theo chuẩn nghèo đa chiều giai đoạn 2022-2025,count_households,2022,5805,old_63,24,Bắc Giang
1.6,Tỷ lệ hộ nghèo/số hộ nghèo dân tộc thiểu số theo chuẩn nghèo đa chiều giai đoạn 2022-2025,count_households,2023,4304,old_63,24,Bắc Giang
1.6,Tỷ lệ hộ nghèo/số hộ nghèo dân tộc thiểu số theo chuẩn nghèo đa chiều giai đoạn 2022-2025,count_households,2024,3014,old_63,24,Bắc Giang
1.6,Tỷ lệ hộ nghèo/số hộ nghèo dân tộc thiểu số theo chuẩn nghèo đa chiều giai đoạn 2022-2025,rate_percent,2021,20.08631358,old_63,17,Hoà Bình
1.6,Tỷ lệ hộ nghèo/số hộ nghèo dân tộc thiểu số theo chuẩn nghèo đa chiều giai đoạn 2022-2025,rate_percent,2022,15.87643,old_63,17,Hoà Bình
1.6,Tỷ lệ hộ nghèo/số hộ nghèo dân tộc thiểu số theo chuẩn nghèo đa chiều giai đoạn 2022-2025,rate_percent,2023,11.98787087,old_63,17,Hoà Bình
1.6,Tỷ lệ hộ nghèo/số hộ nghèo dân tộc thiểu số theo chuẩn nghèo đa chiều giai đoạn 2022-2025,rate_percent,2024,8.456182563,old_63,17,Hoà Bình
1.6,Tỷ lệ hộ nghèo/số hộ nghèo dân tộc thiểu số theo chuẩn nghèo đa chiều giai đoạn 2022-2025,count_households,2021,31649,old_63,17,Hoà Bình
1.6,Tỷ lệ hộ nghèo/số hộ nghèo dân tộc thiểu số theo chuẩn nghèo đa chiều giai đoạn 2022-2025,count_households,2022,25244,old_63,17,Hoà Bình
1.6,Tỷ lệ hộ nghèo/số hộ nghèo dân tộc thiểu số theo chuẩn nghèo đa chiều giai đoạn 2022-2025,count_households,2023,19095,old_63,17,Hoà Bình
1.6,Tỷ lệ hộ nghèo/số hộ nghèo dân tộc thiểu số theo chuẩn nghèo đa chiều giai đoạn 2022-2025,count_households,2024,13566,old_63,17,Hoà Bình
1.6,Tỷ lệ hộ nghèo/số hộ nghèo dân tộc thiểu số theo chuẩn nghèo đa chiều giai đoạn 2022-2025,rate_percent,2021,26.55872884,old_63,14,Sơn La
1.6,Tỷ lệ hộ nghèo/số hộ nghèo dân tộc thiểu số theo chuẩn nghèo đa chiều giai đoạn 2022-2025,rate_percent,2022,22.22302806,old_63,14,Sơn La
1.6,Tỷ lệ hộ nghèo/số hộ nghèo dân tộc thiểu số theo chuẩn nghèo đa chiều giai đoạn 2022-2025,rate_percent,2023,15.99518988,old_63,14,Sơn La
1.6,Tỷ lệ hộ nghèo/số hộ nghèo dân tộc thiểu số theo chuẩn nghèo đa chiều giai đoạn 2022-2025,rate_percent,2024,13.52558878,old_63,14,Sơn La
1.6,Tỷ lệ hộ nghèo/số hộ nghèo dân tộc thiểu số theo chuẩn nghèo đa chiều giai đoạn 2022-2025,count_households,2021,62613,old_63,14,Sơn La
1.6,Tỷ lệ hộ nghèo/số hộ nghèo dân tộc thiểu số theo chuẩn nghèo đa chiều giai đoạn 2022-2025,count_households,2022,52091,old_63,14,Sơn La
1.6,Tỷ lệ hộ nghèo/số hộ nghèo dân tộc thiểu số theo chuẩn nghèo đa chiều giai đoạn 2022-2025,count_households,2023,41500,old_63,14,Sơn La
1.6,Tỷ lệ hộ nghèo/số hộ nghèo dân tộc thiểu số theo chuẩn nghèo đa chiều giai đoạn 2022-2025,count_households,2024,32362,old_63,14,Sơn La
1.6,Tỷ lệ hộ nghèo/số hộ nghèo dân tộc thiểu số theo chuẩn nghèo đa chiều giai đoạn 2022-2025,rate_percent,2021,40.64289875,old_63,12,Lai Châu
1.6,Tỷ lệ hộ nghèo/số hộ nghèo dân tộc thiểu số theo chuẩn nghèo đa chiều giai đoạn 2022-2025,rate_percent,2022,35.57515356,old_63,12,Lai Châu
1.6,Tỷ lệ hộ nghèo/số hộ nghèo dân tộc thiểu số theo chuẩn nghèo đa chiều giai đoạn 2022-2025,rate_percent,2023,28.16010373,old_63,12,Lai Châu
1.6,Tỷ lệ hộ nghèo/số hộ nghèo dân tộc thiểu số theo chuẩn nghèo đa chiều giai đoạn 2022-2025,rate_percent,2024,24.23013264,old_63,12,Lai Châu
1.6,Tỷ lệ hộ nghèo/số hộ nghèo dân tộc thiểu số theo chuẩn nghèo đa chiều giai đoạn 2022-2025,count_households,2021,33493,old_63,12,Lai Châu
1.6,Tỷ lệ hộ nghèo/số hộ nghèo dân tộc thiểu số theo chuẩn nghèo đa chiều giai đoạn 2022-2025,count_households,2022,29770,old_63,12,Lai Châu
1.6,Tỷ lệ hộ nghèo/số hộ nghèo dân tộc thiểu số theo chuẩn nghèo đa chiều giai đoạn 2022-2025,count_households,2023,25194,old_63,12,Lai Châu
1.6,Tỷ lệ hộ nghèo/số hộ nghèo dân tộc thiểu số theo chuẩn nghèo đa chiều giai đoạn 2022-2025,count_households,2024,20788,old_63,12,Lai Châu
1.6,Tỷ lệ hộ nghèo/số hộ nghèo dân tộc thiểu số theo chuẩn nghèo đa chiều giai đoạn 2022-2025,rate_percent,2021,45.00374287,old_63,11,Điện Biên
1.6,Tỷ lệ hộ nghèo/số hộ nghèo dân tộc thiểu số theo chuẩn nghèo đa chiều giai đoạn 2022-2025,rate_percent,2022,38.77484034,old_63,11,Điện Biên
1.6,Tỷ lệ hộ nghèo/số hộ nghèo dân tộc thiểu số theo chuẩn nghèo đa chiều giai đoạn 2022-2025,rate_percent,2023,32.90589605,old_63,11,Điện Biên
1.6,Tỷ lệ hộ nghèo/số hộ nghèo dân tộc thiểu số theo chuẩn nghèo đa chiều giai đoạn 2022-2025,rate_percent,2024,27.39868281,old_63,11,Điện Biên
1.6,Tỷ lệ hộ nghèo/số hộ nghèo dân tộc thiểu số theo chuẩn nghèo đa chiều giai đoạn 2022-2025,count_households,2021,46893,old_63,11,Điện Biên
1.6,Tỷ lệ hộ nghèo/số hộ nghèo dân tộc thiểu số theo chuẩn nghèo đa chiều giai đoạn 2022-2025,count_households,2022,41346,old_63,11,Điện Biên
1.6,Tỷ lệ hộ nghèo/số hộ nghèo dân tộc thiểu số theo chuẩn nghèo đa chiều giai đoạn 2022-2025,count_households,2023,35618,old_63,11,Điện Biên
1.6,Tỷ lệ hộ nghèo/số hộ nghèo dân tộc thiểu số theo chuẩn nghèo đa chiều giai đoạn 2022-2025,count_households,2024,30078,old_63,11,Điện Biên
1.6,Tỷ lệ hộ nghèo/số hộ nghèo dân tộc thiểu số theo chuẩn nghèo đa chiều giai đoạn 2022-2025,rate_percent,2021,1.48391683,old_63,1,Hà Nội
1.6,Tỷ lệ hộ nghèo/số hộ nghèo dân tộc thiểu số theo chuẩn nghèo đa chiều giai đoạn 2022-2025,rate_percent,2022,1.415549598,old_63,1,Hà Nội
1.6,Tỷ lệ hộ nghèo/số hộ nghèo dân tộc thiểu số theo chuẩn nghèo đa chiều giai đoạn 2022-2025,rate_percent,2023,0.253976741,old_63,1,Hà Nội
1.6,Tỷ lệ hộ nghèo/số hộ nghèo dân tộc thiểu số theo chuẩn nghèo đa chiều giai đoạn 2022-2025,rate_percent,2024,0,old_63,1,Hà Nội
1.6,Tỷ lệ hộ nghèo/số hộ nghèo dân tộc thiểu số theo chuẩn nghèo đa chiều giai đoạn 2022-2025,count_households,2021,167,old_63,1,Hà Nội
1.6,Tỷ lệ hộ nghèo/số hộ nghèo dân tộc thiểu số theo chuẩn nghèo đa chiều giai đoạn 2022-2025,count_households,2022,132,old_63,1,Hà Nội
1.6,Tỷ lệ hộ nghèo/số hộ nghèo dân tộc thiểu số theo chuẩn nghèo đa chiều giai đoạn 2022-2025,count_households,2023,57,old_63,1,Hà Nội
1.6,Tỷ lệ hộ nghèo/số hộ nghèo dân tộc thiểu số theo chuẩn nghèo đa chiều giai đoạn 2022-2025,count_households,2024,0,old_63,1,Hà Nội
1.6,Tỷ lệ hộ nghèo/số hộ nghèo dân tộc thiểu số theo chuẩn nghèo đa chiều giai đoạn 2022-2025,rate_percent,2021,8.333333333,old_63,31,Hải Phòng
1.6,Tỷ lệ hộ nghèo/số hộ nghèo dân tộc thiểu số theo chuẩn nghèo đa chiều giai đoạn 2022-2025,rate_percent,2022,1.19760479,old_63,31,Hải Phòng
1.6,Tỷ lệ hộ nghèo/số hộ nghèo dân tộc thiểu số theo chuẩn nghèo đa chiều giai đoạn 2022-2025,rate_percent,2023,0.961538462,old_63,31,Hải Phòng
1.6,Tỷ lệ hộ nghèo/số hộ nghèo dân tộc thiểu số theo chuẩn nghèo đa chiều giai đoạn 2022-2025,rate_percent,2024,0,old_63,31,Hải Phòng
1.6,Tỷ lệ hộ nghèo/số hộ nghèo dân tộc thiểu số theo chuẩn nghèo đa chiều giai đoạn 2022-2025,count_households,2021,7,old_63,31,Hải Phòng
1.6,Tỷ lệ hộ nghèo/số hộ nghèo dân tộc thiểu số theo chuẩn nghèo đa chiều giai đoạn 2022-2025,count_households,2022,2,old_63,31,Hải Phòng
1.6,Tỷ lệ hộ nghèo/số hộ nghèo dân tộc thiểu số theo chuẩn nghèo đa chiều giai đoạn 2022-2025,count_households,2023,1,old_63,31,Hải Phòng
1.6,Tỷ lệ hộ nghèo/số hộ nghèo dân tộc thiểu số theo chuẩn nghèo đa chiều giai đoạn 2022-2025,count_households,2024,0,old_63,31,Hải Phòng
1.6,Tỷ lệ hộ nghèo/số hộ nghèo dân tộc thiểu số theo chuẩn nghèo đa chiều giai đoạn 2022-2025,rate_percent,2021,2.780582076,old_63,22,Quảng Ninh
1.6,Tỷ lệ hộ nghèo/số hộ nghèo dân tộc thiểu số theo chuẩn nghèo đa chiều giai đoạn 2022-2025,rate_percent,2022,0.38173579,old_63,22,Quảng Ninh
1.6,Tỷ lệ hộ nghèo/số hộ nghèo dân tộc thiểu số theo chuẩn nghèo đa chiều giai đoạn 2022-2025,rate_percent,2023,0,old_63,22,Quảng Ninh
1.6,Tỷ lệ hộ nghèo/số hộ nghèo dân tộc thiểu số theo chuẩn nghèo đa chiều giai đoạn 2022-2025,rate_percent,2024,0,old_63,22,Quảng Ninh
1.6,Tỷ lệ hộ nghèo/số hộ nghèo dân tộc thiểu số theo chuẩn nghèo đa chiều giai đoạn 2022-2025,count_households,2021,964,old_63,22,Quảng Ninh
1.6,Tỷ lệ hộ nghèo/số hộ nghèo dân tộc thiểu số theo chuẩn nghèo đa chiều giai đoạn 2022-2025,count_households,2022,155,old_63,22,Quảng Ninh
1.6,Tỷ lệ hộ nghèo/số hộ nghèo dân tộc thiểu số theo chuẩn nghèo đa chiều giai đoạn 2022-2025,count_households,2023,0,old_63,22,Quảng Ninh
1.6,Tỷ lệ hộ nghèo/số hộ nghèo dân tộc thiểu số theo chuẩn nghèo đa chiều giai đoạn 2022-2025,count_households,2024,0,old_63,22,Quảng Ninh
1.6,Tỷ lệ hộ nghèo/số hộ nghèo dân tộc thiểu số theo chuẩn nghèo đa chiều giai đoạn 2022-2025,rate_percent,2021,1.684919966,old_63,30,Hải Dương
1.6,Tỷ lệ hộ nghèo/số hộ nghèo dân tộc thiểu số theo chuẩn nghèo đa chiều giai đoạn 2022-2025,rate_percent,2022,1.638001638,old_63,30,Hải Dương
1.6,Tỷ lệ hộ nghèo/số hộ nghèo dân tộc thiểu số theo chuẩn nghèo đa chiều giai đoạn 2022-2025,rate_percent,2023,1.952277657,old_63,30,Hải Dương
1.6,Tỷ lệ hộ nghèo/số hộ nghèo dân tộc thiểu số theo chuẩn nghèo đa chiều giai đoạn 2022-2025,rate_percent,2024,1.182033097,old_63,30,Hải Dương
1.6,Tỷ lệ hộ nghèo/số hộ nghèo dân tộc thiểu số theo chuẩn nghèo đa chiều giai đoạn 2022-2025,count_households,2021,20,old_63,30,Hải Dương
1.6,Tỷ lệ hộ nghèo/số hộ nghèo dân tộc thiểu số theo chuẩn nghèo đa chiều giai đoạn 2022-2025,count_households,2022,20,old_63,30,Hải Dương
1.6,Tỷ lệ hộ nghèo/số hộ nghèo dân tộc thiểu số theo chuẩn nghèo đa chiều giai đoạn 2022-2025,count_households,2023,27,old_63,30,Hải Dương
1.6,Tỷ lệ hộ nghèo/số hộ nghèo dân tộc thiểu số theo chuẩn nghèo đa chiều giai đoạn 2022-2025,count_households,2024,15,old_63,30,Hải Dương
1.6,Tỷ lệ hộ nghèo/số hộ nghèo dân tộc thiểu số theo chuẩn nghèo đa chiều giai đoạn 2022-2025,rate_percent,2021,3.870967742,old_63,33,Hưng Yên
1.6,Tỷ lệ hộ nghèo/số hộ nghèo dân tộc thiểu số theo chuẩn nghèo đa chiều giai đoạn 2022-2025,rate_percent,2022,3.870967742,old_63,33,Hưng Yên
1.6,Tỷ lệ hộ nghèo/số hộ nghèo dân tộc thiểu số theo chuẩn nghèo đa chiều giai đoạn 2022-2025,rate_percent,2023,1.242236025,old_63,33,Hưng Yên
1.6,Tỷ lệ hộ nghèo/số hộ nghèo dân tộc thiểu số theo chuẩn nghèo đa chiều giai đoạn 2022-2025,rate_percent,2024,1.310043668,old_63,33,Hưng Yên
1.6,Tỷ lệ hộ nghèo/số hộ nghèo dân tộc thiểu số theo chuẩn nghèo đa chiều giai đoạn 2022-2025,count_households,2021,6,old_63,33,Hưng Yên
1.6,Tỷ lệ hộ nghèo/số hộ nghèo dân tộc thiểu số theo chuẩn nghèo đa chiều giai đoạn 2022-2025,count_households,2022,6,old_63,33,Hưng Yên
1.6,Tỷ lệ hộ nghèo/số hộ nghèo dân tộc thiểu số theo chuẩn nghèo đa chiều giai đoạn 2022-2025,count_households,2023,2,old_63,33,Hưng Yên
1.6,Tỷ lệ hộ nghèo/số hộ nghèo dân tộc thiểu số theo chuẩn nghèo đa chiều giai đoạn 2022-2025,count_households,2024,3,old_63,33,Hưng Yên
1.6,Tỷ lệ hộ nghèo/số hộ nghèo dân tộc thiểu số theo chuẩn nghèo đa chiều giai đoạn 2022-2025,rate_percent,2021,3.022608126,old_63,26,Vĩnh Phúc
1.6,Tỷ lệ hộ nghèo/số hộ nghèo dân tộc thiểu số theo chuẩn nghèo đa chiều giai đoạn 2022-2025,rate_percent,2022,1.840280162,old_63,26,Vĩnh Phúc
1.6,Tỷ lệ hộ nghèo/số hộ nghèo dân tộc thiểu số theo chuẩn nghèo đa chiều giai đoạn 2022-2025,rate_percent,2023,1.232407205,old_63,26,Vĩnh Phúc
1.6,Tỷ lệ hộ nghèo/số hộ nghèo dân tộc thiểu số theo chuẩn nghèo đa chiều giai đoạn 2022-2025,rate_percent,2024,0.687040986,old_63,26,Vĩnh Phúc
1.6,Tỷ lệ hộ nghèo/số hộ nghèo dân tộc thiểu số theo chuẩn nghèo đa chiều giai đoạn 2022-2025,count_households,2021,369,old_63,26,Vĩnh Phúc
1.6,Tỷ lệ hộ nghèo/số hộ nghèo dân tộc thiểu số theo chuẩn nghèo đa chiều giai đoạn 2022-2025,count_households,2022,268,old_63,26,Vĩnh Phúc
1.6,Tỷ lệ hộ nghèo/số hộ nghèo dân tộc thiểu số theo chuẩn nghèo đa chiều giai đoạn 2022-2025,count_households,2023,169,old_63,26,Vĩnh Phúc
1.6,Tỷ lệ hộ nghèo/số hộ nghèo dân tộc thiểu số theo chuẩn nghèo đa chiều giai đoạn 2022-2025,count_households,2024,87,old_63,26,Vĩnh Phúc
1.6,Tỷ lệ hộ nghèo/số hộ nghèo dân tộc thiểu số theo chuẩn nghèo đa chiều giai đoạn 2022-2025,rate_percent,2021,0,old_63,27,Bắc Ninh
1.6,Tỷ lệ hộ nghèo/số hộ nghèo dân tộc thiểu số theo chuẩn nghèo đa chiều giai đoạn 2022-2025,rate_percent,2022,75,old_63,27,Bắc Ninh
1.6,Tỷ lệ hộ nghèo/số hộ nghèo dân tộc thiểu số theo chuẩn nghèo đa chiều giai đoạn 2022-2025,rate_percent,2023,66.66666667,old_63,27,Bắc Ninh
1.6,Tỷ lệ hộ nghèo/số hộ nghèo dân tộc thiểu số theo chuẩn nghèo đa chiều giai đoạn 2022-2025,rate_percent,2024,0,old_63,27,Bắc Ninh
1.6,Tỷ lệ hộ nghèo/số hộ nghèo dân tộc thiểu số theo chuẩn nghèo đa chiều giai đoạn 2022-2025,count_households,2021,0,old_63,27,Bắc Ninh
1.6,Tỷ lệ hộ nghèo/số hộ nghèo dân tộc thiểu số theo chuẩn nghèo đa chiều giai đoạn 2022-2025,count_households,2022,3,old_63,27,Bắc Ninh
1.6,Tỷ lệ hộ nghèo/số hộ nghèo dân tộc thiểu số theo chuẩn nghèo đa chiều giai đoạn 2022-2025,count_households,2023,2,old_63,27,Bắc Ninh
1.6,Tỷ lệ hộ nghèo/số hộ nghèo dân tộc thiểu số theo chuẩn nghèo đa chiều giai đoạn 2022-2025,count_households,2024,0,old_63,27,Bắc Ninh
1.6,Tỷ lệ hộ nghèo/số hộ nghèo dân tộc thiểu số theo chuẩn nghèo đa chiều giai đoạn 2022-2025,rate_percent,2021,42.85714286,old_63,35,Hà Nam
1.6,Tỷ lệ hộ nghèo/số hộ nghèo dân tộc thiểu số theo chuẩn nghèo đa chiều giai đoạn 2022-2025,rate_percent,2022,11.11111111,old_63,35,Hà Nam
1.6,Tỷ lệ hộ nghèo/số hộ nghèo dân tộc thiểu số theo chuẩn nghèo đa chiều giai đoạn 2022-2025,rate_percent,2023,38.46153846,old_63,35,Hà Nam
1.6,Tỷ lệ hộ nghèo/số hộ nghèo dân tộc thiểu số theo chuẩn nghèo đa chiều giai đoạn 2022-2025,rate_percent,2024,0.034094783,old_63,35,Hà Nam
1.6,Tỷ lệ hộ nghèo/số hộ nghèo dân tộc thiểu số theo chuẩn nghèo đa chiều giai đoạn 2022-2025,count_households,2021,3,old_63,35,Hà Nam
1.6,Tỷ lệ hộ nghèo/số hộ nghèo dân tộc thiểu số theo chuẩn nghèo đa chiều giai đoạn 2022-2025,count_households,2022,2,old_63,35,Hà Nam
1.6,Tỷ lệ hộ nghèo/số hộ nghèo dân tộc thiểu số theo chuẩn nghèo đa chiều giai đoạn 2022-2025,count_households,2023,5,old_63,35,Hà Nam
1.6,Tỷ lệ hộ nghèo/số hộ nghèo dân tộc thiểu số theo chuẩn nghèo đa chiều giai đoạn 2022-2025,count_households,2024,1,old_63,35,Hà Nam
1.6,Tỷ lệ hộ nghèo/số hộ nghèo dân tộc thiểu số theo chuẩn nghèo đa chiều giai đoạn 2022-2025,rate_percent,2021,0,old_63,36,Nam Định
1.6,Tỷ lệ hộ nghèo/số hộ nghèo dân tộc thiểu số theo chuẩn nghèo đa chiều giai đoạn 2022-2025,rate_percent,2022,0,old_63,36,Nam Định
1.6,Tỷ lệ hộ nghèo/số hộ nghèo dân tộc thiểu số theo chuẩn nghèo đa chiều giai đoạn 2022-2025,rate_percent,2023,0,old_63,36,Nam Định
1.6,Tỷ lệ hộ nghèo/số hộ nghèo dân tộc thiểu số theo chuẩn nghèo đa chiều giai đoạn 2022-2025,rate_percent,2024,0,old_63,36,Nam Định
1.6,Tỷ lệ hộ nghèo/số hộ nghèo dân tộc thiểu số theo chuẩn nghèo đa chiều giai đoạn 2022-2025,count_households,2021,0,old_63,36,Nam Định
1.6,Tỷ lệ hộ nghèo/số hộ nghèo dân tộc thiểu số theo chuẩn nghèo đa chiều giai đoạn 2022-2025,count_households,2022,0,old_63,36,Nam Định
1.6,Tỷ lệ hộ nghèo/số hộ nghèo dân tộc thiểu số theo chuẩn nghèo đa chiều giai đoạn 2022-2025,count_households,2023,0,old_63,36,Nam Định
1.6,Tỷ lệ hộ nghèo/số hộ nghèo dân tộc thiểu số theo chuẩn nghèo đa chiều giai đoạn 2022-2025,count_households,2024,0,old_63,36,Nam Định
1.6,Tỷ lệ hộ nghèo/số hộ nghèo dân tộc thiểu số theo chuẩn nghèo đa chiều giai đoạn 2022-2025,rate_percent,2021,5.638651472,old_63,37,Ninh Bình
1.6,Tỷ lệ hộ nghèo/số hộ nghèo dân tộc thiểu số theo chuẩn nghèo đa chiều giai đoạn 2022-2025,rate_percent,2022,4.532248693,old_63,37,Ninh Bình
1.6,Tỷ lệ hộ nghèo/số hộ nghèo dân tộc thiểu số theo chuẩn nghèo đa chiều giai đoạn 2022-2025,rate_percent,2023,2.923714574,old_63,37,Ninh Bình
1.6,Tỷ lệ hộ nghèo/số hộ nghèo dân tộc thiểu số theo chuẩn nghèo đa chiều giai đoạn 2022-2025,rate_percent,2024,2.004184561,old_63,37,Ninh Bình
1.6,Tỷ lệ hộ nghèo/số hộ nghèo dân tộc thiểu số theo chuẩn nghèo đa chiều giai đoạn 2022-2025,count_households,2021,475,old_63,37,Ninh Bình
1.6,Tỷ lệ hộ nghèo/số hộ nghèo dân tộc thiểu số theo chuẩn nghèo đa chiều giai đoạn 2022-2025,count_households,2022,390,old_63,37,Ninh Bình
1.6,Tỷ lệ hộ nghèo/số hộ nghèo dân tộc thiểu số theo chuẩn nghèo đa chiều giai đoạn 2022-2025,count_households,2023,261,old_63,37,Ninh Bình
1.6,Tỷ lệ hộ nghèo/số hộ nghèo dân tộc thiểu số theo chuẩn nghèo đa chiều giai đoạn 2022-2025,count_households,2024,182,old_63,37,Ninh Bình
1.6,Tỷ lệ hộ nghèo/số hộ nghèo dân tộc thiểu số theo chuẩn nghèo đa chiều giai đoạn 2022-2025,rate_percent,2021,10.44776119,old_63,34,Thái Bình
1.6,Tỷ lệ hộ nghèo/số hộ nghèo dân tộc thiểu số theo chuẩn nghèo đa chiều giai đoạn 2022-2025,rate_percent,2022,9.589041096,old_63,34,Thái Bình
1.6,Tỷ lệ hộ nghèo/số hộ nghèo dân tộc thiểu số theo chuẩn nghèo đa chiều giai đoạn 2022-2025,rate_percent,2023,8.571428571,old_63,34,Thái Bình
1.6,Tỷ lệ hộ nghèo/số hộ nghèo dân tộc thiểu số theo chuẩn nghèo đa chiều giai đoạn 2022-2025,rate_percent,2024,4.255319149,old_63,34,Thái Bình
1.6,Tỷ lệ hộ nghèo/số hộ nghèo dân tộc thiểu số theo chuẩn nghèo đa chiều giai đoạn 2022-2025,count_households,2021,7,old_63,34,Thái Bình
1.6,Tỷ lệ hộ nghèo/số hộ nghèo dân tộc thiểu số theo chuẩn nghèo đa chiều giai đoạn 2022-2025,count_households,2022,7,old_63,34,Thái Bình
1.6,Tỷ lệ hộ nghèo/số hộ nghèo dân tộc thiểu số theo chuẩn nghèo đa chiều giai đoạn 2022-2025,count_households,2023,3,old_63,34,Thái Bình
1.6,Tỷ lệ hộ nghèo/số hộ nghèo dân tộc thiểu số theo chuẩn nghèo đa chiều giai đoạn 2022-2025,count_households,2024,2,old_63,34,Thái Bình
1.6,Tỷ lệ hộ nghèo/số hộ nghèo dân tộc thiểu số theo chuẩn nghèo đa chiều giai đoạn 2022-2025,rate_percent,2021,27.23592769,old_63,38,Thanh Hóa
1.6,Tỷ lệ hộ nghèo/số hộ nghèo dân tộc thiểu số theo chuẩn nghèo đa chiều giai đoạn 2022-2025,rate_percent,2022,19.90324596,old_63,38,Thanh Hóa
1.6,Tỷ lệ hộ nghèo/số hộ nghèo dân tộc thiểu số theo chuẩn nghèo đa chiều giai đoạn 2022-2025,rate_percent,2023,14.74916828,old_63,38,Thanh Hóa
1.6,Tỷ lệ hộ nghèo/số hộ nghèo dân tộc thiểu số theo chuẩn nghèo đa chiều giai đoạn 2022-2025,rate_percent,2024,8.318882378,old_63,38,Thanh Hóa
1.6,Tỷ lệ hộ nghèo/số hộ nghèo dân tộc thiểu số theo chuẩn nghèo đa chiều giai đoạn 2022-2025,count_households,2021,42052,old_63,38,Thanh Hóa
1.6,Tỷ lệ hộ nghèo/số hộ nghèo dân tộc thiểu số theo chuẩn nghèo đa chiều giai đoạn 2022-2025,count_households,2022,32173,old_63,38,Thanh Hóa
1.6,Tỷ lệ hộ nghèo/số hộ nghèo dân tộc thiểu số theo chuẩn nghèo đa chiều giai đoạn 2022-2025,count_households,2023,23541,old_63,38,Thanh Hóa
1.6,Tỷ lệ hộ nghèo/số hộ nghèo dân tộc thiểu số theo chuẩn nghèo đa chiều giai đoạn 2022-2025,count_households,2024,13672,old_63,38,Thanh Hóa
1.6,Tỷ lệ hộ nghèo/số hộ nghèo dân tộc thiểu số theo chuẩn nghèo đa chiều giai đoạn 2022-2025,rate_percent,2021,38.5761027,old_63,40,Nghệ An
1.6,Tỷ lệ hộ nghèo/số hộ nghèo dân tộc thiểu số theo chuẩn nghèo đa chiều giai đoạn 2022-2025,rate_percent,2022,34.03073744,old_63,40,Nghệ An
1.6,Tỷ lệ hộ nghèo/số hộ nghèo dân tộc thiểu số theo chuẩn nghèo đa chiều giai đoạn 2022-2025,rate_percent,2023,29.15141102,old_63,40,Nghệ An
1.6,Tỷ lệ hộ nghèo/số hộ nghèo dân tộc thiểu số theo chuẩn nghèo đa chiều giai đoạn 2022-2025,rate_percent,2024,24.91710466,old_63,40,Nghệ An
1.6,Tỷ lệ hộ nghèo/số hộ nghèo dân tộc thiểu số theo chuẩn nghèo đa chiều giai đoạn 2022-2025,count_households,2021,43152,old_63,40,Nghệ An
1.6,Tỷ lệ hộ nghèo/số hộ nghèo dân tộc thiểu số theo chuẩn nghèo đa chiều giai đoạn 2022-2025,count_households,2022,39525,old_63,40,Nghệ An
1.6,Tỷ lệ hộ nghèo/số hộ nghèo dân tộc thiểu số theo chuẩn nghèo đa chiều giai đoạn 2022-2025,count_households,2023,32405,old_63,40,Nghệ An
1.6,Tỷ lệ hộ nghèo/số hộ nghèo dân tộc thiểu số theo chuẩn nghèo đa chiều giai đoạn 2022-2025,count_households,2024,28255,old_63,40,Nghệ An
1.6,Tỷ lệ hộ nghèo/số hộ nghèo dân tộc thiểu số theo chuẩn nghèo đa chiều giai đoạn 2022-2025,rate_percent,2021,10.89108911,old_63,42,Hà Tĩnh
1.6,Tỷ lệ hộ nghèo/số hộ nghèo dân tộc thiểu số theo chuẩn nghèo đa chiều giai đoạn 2022-2025,rate_percent,2022,7.401315789,old_63,42,Hà Tĩnh
1.6,Tỷ lệ hộ nghèo/số hộ nghèo dân tộc thiểu số theo chuẩn nghèo đa chiều giai đoạn 2022-2025,rate_percent,2023,7.012622721,old_63,42,Hà Tĩnh
1.6,Tỷ lệ hộ nghèo/số hộ nghèo dân tộc thiểu số theo chuẩn nghèo đa chiều giai đoạn 2022-2025,rate_percent,2024,6.275579809,old_63,42,Hà Tĩnh
1.6,Tỷ lệ hộ nghèo/số hộ nghèo dân tộc thiểu số theo chuẩn nghèo đa chiều giai đoạn 2022-2025,count_households,2021,77,old_63,42,Hà Tĩnh
1.6,Tỷ lệ hộ nghèo/số hộ nghèo dân tộc thiểu số theo chuẩn nghèo đa chiều giai đoạn 2022-2025,count_households,2022,45,old_63,42,Hà Tĩnh
1.6,Tỷ lệ hộ nghèo/số hộ nghèo dân tộc thiểu số theo chuẩn nghèo đa chiều giai đoạn 2022-2025,count_households,2023,50,old_63,42,Hà Tĩnh
1.6,Tỷ lệ hộ nghèo/số hộ nghèo dân tộc thiểu số theo chuẩn nghèo đa chiều giai đoạn 2022-2025,count_households,2024,46,old_63,42,Hà Tĩnh
1.6,Tỷ lệ hộ nghèo/số hộ nghèo dân tộc thiểu số theo chuẩn nghèo đa chiều giai đoạn 2022-2025,rate_percent,2021,69.57796014,old_63,44,Quảng Bình
1.6,Tỷ lệ hộ nghèo/số hộ nghèo dân tộc thiểu số theo chuẩn nghèo đa chiều giai đoạn 2022-2025,rate_percent,2022,58.16796089,old_63,44,Quảng Bình
1.6,Tỷ lệ hộ nghèo/số hộ nghèo dân tộc thiểu số theo chuẩn nghèo đa chiều giai đoạn 2022-2025,rate_percent,2023,48.5856681,old_63,44,Quảng Bình
1.6,Tỷ lệ hộ nghèo/số hộ nghèo dân tộc thiểu số theo chuẩn nghèo đa chiều giai đoạn 2022-2025,rate_percent,2024,42.60200577,old_63,44,Quảng Bình
1.6,Tỷ lệ hộ nghèo/số hộ nghèo dân tộc thiểu số theo chuẩn nghèo đa chiều giai đoạn 2022-2025,count_households,2021,4748,old_63,44,Quảng Bình
1.6,Tỷ lệ hộ nghèo/số hộ nghèo dân tộc thiểu số theo chuẩn nghèo đa chiều giai đoạn 2022-2025,count_households,2022,4045,old_63,44,Quảng Bình
1.6,Tỷ lệ hộ nghèo/số hộ nghèo dân tộc thiểu số theo chuẩn nghèo đa chiều giai đoạn 2022-2025,count_households,2023,3607,old_63,44,Quảng Bình
1.6,Tỷ lệ hộ nghèo/số hộ nghèo dân tộc thiểu số theo chuẩn nghèo đa chiều giai đoạn 2022-2025,count_households,2024,3101,old_63,44,Quảng Bình
1.6,Tỷ lệ hộ nghèo/số hộ nghèo dân tộc thiểu số theo chuẩn nghèo đa chiều giai đoạn 2022-2025,rate_percent,2021,59.93142531,old_63,45,Quảng Trị
1.6,Tỷ lệ hộ nghèo/số hộ nghèo dân tộc thiểu số theo chuẩn nghèo đa chiều giai đoạn 2022-2025,rate_percent,2022,53.19874761,old_63,45,Quảng Trị
1.6,Tỷ lệ hộ nghèo/số hộ nghèo dân tộc thiểu số theo chuẩn nghèo đa chiều giai đoạn 2022-2025,rate_percent,2023,44.47176685,old_63,45,Quảng Trị
1.6,Tỷ lệ hộ nghèo/số hộ nghèo dân tộc thiểu số theo chuẩn nghèo đa chiều giai đoạn 2022-2025,rate_percent,2024,36.39699302,old_63,45,Quảng Trị
1.6,Tỷ lệ hộ nghèo/số hộ nghèo dân tộc thiểu số theo chuẩn nghèo đa chiều giai đoạn 2022-2025,count_households,2021,12585,old_63,45,Quảng Trị
1.6,Tỷ lệ hộ nghèo/số hộ nghèo dân tộc thiểu số theo chuẩn nghèo đa chiều giai đoạn 2022-2025,count_households,2022,11384,old_63,45,Quảng Trị
1.6,Tỷ lệ hộ nghèo/số hộ nghèo dân tộc thiểu số theo chuẩn nghèo đa chiều giai đoạn 2022-2025,count_households,2023,9766,old_63,45,Quảng Trị
1.6,Tỷ lệ hộ nghèo/số hộ nghèo dân tộc thiểu số theo chuẩn nghèo đa chiều giai đoạn 2022-2025,count_households,2024,8134,old_63,45,Quảng Trị
1.6,Tỷ lệ hộ nghèo/số hộ nghèo dân tộc thiểu số theo chuẩn nghèo đa chiều giai đoạn 2022-2025,rate_percent,2021,76.95754214,old_63,46,Thừa Thiên Huế
1.6,Tỷ lệ hộ nghèo/số hộ nghèo dân tộc thiểu số theo chuẩn nghèo đa chiều giai đoạn 2022-2025,rate_percent,2022,28.14500417,old_63,46,Thừa Thiên Huế
1.6,Tỷ lệ hộ nghèo/số hộ nghèo dân tộc thiểu số theo chuẩn nghèo đa chiều giai đoạn 2022-2025,rate_percent,2023,24.13977417,old_63,46,Thừa Thiên Huế
1.6,Tỷ lệ hộ nghèo/số hộ nghèo dân tộc thiểu số theo chuẩn nghèo đa chiều giai đoạn 2022-2025,rate_percent,2024,13.23125997,old_63,46,Thừa Thiên Huế
1.6,Tỷ lệ hộ nghèo/số hộ nghèo dân tộc thiểu số theo chuẩn nghèo đa chiều giai đoạn 2022-2025,count_households,2021,7214,old_63,46,Thừa Thiên Huế
1.6,Tỷ lệ hộ nghèo/số hộ nghèo dân tộc thiểu số theo chuẩn nghèo đa chiều giai đoạn 2022-2025,count_households,2022,4045,old_63,46,Thừa Thiên Huế
1.6,Tỷ lệ hộ nghèo/số hộ nghèo dân tộc thiểu số theo chuẩn nghèo đa chiều giai đoạn 2022-2025,count_households,2023,3613,old_63,46,Thừa Thiên Huế
1.6,Tỷ lệ hộ nghèo/số hộ nghèo dân tộc thiểu số theo chuẩn nghèo đa chiều giai đoạn 2022-2025,count_households,2024,2074,old_63,46,Thừa Thiên Huế
1.6,Tỷ lệ hộ nghèo/số hộ nghèo dân tộc thiểu số theo chuẩn nghèo đa chiều giai đoạn 2022-2025,rate_percent,2021,3.302509908,old_63,48,Đà Nẵng
1.6,Tỷ lệ hộ nghèo/số hộ nghèo dân tộc thiểu số theo chuẩn nghèo đa chiều giai đoạn 2022-2025,rate_percent,2022,2.642007926,old_63,48,Đà Nẵng
1.6,Tỷ lệ hộ nghèo/số hộ nghèo dân tộc thiểu số theo chuẩn nghèo đa chiều giai đoạn 2022-2025,rate_percent,2023,2.047556143,old_63,48,Đà Nẵng
1.6,Tỷ lệ hộ nghèo/số hộ nghèo dân tộc thiểu số theo chuẩn nghèo đa chiều giai đoạn 2022-2025,rate_percent,2024,0.990752972,old_63,48,Đà Nẵng
1.6,Tỷ lệ hộ nghèo/số hộ nghèo dân tộc thiểu số theo chuẩn nghèo đa chiều giai đoạn 2022-2025,count_households,2021,50,old_63,48,Đà Nẵng
1.6,Tỷ lệ hộ nghèo/số hộ nghèo dân tộc thiểu số theo chuẩn nghèo đa chiều giai đoạn 2022-2025,count_households,2022,40,old_63,48,Đà Nẵng
1.6,Tỷ lệ hộ nghèo/số hộ nghèo dân tộc thiểu số theo chuẩn nghèo đa chiều giai đoạn 2022-2025,count_households,2023,31,old_63,48,Đà Nẵng
1.6,Tỷ lệ hộ nghèo/số hộ nghèo dân tộc thiểu số theo chuẩn nghèo đa chiều giai đoạn 2022-2025,count_households,2024,15,old_63,48,Đà Nẵng
1.6,Tỷ lệ hộ nghèo/số hộ nghèo dân tộc thiểu số theo chuẩn nghèo đa chiều giai đoạn 2022-2025,rate_percent,2021,63.3790407,old_63,49,Quảng Nam
1.6,Tỷ lệ hộ nghèo/số hộ nghèo dân tộc thiểu số theo chuẩn nghèo đa chiều giai đoạn 2022-2025,rate_percent,2022,53.34254437,old_63,49,Quảng Nam
1.6,Tỷ lệ hộ nghèo/số hộ nghèo dân tộc thiểu số theo chuẩn nghèo đa chiều giai đoạn 2022-2025,rate_percent,2023,43.62124951,old_63,49,Quảng Nam
1.6,Tỷ lệ hộ nghèo/số hộ nghèo dân tộc thiểu số theo chuẩn nghèo đa chiều giai đoạn 2022-2025,rate_percent,2024,34.45573745,old_63,49,Quảng Nam
1.6,Tỷ lệ hộ nghèo/số hộ nghèo dân tộc thiểu số theo chuẩn nghèo đa chiều giai đoạn 2022-2025,count_households,2021,23018,old_63,49,Quảng Nam
1.6,Tỷ lệ hộ nghèo/số hộ nghèo dân tộc thiểu số theo chuẩn nghèo đa chiều giai đoạn 2022-2025,count_households,2022,20076,old_63,49,Quảng Nam
1.6,Tỷ lệ hộ nghèo/số hộ nghèo dân tộc thiểu số theo chuẩn nghèo đa chiều giai đoạn 2022-2025,count_households,2023,16792,old_63,49,Quảng Nam
1.6,Tỷ lệ hộ nghèo/số hộ nghèo dân tộc thiểu số theo chuẩn nghèo đa chiều giai đoạn 2022-2025,count_households,2024,13323,old_63,49,Quảng Nam
1.6,Tỷ lệ hộ nghèo/số hộ nghèo dân tộc thiểu số theo chuẩn nghèo đa chiều giai đoạn 2022-2025,rate_percent,2021,41.56727843,old_63,51,Quảng Ngãi
1.6,Tỷ lệ hộ nghèo/số hộ nghèo dân tộc thiểu số theo chuẩn nghèo đa chiều giai đoạn 2022-2025,rate_percent,2022,35.45561953,old_63,51,Quảng Ngãi
1.6,Tỷ lệ hộ nghèo/số hộ nghèo dân tộc thiểu số theo chuẩn nghèo đa chiều giai đoạn 2022-2025,rate_percent,2023,27.7518902,old_63,51,Quảng Ngãi
1.6,Tỷ lệ hộ nghèo/số hộ nghèo dân tộc thiểu số theo chuẩn nghèo đa chiều giai đoạn 2022-2025,rate_percent,2024,19.16372462,old_63,51,Quảng Ngãi
1.6,Tỷ lệ hộ nghèo/số hộ nghèo dân tộc thiểu số theo chuẩn nghèo đa chiều giai đoạn 2022-2025,count_households,2021,21992,old_63,51,Quảng Ngãi
1.6,Tỷ lệ hộ nghèo/số hộ nghèo dân tộc thiểu số theo chuẩn nghèo đa chiều giai đoạn 2022-2025,count_households,2022,18906,old_63,51,Quảng Ngãi
1.6,Tỷ lệ hộ nghèo/số hộ nghèo dân tộc thiểu số theo chuẩn nghèo đa chiều giai đoạn 2022-2025,count_households,2023,15306,old_63,51,Quảng Ngãi
1.6,Tỷ lệ hộ nghèo/số hộ nghèo dân tộc thiểu số theo chuẩn nghèo đa chiều giai đoạn 2022-2025,count_households,2024,10422,old_63,51,Quảng Ngãi
1.6,Tỷ lệ hộ nghèo/số hộ nghèo dân tộc thiểu số theo chuẩn nghèo đa chiều giai đoạn 2022-2025,rate_percent,2021,60.49925288,old_63,52,Bình Định
1.6,Tỷ lệ hộ nghèo/số hộ nghèo dân tộc thiểu số theo chuẩn nghèo đa chiều giai đoạn 2022-2025,rate_percent,2022,56.44177283,old_63,52,Bình Định
1.6,Tỷ lệ hộ nghèo/số hộ nghèo dân tộc thiểu số theo chuẩn nghèo đa chiều giai đoạn 2022-2025,rate_percent,2023,40.22365892,old_63,52,Bình Định
1.6,Tỷ lệ hộ nghèo/số hộ nghèo dân tộc thiểu số theo chuẩn nghèo đa chiều giai đoạn 2022-2025,rate_percent,2024,17.39402611,old_63,52,Bình Định
1.6,Tỷ lệ hộ nghèo/số hộ nghèo dân tộc thiểu số theo chuẩn nghèo đa chiều giai đoạn 2022-2025,count_households,2021,6883,old_63,52,Bình Định
1.6,Tỷ lệ hộ nghèo/số hộ nghèo dân tộc thiểu số theo chuẩn nghèo đa chiều giai đoạn 2022-2025,count_households,2022,6291,old_63,52,Bình Định
1.6,Tỷ lệ hộ nghèo/số hộ nghèo dân tộc thiểu số theo chuẩn nghèo đa chiều giai đoạn 2022-2025,count_households,2023,4604,old_63,52,Bình Định
1.6,Tỷ lệ hộ nghèo/số hộ nghèo dân tộc thiểu số theo chuẩn nghèo đa chiều giai đoạn 2022-2025,count_households,2024,1945,old_63,52,Bình Định
1.6,Tỷ lệ hộ nghèo/số hộ nghèo dân tộc thiểu số theo chuẩn nghèo đa chiều giai đoạn 2022-2025,rate_percent,2021,35.17637733,old_63,54,Phú Yên
1.6,Tỷ lệ hộ nghèo/số hộ nghèo dân tộc thiểu số theo chuẩn nghèo đa chiều giai đoạn 2022-2025,rate_percent,2022,28.57857858,old_63,54,Phú Yên
1.6,Tỷ lệ hộ nghèo/số hộ nghèo dân tộc thiểu số theo chuẩn nghèo đa chiều giai đoạn 2022-2025,rate_percent,2023,24.25620111,old_63,54,Phú Yên
1.6,Tỷ lệ hộ nghèo/số hộ nghèo dân tộc thiểu số theo chuẩn nghèo đa chiều giai đoạn 2022-2025,rate_percent,2024,18.03003932,old_63,54,Phú Yên
1.6,Tỷ lệ hộ nghèo/số hộ nghèo dân tộc thiểu số theo chuẩn nghèo đa chiều giai đoạn 2022-2025,count_households,2021,5325,old_63,54,Phú Yên
1.6,Tỷ lệ hộ nghèo/số hộ nghèo dân tộc thiểu số theo chuẩn nghèo đa chiều giai đoạn 2022-2025,count_households,2022,4568,old_63,54,Phú Yên
1.6,Tỷ lệ hộ nghèo/số hộ nghèo dân tộc thiểu số theo chuẩn nghèo đa chiều giai đoạn 2022-2025,count_households,2023,3628,old_63,54,Phú Yên
1.6,Tỷ lệ hộ nghèo/số hộ nghèo dân tộc thiểu số theo chuẩn nghèo đa chiều giai đoạn 2022-2025,count_households,2024,2797,old_63,54,Phú Yên
1.6,Tỷ lệ hộ nghèo/số hộ nghèo dân tộc thiểu số theo chuẩn nghèo đa chiều giai đoạn 2022-2025,rate_percent,2021,48.67170098,old_63,56,Khánh Hòa
1.6,Tỷ lệ hộ nghèo/số hộ nghèo dân tộc thiểu số theo chuẩn nghèo đa chiều giai đoạn 2022-2025,rate_percent,2022,41.04872881,old_63,56,Khánh Hòa
1.6,Tỷ lệ hộ nghèo/số hộ nghèo dân tộc thiểu số theo chuẩn nghèo đa chiều giai đoạn 2022-2025,rate_percent,2023,28.38196286,old_63,56,Khánh Hòa
1.6,Tỷ lệ hộ nghèo/số hộ nghèo dân tộc thiểu số theo chuẩn nghèo đa chiều giai đoạn 2022-2025,rate_percent,2024,16.03236753,old_63,56,Khánh Hòa
1.6,Tỷ lệ hộ nghèo/số hộ nghèo dân tộc thiểu số theo chuẩn nghèo đa chiều giai đoạn 2022-2025,count_households,2021,8959,old_63,56,Khánh Hòa
1.6,Tỷ lệ hộ nghèo/số hộ nghèo dân tộc thiểu số theo chuẩn nghèo đa chiều giai đoạn 2022-2025,count_households,2022,7750,old_63,56,Khánh Hòa
1.6,Tỷ lệ hộ nghèo/số hộ nghèo dân tộc thiểu số theo chuẩn nghèo đa chiều giai đoạn 2022-2025,count_households,2023,5457,old_63,56,Khánh Hòa
1.6,Tỷ lệ hộ nghèo/số hộ nghèo dân tộc thiểu số theo chuẩn nghèo đa chiều giai đoạn 2022-2025,count_households,2024,3071,old_63,56,Khánh Hòa
1.6,Tỷ lệ hộ nghèo/số hộ nghèo dân tộc thiểu số theo chuẩn nghèo đa chiều giai đoạn 2022-2025,rate_percent,2021,22.88095364,old_63,58,Ninh Thuận
1.6,Tỷ lệ hộ nghèo/số hộ nghèo dân tộc thiểu số theo chuẩn nghèo đa chiều giai đoạn 2022-2025,rate_percent,2022,17.73381478,old_63,58,Ninh Thuận
1.6,Tỷ lệ hộ nghèo/số hộ nghèo dân tộc thiểu số theo chuẩn nghèo đa chiều giai đoạn 2022-2025,rate_percent,2023,13.04270733,old_63,58,Ninh Thuận
1.6,Tỷ lệ hộ nghèo/số hộ nghèo dân tộc thiểu số theo chuẩn nghèo đa chiều giai đoạn 2022-2025,rate_percent,2024,8.382785618,old_63,58,Ninh Thuận
1.6,Tỷ lệ hộ nghèo/số hộ nghèo dân tộc thiểu số theo chuẩn nghèo đa chiều giai đoạn 2022-2025,count_households,2021,8676,old_63,58,Ninh Thuận
1.6,Tỷ lệ hộ nghèo/số hộ nghèo dân tộc thiểu số theo chuẩn nghèo đa chiều giai đoạn 2022-2025,count_households,2022,6974,old_63,58,Ninh Thuận
1.6,Tỷ lệ hộ nghèo/số hộ nghèo dân tộc thiểu số theo chuẩn nghèo đa chiều giai đoạn 2022-2025,count_households,2023,5149,old_63,58,Ninh Thuận
1.6,Tỷ lệ hộ nghèo/số hộ nghèo dân tộc thiểu số theo chuẩn nghèo đa chiều giai đoạn 2022-2025,count_households,2024,3362,old_63,58,Ninh Thuận
1.6,Tỷ lệ hộ nghèo/số hộ nghèo dân tộc thiểu số theo chuẩn nghèo đa chiều giai đoạn 2022-2025,rate_percent,2021,13.13013352,old_63,60,Bình Thuận
1.6,Tỷ lệ hộ nghèo/số hộ nghèo dân tộc thiểu số theo chuẩn nghèo đa chiều giai đoạn 2022-2025,rate_percent,2022,10.77805141,old_63,60,Bình Thuận
1.6,Tỷ lệ hộ nghèo/số hộ nghèo dân tộc thiểu số theo chuẩn nghèo đa chiều giai đoạn 2022-2025,rate_percent,2023,7.734953484,old_63,60,Bình Thuận
1.6,Tỷ lệ hộ nghèo/số hộ nghèo dân tộc thiểu số theo chuẩn nghèo đa chiều giai đoạn 2022-2025,rate_percent,2024,5.563892416,old_63,60,Bình Thuận
1.6,Tỷ lệ hộ nghèo/số hộ nghèo dân tộc thiểu số theo chuẩn nghèo đa chiều giai đoạn 2022-2025,count_households,2021,3373,old_63,60,Bình Thuận
1.6,Tỷ lệ hộ nghèo/số hộ nghèo dân tộc thiểu số theo chuẩn nghèo đa chiều giai đoạn 2022-2025,count_households,2022,2801,old_63,60,Bình Thuận
1.6,Tỷ lệ hộ nghèo/số hộ nghèo dân tộc thiểu số theo chuẩn nghèo đa chiều giai đoạn 2022-2025,count_households,2023,2037,old_63,60,Bình Thuận
1.6,Tỷ lệ hộ nghèo/số hộ nghèo dân tộc thiểu số theo chuẩn nghèo đa chiều giai đoạn 2022-2025,count_households,2024,1446,old_63,60,Bình Thuận
1.6,Tỷ lệ hộ nghèo/số hộ nghèo dân tộc thiểu số theo chuẩn nghèo đa chiều giai đoạn 2022-2025,rate_percent,2021,26.77693829,old_63,66,Đắk Lắk
1.6,Tỷ lệ hộ nghèo/số hộ nghèo dân tộc thiểu số theo chuẩn nghèo đa chiều giai đoạn 2022-2025,rate_percent,2022,23.08388132,old_63,66,Đắk Lắk
1.6,Tỷ lệ hộ nghèo/số hộ nghèo dân tộc thiểu số theo chuẩn nghèo đa chiều giai đoạn 2022-2025,rate_percent,2023,19.6987378,old_63,66,Đắk Lắk
1.6,Tỷ lệ hộ nghèo/số hộ nghèo dân tộc thiểu số theo chuẩn nghèo đa chiều giai đoạn 2022-2025,rate_percent,2024,13.71074296,old_63,66,Đắk Lắk
1.6,Tỷ lệ hộ nghèo/số hộ nghèo dân tộc thiểu số theo chuẩn nghèo đa chiều giai đoạn 2022-2025,count_households,2021,41572,old_63,66,Đắk Lắk
1.6,Tỷ lệ hộ nghèo/số hộ nghèo dân tộc thiểu số theo chuẩn nghèo đa chiều giai đoạn 2022-2025,count_households,2022,35982,old_63,66,Đắk Lắk
1.6,Tỷ lệ hộ nghèo/số hộ nghèo dân tộc thiểu số theo chuẩn nghèo đa chiều giai đoạn 2022-2025,count_households,2023,31229,old_63,66,Đắk Lắk
1.6,Tỷ lệ hộ nghèo/số hộ nghèo dân tộc thiểu số theo chuẩn nghèo đa chiều giai đoạn 2022-2025,count_households,2024,24282,old_63,66,Đắk Lắk
1.6,Tỷ lệ hộ nghèo/số hộ nghèo dân tộc thiểu số theo chuẩn nghèo đa chiều giai đoạn 2022-2025,rate_percent,2021,28.10450348,old_63,67,Đắk Nông
1.6,Tỷ lệ hộ nghèo/số hộ nghèo dân tộc thiểu số theo chuẩn nghèo đa chiều giai đoạn 2022-2025,rate_percent,2022,20.11200134,old_63,67,Đắk Nông
1.6,Tỷ lệ hộ nghèo/số hộ nghèo dân tộc thiểu số theo chuẩn nghèo đa chiều giai đoạn 2022-2025,rate_percent,2023,13.23723501,old_63,67,Đắk Nông
1.6,Tỷ lệ hộ nghèo/số hộ nghèo dân tộc thiểu số theo chuẩn nghèo đa chiều giai đoạn 2022-2025,rate_percent,2024,7.590846273,old_63,67,Đắk Nông
1.6,Tỷ lệ hộ nghèo/số hộ nghèo dân tộc thiểu số theo chuẩn nghèo đa chiều giai đoạn 2022-2025,count_households,2021,12812,old_63,67,Đắk Nông
1.6,Tỷ lệ hộ nghèo/số hộ nghèo dân tộc thiểu số theo chuẩn nghèo đa chiều giai đoạn 2022-2025,count_households,2022,9589,old_63,67,Đắk Nông
1.6,Tỷ lệ hộ nghèo/số hộ nghèo dân tộc thiểu số theo chuẩn nghèo đa chiều giai đoạn 2022-2025,count_households,2023,6419,old_63,67,Đắk Nông
1.6,Tỷ lệ hộ nghèo/số hộ nghèo dân tộc thiểu số theo chuẩn nghèo đa chiều giai đoạn 2022-2025,count_households,2024,3735,old_63,67,Đắk Nông
1.6,Tỷ lệ hộ nghèo/số hộ nghèo dân tộc thiểu số theo chuẩn nghèo đa chiều giai đoạn 2022-2025,rate_percent,2021,25.72226223,old_63,64,Gia Lai
1.6,Tỷ lệ hộ nghèo/số hộ nghèo dân tộc thiểu số theo chuẩn nghèo đa chiều giai đoạn 2022-2025,rate_percent,2022,21.46888813,old_63,64,Gia Lai
1.6,Tỷ lệ hộ nghèo/số hộ nghèo dân tộc thiểu số theo chuẩn nghèo đa chiều giai đoạn 2022-2025,rate_percent,2023,17.04582582,old_63,64,Gia Lai
1.6,Tỷ lệ hộ nghèo/số hộ nghèo dân tộc thiểu số theo chuẩn nghèo đa chiều giai đoạn 2022-2025,rate_percent,2024,12.655545,old_63,64,Gia Lai
1.6,Tỷ lệ hộ nghèo/số hộ nghèo dân tộc thiểu số theo chuẩn nghèo đa chiều giai đoạn 2022-2025,count_households,2021,40724,old_63,64,Gia Lai
1.6,Tỷ lệ hộ nghèo/số hộ nghèo dân tộc thiểu số theo chuẩn nghèo đa chiều giai đoạn 2022-2025,count_households,2022,34727,old_63,64,Gia Lai
1.6,Tỷ lệ hộ nghèo/số hộ nghèo dân tộc thiểu số theo chuẩn nghèo đa chiều giai đoạn 2022-2025,count_households,2023,28173,old_63,64,Gia Lai
1.6,Tỷ lệ hộ nghèo/số hộ nghèo dân tộc thiểu số theo chuẩn nghèo đa chiều giai đoạn 2022-2025,count_households,2024,21317,old_63,64,Gia Lai
1.6,Tỷ lệ hộ nghèo/số hộ nghèo dân tộc thiểu số theo chuẩn nghèo đa chiều giai đoạn 2022-2025,rate_percent,2021,27.59870858,old_63,62,Kon Tum
1.6,Tỷ lệ hộ nghèo/số hộ nghèo dân tộc thiểu số theo chuẩn nghèo đa chiều giai đoạn 2022-2025,rate_percent,2022,19.8951305,old_63,62,Kon Tum
1.6,Tỷ lệ hộ nghèo/số hộ nghèo dân tộc thiểu số theo chuẩn nghèo đa chiều giai đoạn 2022-2025,rate_percent,2023,12.45353636,old_63,62,Kon Tum
1.6,Tỷ lệ hộ nghèo/số hộ nghèo dân tộc thiểu số theo chuẩn nghèo đa chiều giai đoạn 2022-2025,rate_percent,2024,7.790307525,old_63,62,Kon Tum
1.6,Tỷ lệ hộ nghèo/số hộ nghèo dân tộc thiểu số theo chuẩn nghèo đa chiều giai đoạn 2022-2025,count_households,2021,20858,old_63,62,Kon Tum
1.6,Tỷ lệ hộ nghèo/số hộ nghèo dân tộc thiểu số theo chuẩn nghèo đa chiều giai đoạn 2022-2025,count_households,2022,15215,old_63,62,Kon Tum
1.6,Tỷ lệ hộ nghèo/số hộ nghèo dân tộc thiểu số theo chuẩn nghèo đa chiều giai đoạn 2022-2025,count_households,2023,9716,old_63,62,Kon Tum
1.6,Tỷ lệ hộ nghèo/số hộ nghèo dân tộc thiểu số theo chuẩn nghèo đa chiều giai đoạn 2022-2025,count_households,2024,6176,old_63,62,Kon Tum
1.6,Tỷ lệ hộ nghèo/số hộ nghèo dân tộc thiểu số theo chuẩn nghèo đa chiều giai đoạn 2022-2025,rate_percent,2021,5.648545956,old_63,68,Lâm Đồng
1.6,Tỷ lệ hộ nghèo/số hộ nghèo dân tộc thiểu số theo chuẩn nghèo đa chiều giai đoạn 2022-2025,rate_percent,2022,5.648545956,old_63,68,Lâm Đồng
1.6,Tỷ lệ hộ nghèo/số hộ nghèo dân tộc thiểu số theo chuẩn nghèo đa chiều giai đoạn 2022-2025,rate_percent,2023,3.244823266,old_63,68,Lâm Đồng
1.6,Tỷ lệ hộ nghèo/số hộ nghèo dân tộc thiểu số theo chuẩn nghèo đa chiều giai đoạn 2022-2025,rate_percent,2024,1.914126276,old_63,68,Lâm Đồng
1.6,Tỷ lệ hộ nghèo/số hộ nghèo dân tộc thiểu số theo chuẩn nghèo đa chiều giai đoạn 2022-2025,count_households,2021,4549,old_63,68,Lâm Đồng
1.6,Tỷ lệ hộ nghèo/số hộ nghèo dân tộc thiểu số theo chuẩn nghèo đa chiều giai đoạn 2022-2025,count_households,2022,4549,old_63,68,Lâm Đồng
1.6,Tỷ lệ hộ nghèo/số hộ nghèo dân tộc thiểu số theo chuẩn nghèo đa chiều giai đoạn 2022-2025,count_households,2023,2642,old_63,68,Lâm Đồng
1.6,Tỷ lệ hộ nghèo/số hộ nghèo dân tộc thiểu số theo chuẩn nghèo đa chiều giai đoạn 2022-2025,count_households,2024,1571,old_63,68,Lâm Đồng
1.6,Tỷ lệ hộ nghèo/số hộ nghèo dân tộc thiểu số theo chuẩn nghèo đa chiều giai đoạn 2022-2025,rate_percent,2021,0,old_63,79,TP. Hồ Chí Minh
1.6,Tỷ lệ hộ nghèo/số hộ nghèo dân tộc thiểu số theo chuẩn nghèo đa chiều giai đoạn 2022-2025,rate_percent,2022,0,old_63,79,TP. Hồ Chí Minh
1.6,Tỷ lệ hộ nghèo/số hộ nghèo dân tộc thiểu số theo chuẩn nghèo đa chiều giai đoạn 2022-2025,rate_percent,2023,0,old_63,79,TP. Hồ Chí Minh
1.6,Tỷ lệ hộ nghèo/số hộ nghèo dân tộc thiểu số theo chuẩn nghèo đa chiều giai đoạn 2022-2025,rate_percent,2024,0,old_63,79,TP. Hồ Chí Minh
1.6,Tỷ lệ hộ nghèo/số hộ nghèo dân tộc thiểu số theo chuẩn nghèo đa chiều giai đoạn 2022-2025,count_households,2021,0,old_63,79,TP. Hồ Chí Minh
1.6,Tỷ lệ hộ nghèo/số hộ nghèo dân tộc thiểu số theo chuẩn nghèo đa chiều giai đoạn 2022-2025,count_households,2022,0,old_63,79,TP. Hồ Chí Minh
1.6,Tỷ lệ hộ nghèo/số hộ nghèo dân tộc thiểu số theo chuẩn nghèo đa chiều giai đoạn 2022-2025,count_households,2023,0,old_63,79,TP. Hồ Chí Minh
1.6,Tỷ lệ hộ nghèo/số hộ nghèo dân tộc thiểu số theo chuẩn nghèo đa chiều giai đoạn 2022-2025,count_households,2024,0,old_63,79,TP. Hồ Chí Minh
1.6,Tỷ lệ hộ nghèo/số hộ nghèo dân tộc thiểu số theo chuẩn nghèo đa chiều giai đoạn 2022-2025,rate_percent,2021,1.742047714,old_63,75,Đồng Nai
1.6,Tỷ lệ hộ nghèo/số hộ nghèo dân tộc thiểu số theo chuẩn nghèo đa chiều giai đoạn 2022-2025,rate_percent,2022,1.001830267,old_63,75,Đồng Nai
1.6,Tỷ lệ hộ nghèo/số hộ nghèo dân tộc thiểu số theo chuẩn nghèo đa chiều giai đoạn 2022-2025,rate_percent,2023,0.724621323,old_63,75,Đồng Nai
1.6,Tỷ lệ hộ nghèo/số hộ nghèo dân tộc thiểu số theo chuẩn nghèo đa chiều giai đoạn 2022-2025,rate_percent,2024,0.464856024,old_63,75,Đồng Nai
1.6,Tỷ lệ hộ nghèo/số hộ nghèo dân tộc thiểu số theo chuẩn nghèo đa chiều giai đoạn 2022-2025,count_households,2021,701,old_63,75,Đồng Nai
1.6,Tỷ lệ hộ nghèo/số hộ nghèo dân tộc thiểu số theo chuẩn nghèo đa chiều giai đoạn 2022-2025,count_households,2022,416,old_63,75,Đồng Nai
1.6,Tỷ lệ hộ nghèo/số hộ nghèo dân tộc thiểu số theo chuẩn nghèo đa chiều giai đoạn 2022-2025,count_households,2023,321,old_63,75,Đồng Nai
1.6,Tỷ lệ hộ nghèo/số hộ nghèo dân tộc thiểu số theo chuẩn nghèo đa chiều giai đoạn 2022-2025,count_households,2024,216,old_63,75,Đồng Nai
1.6,Tỷ lệ hộ nghèo/số hộ nghèo dân tộc thiểu số theo chuẩn nghèo đa chiều giai đoạn 2022-2025,rate_percent,2021,0,old_63,74,Bình Dương
1.6,Tỷ lệ hộ nghèo/số hộ nghèo dân tộc thiểu số theo chuẩn nghèo đa chiều giai đoạn 2022-2025,rate_percent,2022,0,old_63,74,Bình Dương
1.6,Tỷ lệ hộ nghèo/số hộ nghèo dân tộc thiểu số theo chuẩn nghèo đa chiều giai đoạn 2022-2025,rate_percent,2023,0,old_63,74,Bình Dương
1.6,Tỷ lệ hộ nghèo/số hộ nghèo dân tộc thiểu số theo chuẩn nghèo đa chiều giai đoạn 2022-2025,rate_percent,2024,0.787143326,old_63,74,Bình Dương
1.6,Tỷ lệ hộ nghèo/số hộ nghèo dân tộc thiểu số theo chuẩn nghèo đa chiều giai đoạn 2022-2025,count_households,2021,0,old_63,74,Bình Dương
1.6,Tỷ lệ hộ nghèo/số hộ nghèo dân tộc thiểu số theo chuẩn nghèo đa chiều giai đoạn 2022-2025,count_households,2022,0,old_63,74,Bình Dương
1.6,Tỷ lệ hộ nghèo/số hộ nghèo dân tộc thiểu số theo chuẩn nghèo đa chiều giai đoạn 2022-2025,count_households,2023,27,old_63,74,Bình Dương
1.6,Tỷ lệ hộ nghèo/số hộ nghèo dân tộc thiểu số theo chuẩn nghèo đa chiều giai đoạn 2022-2025,count_households,2024,24,old_63,74,Bình Dương
1.6,Tỷ lệ hộ nghèo/số hộ nghèo dân tộc thiểu số theo chuẩn nghèo đa chiều giai đoạn 2022-2025,rate_percent,2021,6.16880286,old_63,70,Bình Phước
1.6,Tỷ lệ hộ nghèo/số hộ nghèo dân tộc thiểu số theo chuẩn nghèo đa chiều giai đoạn 2022-2025,rate_percent,2022,4.445194981,old_63,70,Bình Phước
1.6,Tỷ lệ hộ nghèo/số hộ nghèo dân tộc thiểu số theo chuẩn nghèo đa chiều giai đoạn 2022-2025,rate_percent,2023,1.324503311,old_63,70,Bình Phước
1.6,Tỷ lệ hộ nghèo/số hộ nghèo dân tộc thiểu số theo chuẩn nghèo đa chiều giai đoạn 2022-2025,rate_percent,2024,0.751536688,old_63,70,Bình Phước
1.6,Tỷ lệ hộ nghèo/số hộ nghèo dân tộc thiểu số theo chuẩn nghèo đa chiều giai đoạn 2022-2025,count_households,2021,2830,old_63,70,Bình Phước
1.6,Tỷ lệ hộ nghèo/số hộ nghèo dân tộc thiểu số theo chuẩn nghèo đa chiều giai đoạn 2022-2025,count_households,2022,1711,old_63,70,Bình Phước
1.6,Tỷ lệ hộ nghèo/số hộ nghèo dân tộc thiểu số theo chuẩn nghèo đa chiều giai đoạn 2022-2025,count_households,2023,574,old_63,70,Bình Phước
1.6,Tỷ lệ hộ nghèo/số hộ nghèo dân tộc thiểu số theo chuẩn nghèo đa chiều giai đoạn 2022-2025,count_households,2024,313,old_63,70,Bình Phước
1.6,Tỷ lệ hộ nghèo/số hộ nghèo dân tộc thiểu số theo chuẩn nghèo đa chiều giai đoạn 2022-2025,rate_percent,2021,1.317027281,old_63,72,Tây Ninh
1.6,Tỷ lệ hộ nghèo/số hộ nghèo dân tộc thiểu số theo chuẩn nghèo đa chiều giai đoạn 2022-2025,rate_percent,2022,0.723140496,old_63,72,Tây Ninh
1.6,Tỷ lệ hộ nghèo/số hộ nghèo dân tộc thiểu số theo chuẩn nghèo đa chiều giai đoạn 2022-2025,rate_percent,2023,0,old_63,72,Tây Ninh
1.6,Tỷ lệ hộ nghèo/số hộ nghèo dân tộc thiểu số theo chuẩn nghèo đa chiều giai đoạn 2022-2025,rate_percent,2024,0.253106305,old_63,72,Tây Ninh
1.6,Tỷ lệ hộ nghèo/số hộ nghèo dân tộc thiểu số theo chuẩn nghèo đa chiều giai đoạn 2022-2025,count_households,2021,56,old_63,72,Tây Ninh
1.6,Tỷ lệ hộ nghèo/số hộ nghèo dân tộc thiểu số theo chuẩn nghèo đa chiều giai đoạn 2022-2025,count_households,2022,28,old_63,72,Tây Ninh
1.6,Tỷ lệ hộ nghèo/số hộ nghèo dân tộc thiểu số theo chuẩn nghèo đa chiều giai đoạn 2022-2025,count_households,2023,0,old_63,72,Tây Ninh
1.6,Tỷ lệ hộ nghèo/số hộ nghèo dân tộc thiểu số theo chuẩn nghèo đa chiều giai đoạn 2022-2025,count_households,2024,11,old_63,72,Tây Ninh
1.6,Tỷ lệ hộ nghèo/số hộ nghèo dân tộc thiểu số theo chuẩn nghèo đa chiều giai đoạn 2022-2025,rate_percent,2021,1.112972714,old_63,77,Bà Rịa - Vũng Tàu
1.6,Tỷ lệ hộ nghèo/số hộ nghèo dân tộc thiểu số theo chuẩn nghèo đa chiều giai đoạn 2022-2025,rate_percent,2022,0,old_63,77,Bà Rịa - Vũng Tàu
1.6,Tỷ lệ hộ nghèo/số hộ nghèo dân tộc thiểu số theo chuẩn nghèo đa chiều giai đoạn 2022-2025,rate_percent,2023,0,old_63,77,Bà Rịa - Vũng Tàu
1.6,Tỷ lệ hộ nghèo/số hộ nghèo dân tộc thiểu số theo chuẩn nghèo đa chiều giai đoạn 2022-2025,rate_percent,2024,0,old_63,77,Bà Rịa - Vũng Tàu
1.6,Tỷ lệ hộ nghèo/số hộ nghèo dân tộc thiểu số theo chuẩn nghèo đa chiều giai đoạn 2022-2025,count_households,2021,93,old_63,77,Bà Rịa - Vũng Tàu
1.6,Tỷ lệ hộ nghèo/số hộ nghèo dân tộc thiểu số theo chuẩn nghèo đa chiều giai đoạn 2022-2025,count_households,2022,0,old_63,77,Bà Rịa - Vũng Tàu
1.6,Tỷ lệ hộ nghèo/số hộ nghèo dân tộc thiểu số theo chuẩn nghèo đa chiều giai đoạn 2022-2025,count_households,2023,0,old_63,77,Bà Rịa - Vũng Tàu
1.6,Tỷ lệ hộ nghèo/số hộ nghèo dân tộc thiểu số theo chuẩn nghèo đa chiều giai đoạn 2022-2025,count_households,2024,0,old_63,77,Bà Rịa - Vũng Tàu
1.6,Tỷ lệ hộ nghèo/số hộ nghèo dân tộc thiểu số theo chuẩn nghèo đa chiều giai đoạn 2022-2025,rate_percent,2021,50,old_63,80,Long An
1.6,Tỷ lệ hộ nghèo/số hộ nghèo dân tộc thiểu số theo chuẩn nghèo đa chiều giai đoạn 2022-2025,rate_percent,2022,22,old_63,80,Long An
1.6,Tỷ lệ hộ nghèo/số hộ nghèo dân tộc thiểu số theo chuẩn nghèo đa chiều giai đoạn 2022-2025,rate_percent,2023,9.821428571,old_63,80,Long An
1.6,Tỷ lệ hộ nghèo/số hộ nghèo dân tộc thiểu số theo chuẩn nghèo đa chiều giai đoạn 2022-2025,rate_percent,2024,6.428571429,old_63,80,Long An
1.6,Tỷ lệ hộ nghèo/số hộ nghèo dân tộc thiểu số theo chuẩn nghèo đa chiều giai đoạn 2022-2025,count_households,2021,43,old_63,80,Long An
1.6,Tỷ lệ hộ nghèo/số hộ nghèo dân tộc thiểu số theo chuẩn nghèo đa chiều giai đoạn 2022-2025,count_households,2022,22,old_63,80,Long An
1.6,Tỷ lệ hộ nghèo/số hộ nghèo dân tộc thiểu số theo chuẩn nghèo đa chiều giai đoạn 2022-2025,count_households,2023,11,old_63,80,Long An
1.6,Tỷ lệ hộ nghèo/số hộ nghèo dân tộc thiểu số theo chuẩn nghèo đa chiều giai đoạn 2022-2025,count_households,2024,9,old_63,80,Long An
1.6,Tỷ lệ hộ nghèo/số hộ nghèo dân tộc thiểu số theo chuẩn nghèo đa chiều giai đoạn 2022-2025,rate_percent,2021,28.30188679,old_63,82,Tiền Giang
1.6,Tỷ lệ hộ nghèo/số hộ nghèo dân tộc thiểu số theo chuẩn nghèo đa chiều giai đoạn 2022-2025,rate_percent,2022,28.30188679,old_63,82,Tiền Giang
1.6,Tỷ lệ hộ nghèo/số hộ nghèo dân tộc thiểu số theo chuẩn nghèo đa chiều giai đoạn 2022-2025,rate_percent,2023,25.42372881,old_63,82,Tiền Giang
1.6,Tỷ lệ hộ nghèo/số hộ nghèo dân tộc thiểu số theo chuẩn nghèo đa chiều giai đoạn 2022-2025,rate_percent,2024,30,old_63,82,Tiền Giang
1.6,Tỷ lệ hộ nghèo/số hộ nghèo dân tộc thiểu số theo chuẩn nghèo đa chiều giai đoạn 2022-2025,count_households,2021,15,old_63,82,Tiền Giang
1.6,Tỷ lệ hộ nghèo/số hộ nghèo dân tộc thiểu số theo chuẩn nghèo đa chiều giai đoạn 2022-2025,count_households,2022,15,old_63,82,Tiền Giang
1.6,Tỷ lệ hộ nghèo/số hộ nghèo dân tộc thiểu số theo chuẩn nghèo đa chiều giai đoạn 2022-2025,count_households,2023,15,old_63,82,Tiền Giang
1.6,Tỷ lệ hộ nghèo/số hộ nghèo dân tộc thiểu số theo chuẩn nghèo đa chiều giai đoạn 2022-2025,count_households,2024,15,old_63,82,Tiền Giang
1.6,Tỷ lệ hộ nghèo/số hộ nghèo dân tộc thiểu số theo chuẩn nghèo đa chiều giai đoạn 2022-2025,rate_percent,2021,17.20430108,old_63,83,Bến Tre
1.6,Tỷ lệ hộ nghèo/số hộ nghèo dân tộc thiểu số theo chuẩn nghèo đa chiều giai đoạn 2022-2025,rate_percent,2022,14.18439716,old_63,83,Bến Tre
1.6,Tỷ lệ hộ nghèo/số hộ nghèo dân tộc thiểu số theo chuẩn nghèo đa chiều giai đoạn 2022-2025,rate_percent,2023,14.18439716,old_63,83,Bến Tre
1.6,Tỷ lệ hộ nghèo/số hộ nghèo dân tộc thiểu số theo chuẩn nghèo đa chiều giai đoạn 2022-2025,rate_percent,2024,7.73480663,old_63,83,Bến Tre
1.6,Tỷ lệ hộ nghèo/số hộ nghèo dân tộc thiểu số theo chuẩn nghèo đa chiều giai đoạn 2022-2025,count_households,2021,32,old_63,83,Bến Tre
1.6,Tỷ lệ hộ nghèo/số hộ nghèo dân tộc thiểu số theo chuẩn nghèo đa chiều giai đoạn 2022-2025,count_households,2022,20,old_63,83,Bến Tre
1.6,Tỷ lệ hộ nghèo/số hộ nghèo dân tộc thiểu số theo chuẩn nghèo đa chiều giai đoạn 2022-2025,count_households,2023,20,old_63,83,Bến Tre
1.6,Tỷ lệ hộ nghèo/số hộ nghèo dân tộc thiểu số theo chuẩn nghèo đa chiều giai đoạn 2022-2025,count_households,2024,14,old_63,83,Bến Tre
1.6,Tỷ lệ hộ nghèo/số hộ nghèo dân tộc thiểu số theo chuẩn nghèo đa chiều giai đoạn 2022-2025,rate_percent,2021,7.037057132,old_63,84,Trà Vinh
1.6,Tỷ lệ hộ nghèo/số hộ nghèo dân tộc thiểu số theo chuẩn nghèo đa chiều giai đoạn 2022-2025,rate_percent,2022,3.539407954,old_63,84,Trà Vinh
1.6,Tỷ lệ hộ nghèo/số hộ nghèo dân tộc thiểu số theo chuẩn nghèo đa chiều giai đoạn 2022-2025,rate_percent,2023,1.983377818,old_63,84,Trà Vinh
1.6,Tỷ lệ hộ nghèo/số hộ nghèo dân tộc thiểu số theo chuẩn nghèo đa chiều giai đoạn 2022-2025,rate_percent,2024,1.433652769,old_63,84,Trà Vinh
1.6,Tỷ lệ hộ nghèo/số hộ nghèo dân tộc thiểu số theo chuẩn nghèo đa chiều giai đoạn 2022-2025,count_households,2021,6485,old_63,84,Trà Vinh
1.6,Tỷ lệ hộ nghèo/số hộ nghèo dân tộc thiểu số theo chuẩn nghèo đa chiều giai đoạn 2022-2025,count_households,2022,3245,old_63,84,Trà Vinh
1.6,Tỷ lệ hộ nghèo/số hộ nghèo dân tộc thiểu số theo chuẩn nghèo đa chiều giai đoạn 2022-2025,count_households,2023,1828,old_63,84,Trà Vinh
1.6,Tỷ lệ hộ nghèo/số hộ nghèo dân tộc thiểu số theo chuẩn nghèo đa chiều giai đoạn 2022-2025,count_households,2024,1318,old_63,84,Trà Vinh
1.6,Tỷ lệ hộ nghèo/số hộ nghèo dân tộc thiểu số theo chuẩn nghèo đa chiều giai đoạn 2022-2025,rate_percent,2021,9.857839577,old_63,86,Vĩnh Long
1.6,Tỷ lệ hộ nghèo/số hộ nghèo dân tộc thiểu số theo chuẩn nghèo đa chiều giai đoạn 2022-2025,rate_percent,2022,6.671077296,old_63,86,Vĩnh Long
1.6,Tỷ lệ hộ nghèo/số hộ nghèo dân tộc thiểu số theo chuẩn nghèo đa chiều giai đoạn 2022-2025,rate_percent,2023,3.44590727,old_63,86,Vĩnh Long
1.6,Tỷ lệ hộ nghèo/số hộ nghèo dân tộc thiểu số theo chuẩn nghèo đa chiều giai đoạn 2022-2025,rate_percent,2024,1.149948765,old_63,86,Vĩnh Long
1.6,Tỷ lệ hộ nghèo/số hộ nghèo dân tộc thiểu số theo chuẩn nghèo đa chiều giai đoạn 2022-2025,count_households,2021,950,old_63,86,Vĩnh Long
1.6,Tỷ lệ hộ nghèo/số hộ nghèo dân tộc thiểu số theo chuẩn nghèo đa chiều giai đoạn 2022-2025,count_households,2022,605,old_63,86,Vĩnh Long
1.6,Tỷ lệ hộ nghèo/số hộ nghèo dân tộc thiểu số theo chuẩn nghèo đa chiều giai đoạn 2022-2025,count_households,2023,301,old_63,86,Vĩnh Long
1.6,Tỷ lệ hộ nghèo/số hộ nghèo dân tộc thiểu số theo chuẩn nghèo đa chiều giai đoạn 2022-2025,count_households,2024,101,old_63,86,Vĩnh Long
1.6,Tỷ lệ hộ nghèo/số hộ nghèo dân tộc thiểu số theo chuẩn nghèo đa chiều giai đoạn 2022-2025,rate_percent,2021,2.705425241,old_63,92,Cần Thơ
1.6,Tỷ lệ hộ nghèo/số hộ nghèo dân tộc thiểu số theo chuẩn nghèo đa chiều giai đoạn 2022-2025,rate_percent,2022,1.140492531,old_63,92,Cần Thơ
1.6,Tỷ lệ hộ nghèo/số hộ nghèo dân tộc thiểu số theo chuẩn nghèo đa chiều giai đoạn 2022-2025,rate_percent,2023,0.530608234,old_63,92,Cần Thơ
1.6,Tỷ lệ hộ nghèo/số hộ nghèo dân tộc thiểu số theo chuẩn nghèo đa chiều giai đoạn 2022-2025,rate_percent,2024,0.29361142,old_63,92,Cần Thơ
1.6,Tỷ lệ hộ nghèo/số hộ nghèo dân tộc thiểu số theo chuẩn nghèo đa chiều giai đoạn 2022-2025,count_households,2021,188,old_63,92,Cần Thơ
1.6,Tỷ lệ hộ nghèo/số hộ nghèo dân tộc thiểu số theo chuẩn nghèo đa chiều giai đoạn 2022-2025,count_households,2022,113,old_63,92,Cần Thơ
1.6,Tỷ lệ hộ nghèo/số hộ nghèo dân tộc thiểu số theo chuẩn nghèo đa chiều giai đoạn 2022-2025,count_households,2023,54,old_63,92,Cần Thơ
1.6,Tỷ lệ hộ nghèo/số hộ nghèo dân tộc thiểu số theo chuẩn nghèo đa chiều giai đoạn 2022-2025,count_households,2024,29,old_63,92,Cần Thơ
1.6,Tỷ lệ hộ nghèo/số hộ nghèo dân tộc thiểu số theo chuẩn nghèo đa chiều giai đoạn 2022-2025,rate_percent,2021,16.02453988,old_63,93,Hậu Giang
1.6,Tỷ lệ hộ nghèo/số hộ nghèo dân tộc thiểu số theo chuẩn nghèo đa chiều giai đoạn 2022-2025,rate_percent,2022,13.13057286,old_63,93,Hậu Giang
1.6,Tỷ lệ hộ nghèo/số hộ nghèo dân tộc thiểu số theo chuẩn nghèo đa chiều giai đoạn 2022-2025,rate_percent,2023,12.50494658,old_63,93,Hậu Giang
1.6,Tỷ lệ hộ nghèo/số hộ nghèo dân tộc thiểu số theo chuẩn nghèo đa chiều giai đoạn 2022-2025,rate_percent,2024,6.062556314,old_63,93,Hậu Giang
1.6,Tỷ lệ hộ nghèo/số hộ nghèo dân tộc thiểu số theo chuẩn nghèo đa chiều giai đoạn 2022-2025,count_households,2021,1306,old_63,93,Hậu Giang
1.6,Tỷ lệ hộ nghèo/số hộ nghèo dân tộc thiểu số theo chuẩn nghèo đa chiều giai đoạn 2022-2025,count_households,2022,1075,old_63,93,Hậu Giang
1.6,Tỷ lệ hộ nghèo/số hộ nghèo dân tộc thiểu số theo chuẩn nghèo đa chiều giai đoạn 2022-2025,count_households,2023,948,old_63,93,Hậu Giang
1.6,Tỷ lệ hộ nghèo/số hộ nghèo dân tộc thiểu số theo chuẩn nghèo đa chiều giai đoạn 2022-2025,count_households,2024,471,old_63,93,Hậu Giang
1.6,Tỷ lệ hộ nghèo/số hộ nghèo dân tộc thiểu số theo chuẩn nghèo đa chiều giai đoạn 2022-2025,rate_percent,2021,9.033980171,old_63,94,Sóc Trăng
1.6,Tỷ lệ hộ nghèo/số hộ nghèo dân tộc thiểu số theo chuẩn nghèo đa chiều giai đoạn 2022-2025,rate_percent,2022,6.378163014,old_63,94,Sóc Trăng
1.6,Tỷ lệ hộ nghèo/số hộ nghèo dân tộc thiểu số theo chuẩn nghèo đa chiều giai đoạn 2022-2025,rate_percent,2023,3.476556891,old_63,94,Sóc Trăng
1.6,Tỷ lệ hộ nghèo/số hộ nghèo dân tộc thiểu số theo chuẩn nghèo đa chiều giai đoạn 2022-2025,rate_percent,2024,1.703813935,old_63,94,Sóc Trăng
1.6,Tỷ lệ hộ nghèo/số hộ nghèo dân tộc thiểu số theo chuẩn nghèo đa chiều giai đoạn 2022-2025,count_households,2021,10661,old_63,94,Sóc Trăng
1.6,Tỷ lệ hộ nghèo/số hộ nghèo dân tộc thiểu số theo chuẩn nghèo đa chiều giai đoạn 2022-2025,count_households,2022,7524,old_63,94,Sóc Trăng
1.6,Tỷ lệ hộ nghèo/số hộ nghèo dân tộc thiểu số theo chuẩn nghèo đa chiều giai đoạn 2022-2025,count_households,2023,4116,old_63,94,Sóc Trăng
1.6,Tỷ lệ hộ nghèo/số hộ nghèo dân tộc thiểu số theo chuẩn nghèo đa chiều giai đoạn 2022-2025,count_households,2024,2038,old_63,94,Sóc Trăng
1.6,Tỷ lệ hộ nghèo/số hộ nghèo dân tộc thiểu số theo chuẩn nghèo đa chiều giai đoạn 2022-2025,rate_percent,2021,14.85499225,old_63,89,An Giang
1.6,Tỷ lệ hộ nghèo/số hộ nghèo dân tộc thiểu số theo chuẩn nghèo đa chiều giai đoạn 2022-2025,rate_percent,2022,11.69744292,old_63,89,An Giang
1.6,Tỷ lệ hộ nghèo/số hộ nghèo dân tộc thiểu số theo chuẩn nghèo đa chiều giai đoạn 2022-2025,rate_percent,2023,8.688113333,old_63,89,An Giang
1.6,Tỷ lệ hộ nghèo/số hộ nghèo dân tộc thiểu số theo chuẩn nghèo đa chiều giai đoạn 2022-2025,rate_percent,2024,5.624112701,old_63,89,An Giang
1.6,Tỷ lệ hộ nghèo/số hộ nghèo dân tộc thiểu số theo chuẩn nghèo đa chiều giai đoạn 2022-2025,count_households,2021,4026,old_63,89,An Giang
1.6,Tỷ lệ hộ nghèo/số hộ nghèo dân tộc thiểu số theo chuẩn nghèo đa chiều giai đoạn 2022-2025,count_households,2022,3161,old_63,89,An Giang
1.6,Tỷ lệ hộ nghèo/số hộ nghèo dân tộc thiểu số theo chuẩn nghèo đa chiều giai đoạn 2022-2025,count_households,2023,2355,old_63,89,An Giang
1.6,Tỷ lệ hộ nghèo/số hộ nghèo dân tộc thiểu số theo chuẩn nghèo đa chiều giai đoạn 2022-2025,count_households,2024,1545,old_63,89,An Giang
1.6,Tỷ lệ hộ nghèo/số hộ nghèo dân tộc thiểu số theo chuẩn nghèo đa chiều giai đoạn 2022-2025,rate_percent,2021,33.33333333,old_63,87,Đồng Tháp
1.6,Tỷ lệ hộ nghèo/số hộ nghèo dân tộc thiểu số theo chuẩn nghèo đa chiều giai đoạn 2022-2025,rate_percent,2022,26.66666667,old_63,87,Đồng Tháp
1.6,Tỷ lệ hộ nghèo/số hộ nghèo dân tộc thiểu số theo chuẩn nghèo đa chiều giai đoạn 2022-2025,rate_percent,2023,0,old_63,87,Đồng Tháp
1.6,Tỷ lệ hộ nghèo/số hộ nghèo dân tộc thiểu số theo chuẩn nghèo đa chiều giai đoạn 2022-2025,rate_percent,2024,0,old_63,87,Đồng Tháp
1.6,Tỷ lệ hộ nghèo/số hộ nghèo dân tộc thiểu số theo chuẩn nghèo đa chiều giai đoạn 2022-2025,count_households,2021,15,old_63,87,Đồng Tháp
1.6,Tỷ lệ hộ nghèo/số hộ nghèo dân tộc thiểu số theo chuẩn nghèo đa chiều giai đoạn 2022-2025,count_households,2022,12,old_63,87,Đồng Tháp
1.6,Tỷ lệ hộ nghèo/số hộ nghèo dân tộc thiểu số theo chuẩn nghèo đa chiều giai đoạn 2022-2025,count_households,2023,0,old_63,87,Đồng Tháp
1.6,Tỷ lệ hộ nghèo/số hộ nghèo dân tộc thiểu số theo chuẩn nghèo đa chiều giai đoạn 2022-2025,count_households,2024,0,old_63,87,Đồng Tháp
1.6,Tỷ lệ hộ nghèo/số hộ nghèo dân tộc thiểu số theo chuẩn nghèo đa chiều giai đoạn 2022-2025,rate_percent,2021,4.686428081,old_63,91,Kiên Giang
1.6,Tỷ lệ hộ nghèo/số hộ nghèo dân tộc thiểu số theo chuẩn nghèo đa chiều giai đoạn 2022-2025,rate_percent,2022,3.686476179,old_63,91,Kiên Giang
1.6,Tỷ lệ hộ nghèo/số hộ nghèo dân tộc thiểu số theo chuẩn nghèo đa chiều giai đoạn 2022-2025,rate_percent,2023,2.399771314,old_63,91,Kiên Giang
1.6,Tỷ lệ hộ nghèo/số hộ nghèo dân tộc thiểu số theo chuẩn nghèo đa chiều giai đoạn 2022-2025,rate_percent,2024,1.856031401,old_63,91,Kiên Giang
1.6,Tỷ lệ hộ nghèo/số hộ nghèo dân tộc thiểu số theo chuẩn nghèo đa chiều giai đoạn 2022-2025,count_households,2021,3279,old_63,91,Kiên Giang
1.6,Tỷ lệ hộ nghèo/số hộ nghèo dân tộc thiểu số theo chuẩn nghèo đa chiều giai đoạn 2022-2025,count_households,2022,2552,old_63,91,Kiên Giang
1.6,Tỷ lệ hộ nghèo/số hộ nghèo dân tộc thiểu số theo chuẩn nghèo đa chiều giai đoạn 2022-2025,count_households,2023,1679,old_63,91,Kiên Giang
1.6,Tỷ lệ hộ nghèo/số hộ nghèo dân tộc thiểu số theo chuẩn nghèo đa chiều giai đoạn 2022-2025,count_households,2024,1324,old_63,91,Kiên Giang
1.6,Tỷ lệ hộ nghèo/số hộ nghèo dân tộc thiểu số theo chuẩn nghèo đa chiều giai đoạn 2022-2025,rate_percent,2021,10.94730968,old_63,95,Bạc Liêu
1.6,Tỷ lệ hộ nghèo/số hộ nghèo dân tộc thiểu số theo chuẩn nghèo đa chiều giai đoạn 2022-2025,rate_percent,2022,7.462206497,old_63,95,Bạc Liêu
1.6,Tỷ lệ hộ nghèo/số hộ nghèo dân tộc thiểu số theo chuẩn nghèo đa chiều giai đoạn 2022-2025,rate_percent,2023,4.458422998,old_63,95,Bạc Liêu
1.6,Tỷ lệ hộ nghèo/số hộ nghèo dân tộc thiểu số theo chuẩn nghèo đa chiều giai đoạn 2022-2025,rate_percent,2024,1.394443844,old_63,95,Bạc Liêu
1.6,Tỷ lệ hộ nghèo/số hộ nghèo dân tộc thiểu số theo chuẩn nghèo đa chiều giai đoạn 2022-2025,count_households,2021,2354,old_63,95,Bạc Liêu
1.6,Tỷ lệ hộ nghèo/số hộ nghèo dân tộc thiểu số theo chuẩn nghèo đa chiều giai đoạn 2022-2025,count_households,2022,1624,old_63,95,Bạc Liêu
1.6,Tỷ lệ hộ nghèo/số hộ nghèo dân tộc thiểu số theo chuẩn nghèo đa chiều giai đoạn 2022-2025,count_households,2023,808,old_63,95,Bạc Liêu
1.6,Tỷ lệ hộ nghèo/số hộ nghèo dân tộc thiểu số theo chuẩn nghèo đa chiều giai đoạn 2022-2025,count_households,2024,258,old_63,95,Bạc Liêu
1.6,Tỷ lệ hộ nghèo/số hộ nghèo dân tộc thiểu số theo chuẩn nghèo đa chiều giai đoạn 2022-2025,rate_percent,2021,10.73859769,old_63,96,Cà Mau
1.6,Tỷ lệ hộ nghèo/số hộ nghèo dân tộc thiểu số theo chuẩn nghèo đa chiều giai đoạn 2022-2025,rate_percent,2022,8.660239362,old_63,96,Cà Mau
1.6,Tỷ lệ hộ nghèo/số hộ nghèo dân tộc thiểu số theo chuẩn nghèo đa chiều giai đoạn 2022-2025,rate_percent,2023,6.090373281,old_63,96,Cà Mau
1.6,Tỷ lệ hộ nghèo/số hộ nghèo dân tộc thiểu số theo chuẩn nghèo đa chiều giai đoạn 2022-2025,rate_percent,2024,4.025736892,old_63,96,Cà Mau
1.6,Tỷ lệ hộ nghèo/số hộ nghèo dân tộc thiểu số theo chuẩn nghèo đa chiều giai đoạn 2022-2025,count_households,2021,1262,old_63,96,Cà Mau
1.6,Tỷ lệ hộ nghèo/số hộ nghèo dân tộc thiểu số theo chuẩn nghèo đa chiều giai đoạn 2022-2025,count_households,2022,1042,old_63,96,Cà Mau
1.6,Tỷ lệ hộ nghèo/số hộ nghèo dân tộc thiểu số theo chuẩn nghèo đa chiều giai đoạn 2022-2025,count_households,2023,713,old_63,96,Cà Mau
1.6,Tỷ lệ hộ nghèo/số hộ nghèo dân tộc thiểu số theo chuẩn nghèo đa chiều giai đoạn 2022-2025,count_households,2024,463,old_63,96,Cà Mau
1.6.M,Tỷ lệ hộ nghèo/số hộ nghèo dân tộc thiểu số theo chuẩn nghèo đa chiều giai đoạn 2022-2025,rate_percent,2021,1.48391683,new_34,1,Hà Nội
1.6.M,Tỷ lệ hộ nghèo/số hộ nghèo dân tộc thiểu số theo chuẩn nghèo đa chiều giai đoạn 2022-2025,rate_percent,2022,1.415549598,new_34,1,Hà Nội
1.6.M,Tỷ lệ hộ nghèo/số hộ nghèo dân tộc thiểu số theo chuẩn nghèo đa chiều giai đoạn 2022-2025,rate_percent,2023,0.253976741,new_34,1,Hà Nội
1.6.M,Tỷ lệ hộ nghèo/số hộ nghèo dân tộc thiểu số theo chuẩn nghèo đa chiều giai đoạn 2022-2025,rate_percent,2024,0,new_34,1,Hà Nội
1.6.M,Tỷ lệ hộ nghèo/số hộ nghèo dân tộc thiểu số theo chuẩn nghèo đa chiều giai đoạn 2022-2025,count_households,2021,167,new_34,1,Hà Nội
1.6.M,Tỷ lệ hộ nghèo/số hộ nghèo dân tộc thiểu số theo chuẩn nghèo đa chiều giai đoạn 2022-2025,count_households,2022,132,new_34,1,Hà Nội
1.6.M,Tỷ lệ hộ nghèo/số hộ nghèo dân tộc thiểu số theo chuẩn nghèo đa chiều giai đoạn 2022-2025,count_households,2023,57,new_34,1,Hà Nội
1.6.M,Tỷ lệ hộ nghèo/số hộ nghèo dân tộc thiểu số theo chuẩn nghèo đa chiều giai đoạn 2022-2025,count_households,2024,0,new_34,1,Hà Nội
1.6.M,Tỷ lệ hộ nghèo/số hộ nghèo dân tộc thiểu số theo chuẩn nghèo đa chiều giai đoạn 2022-2025,rate_percent,2021,5.967537844,new_34,24,Bắc Ninh
1.6.M,Tỷ lệ hộ nghèo/số hộ nghèo dân tộc thiểu số theo chuẩn nghèo đa chiều giai đoạn 2022-2025,rate_percent,2022,41.88576609,new_34,24,Bắc Ninh
1.6.M,Tỷ lệ hộ nghèo/số hộ nghèo dân tộc thiểu số theo chuẩn nghèo đa chiều giai đoạn 2022-2025,rate_percent,2023,36.59122448,new_34,24,Bắc Ninh
1.6.M,Tỷ lệ hộ nghèo/số hộ nghèo dân tộc thiểu số theo chuẩn nghèo đa chiều giai đoạn 2022-2025,rate_percent,2024,2.325258448,new_34,24,Bắc Ninh
1.6.M,Tỷ lệ hộ nghèo/số hộ nghèo dân tộc thiểu số theo chuẩn nghèo đa chiều giai đoạn 2022-2025,count_households,2021,7640,new_34,24,Bắc Ninh
1.6.M,Tỷ lệ hộ nghèo/số hộ nghèo dân tộc thiểu số theo chuẩn nghèo đa chiều giai đoạn 2022-2025,count_households,2022,5808,new_34,24,Bắc Ninh
1.6.M,Tỷ lệ hộ nghèo/số hộ nghèo dân tộc thiểu số theo chuẩn nghèo đa chiều giai đoạn 2022-2025,count_households,2023,4306,new_34,24,Bắc Ninh
1.6.M,Tỷ lệ hộ nghèo/số hộ nghèo dân tộc thiểu số theo chuẩn nghèo đa chiều giai đoạn 2022-2025,count_households,2024,3014,new_34,24,Bắc Ninh
1.6.M,Tỷ lệ hộ nghèo/số hộ nghèo dân tộc thiểu số theo chuẩn nghèo đa chiều giai đoạn 2022-2025,rate_percent,2021,2.780582076,new_34,22,Quảng Ninh
1.6.M,Tỷ lệ hộ nghèo/số hộ nghèo dân tộc thiểu số theo chuẩn nghèo đa chiều giai đoạn 2022-2025,rate_percent,2022,0.38173579,new_34,22,Quảng Ninh
1.6.M,Tỷ lệ hộ nghèo/số hộ nghèo dân tộc thiểu số theo chuẩn nghèo đa chiều giai đoạn 2022-2025,rate_percent,2023,0,new_34,22,Quảng Ninh
1.6.M,Tỷ lệ hộ nghèo/số hộ nghèo dân tộc thiểu số theo chuẩn nghèo đa chiều giai đoạn 2022-2025,rate_percent,2024,0,new_34,22,Quảng Ninh
1.6.M,Tỷ lệ hộ nghèo/số hộ nghèo dân tộc thiểu số theo chuẩn nghèo đa chiều giai đoạn 2022-2025,count_households,2021,964,new_34,22,Quảng Ninh
1.6.M,Tỷ lệ hộ nghèo/số hộ nghèo dân tộc thiểu số theo chuẩn nghèo đa chiều giai đoạn 2022-2025,count_households,2022,155,new_34,22,Quảng Ninh
1.6.M,Tỷ lệ hộ nghèo/số hộ nghèo dân tộc thiểu số theo chuẩn nghèo đa chiều giai đoạn 2022-2025,count_households,2023,0,new_34,22,Quảng Ninh
1.6.M,Tỷ lệ hộ nghèo/số hộ nghèo dân tộc thiểu số theo chuẩn nghèo đa chiều giai đoạn 2022-2025,count_households,2024,0,new_34,22,Quảng Ninh
1.6.M,Tỷ lệ hộ nghèo/số hộ nghèo dân tộc thiểu số theo chuẩn nghèo đa chiều giai đoạn 2022-2025,rate_percent,2021,5.00912665,new_34,31,Hải Phòng
1.6.M,Tỷ lệ hộ nghèo/số hộ nghèo dân tộc thiểu số theo chuẩn nghèo đa chiều giai đoạn 2022-2025,rate_percent,2022,1.417803214,new_34,31,Hải Phòng
1.6.M,Tỷ lệ hộ nghèo/số hộ nghèo dân tộc thiểu số theo chuẩn nghèo đa chiều giai đoạn 2022-2025,rate_percent,2023,1.456908059,new_34,31,Hải Phòng
1.6.M,Tỷ lệ hộ nghèo/số hộ nghèo dân tộc thiểu số theo chuẩn nghèo đa chiều giai đoạn 2022-2025,rate_percent,2024,0.591016548,new_34,31,Hải Phòng
1.6.M,Tỷ lệ hộ nghèo/số hộ nghèo dân tộc thiểu số theo chuẩn nghèo đa chiều giai đoạn 2022-2025,count_households,2021,27,new_34,31,Hải Phòng
1.6.M,Tỷ lệ hộ nghèo/số hộ nghèo dân tộc thiểu số theo chuẩn nghèo đa chiều giai đoạn 2022-2025,count_households,2022,22,new_34,31,Hải Phòng
1.6.M,Tỷ lệ hộ nghèo/số hộ nghèo dân tộc thiểu số theo chuẩn nghèo đa chiều giai đoạn 2022-2025,count_households,2023,28,new_34,31,Hải Phòng
1.6.M,Tỷ lệ hộ nghèo/số hộ nghèo dân tộc thiểu số theo chuẩn nghèo đa chiều giai đoạn 2022-2025,count_households,2024,15,new_34,31,Hải Phòng
1.6.M,Tỷ lệ hộ nghèo/số hộ nghèo dân tộc thiểu số theo chuẩn nghèo đa chiều giai đoạn 2022-2025,rate_percent,2021,7.159364468,new_34,33,Hưng Yên
1.6.M,Tỷ lệ hộ nghèo/số hộ nghèo dân tộc thiểu số theo chuẩn nghèo đa chiều giai đoạn 2022-2025,rate_percent,2022,6.730004419,new_34,33,Hưng Yên
1.6.M,Tỷ lệ hộ nghèo/số hộ nghèo dân tộc thiểu số theo chuẩn nghèo đa chiều giai đoạn 2022-2025,rate_percent,2023,4.906832298,new_34,33,Hưng Yên
1.6.M,Tỷ lệ hộ nghèo/số hộ nghèo dân tộc thiểu số theo chuẩn nghèo đa chiều giai đoạn 2022-2025,rate_percent,2024,2.782681409,new_34,33,Hưng Yên
1.6.M,Tỷ lệ hộ nghèo/số hộ nghèo dân tộc thiểu số theo chuẩn nghèo đa chiều giai đoạn 2022-2025,count_households,2021,13,new_34,33,Hưng Yên
1.6.M,Tỷ lệ hộ nghèo/số hộ nghèo dân tộc thiểu số theo chuẩn nghèo đa chiều giai đoạn 2022-2025,count_households,2022,13,new_34,33,Hưng Yên
1.6.M,Tỷ lệ hộ nghèo/số hộ nghèo dân tộc thiểu số theo chuẩn nghèo đa chiều giai đoạn 2022-2025,count_households,2023,5,new_34,33,Hưng Yên
1.6.M,Tỷ lệ hộ nghèo/số hộ nghèo dân tộc thiểu số theo chuẩn nghèo đa chiều giai đoạn 2022-2025,count_households,2024,5,new_34,33,Hưng Yên
1.6.M,Tỷ lệ hộ nghèo/số hộ nghèo dân tộc thiểu số theo chuẩn nghèo đa chiều giai đoạn 2022-2025,rate_percent,2021,16.16526478,new_34,37,Ninh Bình
1.6.M,Tỷ lệ hộ nghèo/số hộ nghèo dân tộc thiểu số theo chuẩn nghèo đa chiều giai đoạn 2022-2025,rate_percent,2022,5.214453268,new_34,37,Ninh Bình
1.6.M,Tỷ lệ hộ nghèo/số hộ nghèo dân tộc thiểu số theo chuẩn nghèo đa chiều giai đoạn 2022-2025,rate_percent,2023,13.79508435,new_34,37,Ninh Bình
1.6.M,Tỷ lệ hộ nghèo/số hộ nghèo dân tộc thiểu số theo chuẩn nghèo đa chiều giai đoạn 2022-2025,rate_percent,2024,0.679426448,new_34,37,Ninh Bình
1.6.M,Tỷ lệ hộ nghèo/số hộ nghèo dân tộc thiểu số theo chuẩn nghèo đa chiều giai đoạn 2022-2025,count_households,2021,478,new_34,37,Ninh Bình
1.6.M,Tỷ lệ hộ nghèo/số hộ nghèo dân tộc thiểu số theo chuẩn nghèo đa chiều giai đoạn 2022-2025,count_households,2022,392,new_34,37,Ninh Bình
1.6.M,Tỷ lệ hộ nghèo/số hộ nghèo dân tộc thiểu số theo chuẩn nghèo đa chiều giai đoạn 2022-2025,count_households,2023,266,new_34,37,Ninh Bình
1.6.M,Tỷ lệ hộ nghèo/số hộ nghèo dân tộc thiểu số theo chuẩn nghèo đa chiều giai đoạn 2022-2025,count_households,2024,183,new_34,37,Ninh Bình
1.6.M,Tỷ lệ hộ nghèo/số hộ nghèo dân tộc thiểu số theo chuẩn nghèo đa chiều giai đoạn 2022-2025,rate_percent,2021,34.31698654,new_34,4,Cao Bằng
1.6.M,Tỷ lệ hộ nghèo/số hộ nghèo dân tộc thiểu số theo chuẩn nghèo đa chiều giai đoạn 2022-2025,rate_percent,2022,29.7751553,new_34,4,Cao Bằng
1.6.M,Tỷ lệ hộ nghèo/số hộ nghèo dân tộc thiểu số theo chuẩn nghèo đa chiều giai đoạn 2022-2025,rate_percent,2023,25.61025436,new_34,4,Cao Bằng
1.6.M,Tỷ lệ hộ nghèo/số hộ nghèo dân tộc thiểu số theo chuẩn nghèo đa chiều giai đoạn 2022-2025,rate_percent,2024,20.60687505,new_34,4,Cao Bằng
1.6.M,Tỷ lệ hộ nghèo/số hộ nghèo dân tộc thiểu số theo chuẩn nghèo đa chiều giai đoạn 2022-2025,count_households,2021,42609,new_34,4,Cao Bằng
1.6.M,Tỷ lệ hộ nghèo/số hộ nghèo dân tộc thiểu số theo chuẩn nghèo đa chiều giai đoạn 2022-2025,count_households,2022,37291,new_34,4,Cao Bằng
1.6.M,Tỷ lệ hộ nghèo/số hộ nghèo dân tộc thiểu số theo chuẩn nghèo đa chiều giai đoạn 2022-2025,count_households,2023,31968,new_34,4,Cao Bằng
1.6.M,Tỷ lệ hộ nghèo/số hộ nghèo dân tộc thiểu số theo chuẩn nghèo đa chiều giai đoạn 2022-2025,count_households,2024,25915,new_34,4,Cao Bằng
1.6.M,Tỷ lệ hộ nghèo/số hộ nghèo dân tộc thiểu số theo chuẩn nghèo đa chiều giai đoạn 2022-2025,rate_percent,2021,42.85058802,new_34,8,Tuyên Quang
1.6.M,Tỷ lệ hộ nghèo/số hộ nghèo dân tộc thiểu số theo chuẩn nghèo đa chiều giai đoạn 2022-2025,rate_percent,2022,36.45704872,new_34,8,Tuyên Quang
1.6.M,Tỷ lệ hộ nghèo/số hộ nghèo dân tộc thiểu số theo chuẩn nghèo đa chiều giai đoạn 2022-2025,rate_percent,2023,29.02998622,new_34,8,Tuyên Quang
1.6.M,Tỷ lệ hộ nghèo/số hộ nghèo dân tộc thiểu số theo chuẩn nghèo đa chiều giai đoạn 2022-2025,rate_percent,2024,22.56129357,new_34,8,Tuyên Quang
1.6.M,Tỷ lệ hộ nghèo/số hộ nghèo dân tộc thiểu số theo chuẩn nghèo đa chiều giai đoạn 2022-2025,count_households,2021,118966,new_34,8,Tuyên Quang
1.6.M,Tỷ lệ hộ nghèo/số hộ nghèo dân tộc thiểu số theo chuẩn nghèo đa chiều giai đoạn 2022-2025,count_households,2022,102859,new_34,8,Tuyên Quang
1.6.M,Tỷ lệ hộ nghèo/số hộ nghèo dân tộc thiểu số theo chuẩn nghèo đa chiều giai đoạn 2022-2025,count_households,2023,83835,new_34,8,Tuyên Quang
1.6.M,Tỷ lệ hộ nghèo/số hộ nghèo dân tộc thiểu số theo chuẩn nghèo đa chiều giai đoạn 2022-2025,count_households,2024,67618,new_34,8,Tuyên Quang
1.6.M,Tỷ lệ hộ nghèo/số hộ nghèo dân tộc thiểu số theo chuẩn nghèo đa chiều giai đoạn 2022-2025,rate_percent,2021,35.17608674,new_34,15,Lào Cai
1.6.M,Tỷ lệ hộ nghèo/số hộ nghèo dân tộc thiểu số theo chuẩn nghèo đa chiều giai đoạn 2022-2025,rate_percent,2022,27.73954838,new_34,15,Lào Cai
1.6.M,Tỷ lệ hộ nghèo/số hộ nghèo dân tộc thiểu số theo chuẩn nghèo đa chiều giai đoạn 2022-2025,rate_percent,2023,20.26603515,new_34,15,Lào Cai
1.6.M,Tỷ lệ hộ nghèo/số hộ nghèo dân tộc thiểu số theo chuẩn nghèo đa chiều giai đoạn 2022-2025,rate_percent,2024,14.16278471,new_34,15,Lào Cai
1.6.M,Tỷ lệ hộ nghèo/số hộ nghèo dân tộc thiểu số theo chuẩn nghèo đa chiều giai đoạn 2022-2025,count_households,2021,74861,new_34,15,Lào Cai
1.6.M,Tỷ lệ hộ nghèo/số hộ nghèo dân tộc thiểu số theo chuẩn nghèo đa chiều giai đoạn 2022-2025,count_households,2022,58821,new_34,15,Lào Cai
1.6.M,Tỷ lệ hộ nghèo/số hộ nghèo dân tộc thiểu số theo chuẩn nghèo đa chiều giai đoạn 2022-2025,count_households,2023,43222,new_34,15,Lào Cai
1.6.M,Tỷ lệ hộ nghèo/số hộ nghèo dân tộc thiểu số theo chuẩn nghèo đa chiều giai đoạn 2022-2025,count_households,2024,30767,new_34,15,Lào Cai
1.6.M,Tỷ lệ hộ nghèo/số hộ nghèo dân tộc thiểu số theo chuẩn nghèo đa chiều giai đoạn 2022-2025,rate_percent,2021,21.23673132,new_34,19,Thái Nguyên
1.6.M,Tỷ lệ hộ nghèo/số hộ nghèo dân tộc thiểu số theo chuẩn nghèo đa chiều giai đoạn 2022-2025,rate_percent,2022,18.25642024,new_34,19,Thái Nguyên
1.6.M,Tỷ lệ hộ nghèo/số hộ nghèo dân tộc thiểu số theo chuẩn nghèo đa chiều giai đoạn 2022-2025,rate_percent,2023,15.17192237,new_34,19,Thái Nguyên
1.6.M,Tỷ lệ hộ nghèo/số hộ nghèo dân tộc thiểu số theo chuẩn nghèo đa chiều giai đoạn 2022-2025,rate_percent,2024,12.4953599,new_34,19,Thái Nguyên
1.6.M,Tỷ lệ hộ nghèo/số hộ nghèo dân tộc thiểu số theo chuẩn nghèo đa chiều giai đoạn 2022-2025,count_households,2021,32820,new_34,19,Thái Nguyên
1.6.M,Tỷ lệ hộ nghèo/số hộ nghèo dân tộc thiểu số theo chuẩn nghèo đa chiều giai đoạn 2022-2025,count_households,2022,27757,new_34,19,Thái Nguyên
1.6.M,Tỷ lệ hộ nghèo/số hộ nghèo dân tộc thiểu số theo chuẩn nghèo đa chiều giai đoạn 2022-2025,count_households,2023,23010,new_34,19,Thái Nguyên
1.6.M,Tỷ lệ hộ nghèo/số hộ nghèo dân tộc thiểu số theo chuẩn nghèo đa chiều giai đoạn 2022-2025,count_households,2024,19354,new_34,19,Thái Nguyên
1.6.M,Tỷ lệ hộ nghèo/số hộ nghèo dân tộc thiểu số theo chuẩn nghèo đa chiều giai đoạn 2022-2025,rate_percent,2021,13.8790739,new_34,20,Lạng Sơn
1.6.M,Tỷ lệ hộ nghèo/số hộ nghèo dân tộc thiểu số theo chuẩn nghèo đa chiều giai đoạn 2022-2025,rate_percent,2022,10.42633864,new_34,20,Lạng Sơn
1.6.M,Tỷ lệ hộ nghèo/số hộ nghèo dân tộc thiểu số theo chuẩn nghèo đa chiều giai đoạn 2022-2025,rate_percent,2023,7.054134997,new_34,20,Lạng Sơn
1.6.M,Tỷ lệ hộ nghèo/số hộ nghèo dân tộc thiểu số theo chuẩn nghèo đa chiều giai đoạn 2022-2025,rate_percent,2024,3.859690494,new_34,20,Lạng Sơn
1.6.M,Tỷ lệ hộ nghèo/số hộ nghèo dân tộc thiểu số theo chuẩn nghèo đa chiều giai đoạn 2022-2025,count_households,2021,22468,new_34,20,Lạng Sơn
1.6.M,Tỷ lệ hộ nghèo/số hộ nghèo dân tộc thiểu số theo chuẩn nghèo đa chiều giai đoạn 2022-2025,count_households,2022,16664,new_34,20,Lạng Sơn
1.6.M,Tỷ lệ hộ nghèo/số hộ nghèo dân tộc thiểu số theo chuẩn nghèo đa chiều giai đoạn 2022-2025,count_households,2023,11824,new_34,20,Lạng Sơn
1.6.M,Tỷ lệ hộ nghèo/số hộ nghèo dân tộc thiểu số theo chuẩn nghèo đa chiều giai đoạn 2022-2025,count_households,2024,6547,new_34,20,Lạng Sơn
1.6.M,Tỷ lệ hộ nghèo/số hộ nghèo dân tộc thiểu số theo chuẩn nghèo đa chiều giai đoạn 2022-2025,rate_percent,2021,12.60313626,new_34,25,Phú Thọ
1.6.M,Tỷ lệ hộ nghèo/số hộ nghèo dân tộc thiểu số theo chuẩn nghèo đa chiều giai đoạn 2022-2025,rate_percent,2022,10.33386585,new_34,25,Phú Thọ
1.6.M,Tỷ lệ hộ nghèo/số hộ nghèo dân tộc thiểu số theo chuẩn nghèo đa chiều giai đoạn 2022-2025,rate_percent,2023,8.406124288,new_34,25,Phú Thọ
1.6.M,Tỷ lệ hộ nghèo/số hộ nghèo dân tộc thiểu số theo chuẩn nghèo đa chiều giai đoạn 2022-2025,rate_percent,2024,6.531837667,new_34,25,Phú Thọ
1.6.M,Tỷ lệ hộ nghèo/số hộ nghèo dân tộc thiểu số theo chuẩn nghèo đa chiều giai đoạn 2022-2025,count_households,2021,41314,new_34,25,Phú Thọ
1.6.M,Tỷ lệ hộ nghèo/số hộ nghèo dân tộc thiểu số theo chuẩn nghèo đa chiều giai đoạn 2022-2025,count_households,2022,33958,new_34,25,Phú Thọ
1.6.M,Tỷ lệ hộ nghèo/số hộ nghèo dân tộc thiểu số theo chuẩn nghèo đa chiều giai đoạn 2022-2025,count_households,2023,26821,new_34,25,Phú Thọ
1.6.M,Tỷ lệ hộ nghèo/số hộ nghèo dân tộc thiểu số theo chuẩn nghèo đa chiều giai đoạn 2022-2025,count_households,2024,20371,new_34,25,Phú Thọ
1.6.M,Tỷ lệ hộ nghèo/số hộ nghèo dân tộc thiểu số theo chuẩn nghèo đa chiều giai đoạn 2022-2025,rate_percent,2021,45.00374287,new_34,11,Điện Biên
1.6.M,Tỷ lệ hộ nghèo/số hộ nghèo dân tộc thiểu số theo chuẩn nghèo đa chiều giai đoạn 2022-2025,rate_percent,2022,38.77484034,new_34,11,Điện Biên
1.6.M,Tỷ lệ hộ nghèo/số hộ nghèo dân tộc thiểu số theo chuẩn nghèo đa chiều giai đoạn 2022-2025,rate_percent,2023,32.90589605,new_34,11,Điện Biên
1.6.M,Tỷ lệ hộ nghèo/số hộ nghèo dân tộc thiểu số theo chuẩn nghèo đa chiều giai đoạn 2022-2025,rate_percent,2024,27.39868281,new_34,11,Điện Biên
1.6.M,Tỷ lệ hộ nghèo/số hộ nghèo dân tộc thiểu số theo chuẩn nghèo đa chiều giai đoạn 2022-2025,count_households,2021,46893,new_34,11,Điện Biên
1.6.M,Tỷ lệ hộ nghèo/số hộ nghèo dân tộc thiểu số theo chuẩn nghèo đa chiều giai đoạn 2022-2025,count_households,2022,41346,new_34,11,Điện Biên
1.6.M,Tỷ lệ hộ nghèo/số hộ nghèo dân tộc thiểu số theo chuẩn nghèo đa chiều giai đoạn 2022-2025,count_households,2023,35618,new_34,11,Điện Biên
1.6.M,Tỷ lệ hộ nghèo/số hộ nghèo dân tộc thiểu số theo chuẩn nghèo đa chiều giai đoạn 2022-2025,count_households,2024,30078,new_34,11,Điện Biên
1.6.M,Tỷ lệ hộ nghèo/số hộ nghèo dân tộc thiểu số theo chuẩn nghèo đa chiều giai đoạn 2022-2025,rate_percent,2021,40.64289875,new_34,12,Lai Châu
1.6.M,Tỷ lệ hộ nghèo/số hộ nghèo dân tộc thiểu số theo chuẩn nghèo đa chiều giai đoạn 2022-2025,rate_percent,2022,35.57515356,new_34,12,Lai Châu
1.6.M,Tỷ lệ hộ nghèo/số hộ nghèo dân tộc thiểu số theo chuẩn nghèo đa chiều giai đoạn 2022-2025,rate_percent,2023,28.16010373,new_34,12,Lai Châu
1.6.M,Tỷ lệ hộ nghèo/số hộ nghèo dân tộc thiểu số theo chuẩn nghèo đa chiều giai đoạn 2022-2025,rate_percent,2024,24.23013264,new_34,12,Lai Châu
1.6.M,Tỷ lệ hộ nghèo/số hộ nghèo dân tộc thiểu số theo chuẩn nghèo đa chiều giai đoạn 2022-2025,count_households,2021,33493,new_34,12,Lai Châu
1.6.M,Tỷ lệ hộ nghèo/số hộ nghèo dân tộc thiểu số theo chuẩn nghèo đa chiều giai đoạn 2022-2025,count_households,2022,29770,new_34,12,Lai Châu
1.6.M,Tỷ lệ hộ nghèo/số hộ nghèo dân tộc thiểu số theo chuẩn nghèo đa chiều giai đoạn 2022-2025,count_households,2023,25194,new_34,12,Lai Châu
1.6.M,Tỷ lệ hộ nghèo/số hộ nghèo dân tộc thiểu số theo chuẩn nghèo đa chiều giai đoạn 2022-2025,count_households,2024,20788,new_34,12,Lai Châu
1.6.M,Tỷ lệ hộ nghèo/số hộ nghèo dân tộc thiểu số theo chuẩn nghèo đa chiều giai đoạn 2022-2025,rate_percent,2021,26.55872884,new_34,14,Sơn La
1.6.M,Tỷ lệ hộ nghèo/số hộ nghèo dân tộc thiểu số theo chuẩn nghèo đa chiều giai đoạn 2022-2025,rate_percent,2022,22.22302806,new_34,14,Sơn La
1.6.M,Tỷ lệ hộ nghèo/số hộ nghèo dân tộc thiểu số theo chuẩn nghèo đa chiều giai đoạn 2022-2025,rate_percent,2023,15.99518988,new_34,14,Sơn La
1.6.M,Tỷ lệ hộ nghèo/số hộ nghèo dân tộc thiểu số theo chuẩn nghèo đa chiều giai đoạn 2022-2025,rate_percent,2024,13.52558878,new_34,14,Sơn La
1.6.M,Tỷ lệ hộ nghèo/số hộ nghèo dân tộc thiểu số theo chuẩn nghèo đa chiều giai đoạn 2022-2025,count_households,2021,62613,new_34,14,Sơn La
1.6.M,Tỷ lệ hộ nghèo/số hộ nghèo dân tộc thiểu số theo chuẩn nghèo đa chiều giai đoạn 2022-2025,count_households,2022,52091,new_34,14,Sơn La
1.6.M,Tỷ lệ hộ nghèo/số hộ nghèo dân tộc thiểu số theo chuẩn nghèo đa chiều giai đoạn 2022-2025,count_households,2023,41500,new_34,14,Sơn La
1.6.M,Tỷ lệ hộ nghèo/số hộ nghèo dân tộc thiểu số theo chuẩn nghèo đa chiều giai đoạn 2022-2025,count_households,2024,32362,new_34,14,Sơn La
1.6.M,Tỷ lệ hộ nghèo/số hộ nghèo dân tộc thiểu số theo chuẩn nghèo đa chiều giai đoạn 2022-2025,rate_percent,2021,27.23592769,new_34,38,Thanh Hóa
1.6.M,Tỷ lệ hộ nghèo/số hộ nghèo dân tộc thiểu số theo chuẩn nghèo đa chiều giai đoạn 2022-2025,rate_percent,2022,19.90324596,new_34,38,Thanh Hóa
1.6.M,Tỷ lệ hộ nghèo/số hộ nghèo dân tộc thiểu số theo chuẩn nghèo đa chiều giai đoạn 2022-2025,rate_percent,2023,14.74916828,new_34,38,Thanh Hóa
1.6.M,Tỷ lệ hộ nghèo/số hộ nghèo dân tộc thiểu số theo chuẩn nghèo đa chiều giai đoạn 2022-2025,rate_percent,2024,8.318882378,new_34,38,Thanh Hóa
1.6.M,Tỷ lệ hộ nghèo/số hộ nghèo dân tộc thiểu số theo chuẩn nghèo đa chiều giai đoạn 2022-2025,count_households,2021,42052,new_34,38,Thanh Hóa
1.6.M,Tỷ lệ hộ nghèo/số hộ nghèo dân tộc thiểu số theo chuẩn nghèo đa chiều giai đoạn 2022-2025,count_households,2022,32173,new_34,38,Thanh Hóa
1.6.M,Tỷ lệ hộ nghèo/số hộ nghèo dân tộc thiểu số theo chuẩn nghèo đa chiều giai đoạn 2022-2025,count_households,2023,23541,new_34,38,Thanh Hóa
1.6.M,Tỷ lệ hộ nghèo/số hộ nghèo dân tộc thiểu số theo chuẩn nghèo đa chiều giai đoạn 2022-2025,count_households,2024,13672,new_34,38,Thanh Hóa
1.6.M,Tỷ lệ hộ nghèo/số hộ nghèo dân tộc thiểu số theo chuẩn nghèo đa chiều giai đoạn 2022-2025,rate_percent,2021,38.5761027,new_34,40,Nghệ An
1.6.M,Tỷ lệ hộ nghèo/số hộ nghèo dân tộc thiểu số theo chuẩn nghèo đa chiều giai đoạn 2022-2025,rate_percent,2022,34.03073744,new_34,40,Nghệ An
1.6.M,Tỷ lệ hộ nghèo/số hộ nghèo dân tộc thiểu số theo chuẩn nghèo đa chiều giai đoạn 2022-2025,rate_percent,2023,29.15141102,new_34,40,Nghệ An
1.6.M,Tỷ lệ hộ nghèo/số hộ nghèo dân tộc thiểu số theo chuẩn nghèo đa chiều giai đoạn 2022-2025,rate_percent,2024,24.91710466,new_34,40,Nghệ An
1.6.M,Tỷ lệ hộ nghèo/số hộ nghèo dân tộc thiểu số theo chuẩn nghèo đa chiều giai đoạn 2022-2025,count_households,2021,43152,new_34,40,Nghệ An
1.6.M,Tỷ lệ hộ nghèo/số hộ nghèo dân tộc thiểu số theo chuẩn nghèo đa chiều giai đoạn 2022-2025,count_households,2022,39525,new_34,40,Nghệ An
1.6.M,Tỷ lệ hộ nghèo/số hộ nghèo dân tộc thiểu số theo chuẩn nghèo đa chiều giai đoạn 2022-2025,count_households,2023,32405,new_34,40,Nghệ An
1.6.M,Tỷ lệ hộ nghèo/số hộ nghèo dân tộc thiểu số theo chuẩn nghèo đa chiều giai đoạn 2022-2025,count_households,2024,28255,new_34,40,Nghệ An
1.6.M,Tỷ lệ hộ nghèo/số hộ nghèo dân tộc thiểu số theo chuẩn nghèo đa chiều giai đoạn 2022-2025,rate_percent,2021,10.89108911,new_34,42,Hà Tĩnh
1.6.M,Tỷ lệ hộ nghèo/số hộ nghèo dân tộc thiểu số theo chuẩn nghèo đa chiều giai đoạn 2022-2025,rate_percent,2022,7.401315789,new_34,42,Hà Tĩnh
1.6.M,Tỷ lệ hộ nghèo/số hộ nghèo dân tộc thiểu số theo chuẩn nghèo đa chiều giai đoạn 2022-2025,rate_percent,2023,7.012622721,new_34,42,Hà Tĩnh
1.6.M,Tỷ lệ hộ nghèo/số hộ nghèo dân tộc thiểu số theo chuẩn nghèo đa chiều giai đoạn 2022-2025,rate_percent,2024,6.275579809,new_34,42,Hà Tĩnh
1.6.M,Tỷ lệ hộ nghèo/số hộ nghèo dân tộc thiểu số theo chuẩn nghèo đa chiều giai đoạn 2022-2025,count_households,2021,77,new_34,42,Hà Tĩnh
1.6.M,Tỷ lệ hộ nghèo/số hộ nghèo dân tộc thiểu số theo chuẩn nghèo đa chiều giai đoạn 2022-2025,count_households,2022,45,new_34,42,Hà Tĩnh
1.6.M,Tỷ lệ hộ nghèo/số hộ nghèo dân tộc thiểu số theo chuẩn nghèo đa chiều giai đoạn 2022-2025,count_households,2023,50,new_34,42,Hà Tĩnh
1.6.M,Tỷ lệ hộ nghèo/số hộ nghèo dân tộc thiểu số theo chuẩn nghèo đa chiều giai đoạn 2022-2025,count_households,2024,46,new_34,42,Hà Tĩnh
1.6.M,Tỷ lệ hộ nghèo/số hộ nghèo dân tộc thiểu số theo chuẩn nghèo đa chiều giai đoạn 2022-2025,rate_percent,2021,64.75469272,new_34,44,Quảng Trị
1.6.M,Tỷ lệ hộ nghèo/số hộ nghèo dân tộc thiểu số theo chuẩn nghèo đa chiều giai đoạn 2022-2025,rate_percent,2022,55.68335425,new_34,44,Quảng Trị
1.6.M,Tỷ lệ hộ nghèo/số hộ nghèo dân tộc thiểu số theo chuẩn nghèo đa chiều giai đoạn 2022-2025,rate_percent,2023,46.52871748,new_34,44,Quảng Trị
1.6.M,Tỷ lệ hộ nghèo/số hộ nghèo dân tộc thiểu số theo chuẩn nghèo đa chiều giai đoạn 2022-2025,rate_percent,2024,39.49949939,new_34,44,Quảng Trị
1.6.M,Tỷ lệ hộ nghèo/số hộ nghèo dân tộc thiểu số theo chuẩn nghèo đa chiều giai đoạn 2022-2025,count_households,2021,17333,new_34,44,Quảng Trị
1.6.M,Tỷ lệ hộ nghèo/số hộ nghèo dân tộc thiểu số theo chuẩn nghèo đa chiều giai đoạn 2022-2025,count_households,2022,15429,new_34,44,Quảng Trị
1.6.M,Tỷ lệ hộ nghèo/số hộ nghèo dân tộc thiểu số theo chuẩn nghèo đa chiều giai đoạn 2022-2025,count_households,2023,13373,new_34,44,Quảng Trị
1.6.M,Tỷ lệ hộ nghèo/số hộ nghèo dân tộc thiểu số theo chuẩn nghèo đa chiều giai đoạn 2022-2025,count_households,2024,11235,new_34,44,Quảng Trị
1.6.M,Tỷ lệ hộ nghèo/số hộ nghèo dân tộc thiểu số theo chuẩn nghèo đa chiều giai đoạn 2022-2025,rate_percent,2021,76.95754214,new_34,46,Huế
1.6.M,Tỷ lệ hộ nghèo/số hộ nghèo dân tộc thiểu số theo chuẩn nghèo đa chiều giai đoạn 2022-2025,rate_percent,2022,28.14500417,new_34,46,Huế
1.6.M,Tỷ lệ hộ nghèo/số hộ nghèo dân tộc thiểu số theo chuẩn nghèo đa chiều giai đoạn 2022-2025,rate_percent,2023,24.13977417,new_34,46,Huế
1.6.M,Tỷ lệ hộ nghèo/số hộ nghèo dân tộc thiểu số theo chuẩn nghèo đa chiều giai đoạn 2022-2025,rate_percent,2024,13.23125997,new_34,46,Huế
1.6.M,Tỷ lệ hộ nghèo/số hộ nghèo dân tộc thiểu số theo chuẩn nghèo đa chiều giai đoạn 2022-2025,count_households,2021,7214,new_34,46,Huế
1.6.M,Tỷ lệ hộ nghèo/số hộ nghèo dân tộc thiểu số theo chuẩn nghèo đa chiều giai đoạn 2022-2025,count_households,2022,4045,new_34,46,Huế
1.6.M,Tỷ lệ hộ nghèo/số hộ nghèo dân tộc thiểu số theo chuẩn nghèo đa chiều giai đoạn 2022-2025,count_households,2023,3613,new_34,46,Huế
1.6.M,Tỷ lệ hộ nghèo/số hộ nghèo dân tộc thiểu số theo chuẩn nghèo đa chiều giai đoạn 2022-2025,count_households,2024,2074,new_34,46,Huế
1.6.M,Tỷ lệ hộ nghèo/số hộ nghèo dân tộc thiểu số theo chuẩn nghèo đa chiều giai đoạn 2022-2025,rate_percent,2021,33.3407753,new_34,48,Đà Nẵng
1.6.M,Tỷ lệ hộ nghèo/số hộ nghèo dân tộc thiểu số theo chuẩn nghèo đa chiều giai đoạn 2022-2025,rate_percent,2022,27.99227615,new_34,48,Đà Nẵng
1.6.M,Tỷ lệ hộ nghèo/số hộ nghèo dân tộc thiểu số theo chuẩn nghèo đa chiều giai đoạn 2022-2025,rate_percent,2023,22.83440283,new_34,48,Đà Nẵng
1.6.M,Tỷ lệ hộ nghèo/số hộ nghèo dân tộc thiểu số theo chuẩn nghèo đa chiều giai đoạn 2022-2025,rate_percent,2024,17.72324521,new_34,48,Đà Nẵng
1.6.M,Tỷ lệ hộ nghèo/số hộ nghèo dân tộc thiểu số theo chuẩn nghèo đa chiều giai đoạn 2022-2025,count_households,2021,23068,new_34,48,Đà Nẵng
1.6.M,Tỷ lệ hộ nghèo/số hộ nghèo dân tộc thiểu số theo chuẩn nghèo đa chiều giai đoạn 2022-2025,count_households,2022,20116,new_34,48,Đà Nẵng
1.6.M,Tỷ lệ hộ nghèo/số hộ nghèo dân tộc thiểu số theo chuẩn nghèo đa chiều giai đoạn 2022-2025,count_households,2023,16823,new_34,48,Đà Nẵng
1.6.M,Tỷ lệ hộ nghèo/số hộ nghèo dân tộc thiểu số theo chuẩn nghèo đa chiều giai đoạn 2022-2025,count_households,2024,13338,new_34,48,Đà Nẵng
1.6.M,Tỷ lệ hộ nghèo/số hộ nghèo dân tộc thiểu số theo chuẩn nghèo đa chiều giai đoạn 2022-2025,rate_percent,2021,34.58299351,new_34,51,Quảng Ngãi
1.6.M,Tỷ lệ hộ nghèo/số hộ nghèo dân tộc thiểu số theo chuẩn nghèo đa chiều giai đoạn 2022-2025,rate_percent,2022,27.67537501,new_34,51,Quảng Ngãi
1.6.M,Tỷ lệ hộ nghèo/số hộ nghèo dân tộc thiểu số theo chuẩn nghèo đa chiều giai đoạn 2022-2025,rate_percent,2023,20.10271328,new_34,51,Quảng Ngãi
1.6.M,Tỷ lệ hộ nghèo/số hộ nghèo dân tộc thiểu số theo chuẩn nghèo đa chiều giai đoạn 2022-2025,rate_percent,2024,13.47701608,new_34,51,Quảng Ngãi
1.6.M,Tỷ lệ hộ nghèo/số hộ nghèo dân tộc thiểu số theo chuẩn nghèo đa chiều giai đoạn 2022-2025,count_households,2021,42850,new_34,51,Quảng Ngãi
1.6.M,Tỷ lệ hộ nghèo/số hộ nghèo dân tộc thiểu số theo chuẩn nghèo đa chiều giai đoạn 2022-2025,count_households,2022,34121,new_34,51,Quảng Ngãi
1.6.M,Tỷ lệ hộ nghèo/số hộ nghèo dân tộc thiểu số theo chuẩn nghèo đa chiều giai đoạn 2022-2025,count_households,2023,25022,new_34,51,Quảng Ngãi
1.6.M,Tỷ lệ hộ nghèo/số hộ nghèo dân tộc thiểu số theo chuẩn nghèo đa chiều giai đoạn 2022-2025,count_households,2024,16598,new_34,51,Quảng Ngãi
1.6.M,Tỷ lệ hộ nghèo/số hộ nghèo dân tộc thiểu số theo chuẩn nghèo đa chiều giai đoạn 2022-2025,rate_percent,2021,35.77632731,new_34,56,Khánh Hòa
1.6.M,Tỷ lệ hộ nghèo/số hộ nghèo dân tộc thiểu số theo chuẩn nghèo đa chiều giai đoạn 2022-2025,rate_percent,2022,29.3912718,new_34,56,Khánh Hòa
1.6.M,Tỷ lệ hộ nghèo/số hộ nghèo dân tộc thiểu số theo chuẩn nghèo đa chiều giai đoạn 2022-2025,rate_percent,2023,20.7123351,new_34,56,Khánh Hòa
1.6.M,Tỷ lệ hộ nghèo/số hộ nghèo dân tộc thiểu số theo chuẩn nghèo đa chiều giai đoạn 2022-2025,rate_percent,2024,12.20757657,new_34,56,Khánh Hòa
1.6.M,Tỷ lệ hộ nghèo/số hộ nghèo dân tộc thiểu số theo chuẩn nghèo đa chiều giai đoạn 2022-2025,count_households,2021,17635,new_34,56,Khánh Hòa
1.6.M,Tỷ lệ hộ nghèo/số hộ nghèo dân tộc thiểu số theo chuẩn nghèo đa chiều giai đoạn 2022-2025,count_households,2022,14724,new_34,56,Khánh Hòa
1.6.M,Tỷ lệ hộ nghèo/số hộ nghèo dân tộc thiểu số theo chuẩn nghèo đa chiều giai đoạn 2022-2025,count_households,2023,10606,new_34,56,Khánh Hòa
1.6.M,Tỷ lệ hộ nghèo/số hộ nghèo dân tộc thiểu số theo chuẩn nghèo đa chiều giai đoạn 2022-2025,count_households,2024,6433,new_34,56,Khánh Hòa
1.6.M,Tỷ lệ hộ nghèo/số hộ nghèo dân tộc thiểu số theo chuẩn nghèo đa chiều giai đoạn 2022-2025,rate_percent,2021,43.11075755,new_34,52,Gia Lai
1.6.M,Tỷ lệ hộ nghèo/số hộ nghèo dân tộc thiểu số theo chuẩn nghèo đa chiều giai đoạn 2022-2025,rate_percent,2022,38.95533048,new_34,52,Gia Lai
1.6.M,Tỷ lệ hộ nghèo/số hộ nghèo dân tộc thiểu số theo chuẩn nghèo đa chiều giai đoạn 2022-2025,rate_percent,2023,28.63474237,new_34,52,Gia Lai
1.6.M,Tỷ lệ hộ nghèo/số hộ nghèo dân tộc thiểu số theo chuẩn nghèo đa chiều giai đoạn 2022-2025,rate_percent,2024,15.02478556,new_34,52,Gia Lai
1.6.M,Tỷ lệ hộ nghèo/số hộ nghèo dân tộc thiểu số theo chuẩn nghèo đa chiều giai đoạn 2022-2025,count_households,2021,47607,new_34,52,Gia Lai
1.6.M,Tỷ lệ hộ nghèo/số hộ nghèo dân tộc thiểu số theo chuẩn nghèo đa chiều giai đoạn 2022-2025,count_households,2022,41018,new_34,52,Gia Lai
1.6.M,Tỷ lệ hộ nghèo/số hộ nghèo dân tộc thiểu số theo chuẩn nghèo đa chiều giai đoạn 2022-2025,count_households,2023,32777,new_34,52,Gia Lai
1.6.M,Tỷ lệ hộ nghèo/số hộ nghèo dân tộc thiểu số theo chuẩn nghèo đa chiều giai đoạn 2022-2025,count_households,2024,23262,new_34,52,Gia Lai
1.6.M,Tỷ lệ hộ nghèo/số hộ nghèo dân tộc thiểu số theo chuẩn nghèo đa chiều giai đoạn 2022-2025,rate_percent,2021,30.97665781,new_34,66,Đắk Lắk
1.6.M,Tỷ lệ hộ nghèo/số hộ nghèo dân tộc thiểu số theo chuẩn nghèo đa chiều giai đoạn 2022-2025,rate_percent,2022,25.83122995,new_34,66,Đắk Lắk
1.6.M,Tỷ lệ hộ nghèo/số hộ nghèo dân tộc thiểu số theo chuẩn nghèo đa chiều giai đoạn 2022-2025,rate_percent,2023,21.97746946,new_34,66,Đắk Lắk
1.6.M,Tỷ lệ hộ nghèo/số hộ nghèo dân tộc thiểu số theo chuẩn nghèo đa chiều giai đoạn 2022-2025,rate_percent,2024,15.87039114,new_34,66,Đắk Lắk
1.6.M,Tỷ lệ hộ nghèo/số hộ nghèo dân tộc thiểu số theo chuẩn nghèo đa chiều giai đoạn 2022-2025,count_households,2021,46897,new_34,66,Đắk Lắk
1.6.M,Tỷ lệ hộ nghèo/số hộ nghèo dân tộc thiểu số theo chuẩn nghèo đa chiều giai đoạn 2022-2025,count_households,2022,40550,new_34,66,Đắk Lắk
1.6.M,Tỷ lệ hộ nghèo/số hộ nghèo dân tộc thiểu số theo chuẩn nghèo đa chiều giai đoạn 2022-2025,count_households,2023,34857,new_34,66,Đắk Lắk
1.6.M,Tỷ lệ hộ nghèo/số hộ nghèo dân tộc thiểu số theo chuẩn nghèo đa chiều giai đoạn 2022-2025,count_households,2024,27079,new_34,66,Đắk Lắk
1.6.M,Tỷ lệ hộ nghèo/số hộ nghèo dân tộc thiểu số theo chuẩn nghèo đa chiều giai đoạn 2022-2025,rate_percent,2021,15.62772765,new_34,68,Lâm Đồng
1.6.M,Tỷ lệ hộ nghèo/số hộ nghèo dân tộc thiểu số theo chuẩn nghèo đa chiều giai đoạn 2022-2025,rate_percent,2022,12.1795329,new_34,68,Lâm Đồng
1.6.M,Tỷ lệ hộ nghèo/số hộ nghèo dân tộc thiểu số theo chuẩn nghèo đa chiều giai đoạn 2022-2025,rate_percent,2023,8.072337253,new_34,68,Lâm Đồng
1.6.M,Tỷ lệ hộ nghèo/số hộ nghèo dân tộc thiểu số theo chuẩn nghèo đa chiều giai đoạn 2022-2025,rate_percent,2024,5.022954988,new_34,68,Lâm Đồng
1.6.M,Tỷ lệ hộ nghèo/số hộ nghèo dân tộc thiểu số theo chuẩn nghèo đa chiều giai đoạn 2022-2025,count_households,2021,20734,new_34,68,Lâm Đồng
1.6.M,Tỷ lệ hộ nghèo/số hộ nghèo dân tộc thiểu số theo chuẩn nghèo đa chiều giai đoạn 2022-2025,count_households,2022,16939,new_34,68,Lâm Đồng
1.6.M,Tỷ lệ hộ nghèo/số hộ nghèo dân tộc thiểu số theo chuẩn nghèo đa chiều giai đoạn 2022-2025,count_households,2023,11098,new_34,68,Lâm Đồng
1.6.M,Tỷ lệ hộ nghèo/số hộ nghèo dân tộc thiểu số theo chuẩn nghèo đa chiều giai đoạn 2022-2025,count_households,2024,6752,new_34,68,Lâm Đồng
1.6.M,Tỷ lệ hộ nghèo/số hộ nghèo dân tộc thiểu số theo chuẩn nghèo đa chiều giai đoạn 2022-2025,rate_percent,2021,25.65851364,new_34,80,Tây Ninh
1.6.M,Tỷ lệ hộ nghèo/số hộ nghèo dân tộc thiểu số theo chuẩn nghèo đa chiều giai đoạn 2022-2025,rate_percent,2022,11.36157025,new_34,80,Tây Ninh
1.6.M,Tỷ lệ hộ nghèo/số hộ nghèo dân tộc thiểu số theo chuẩn nghèo đa chiều giai đoạn 2022-2025,rate_percent,2023,4.910714286,new_34,80,Tây Ninh
1.6.M,Tỷ lệ hộ nghèo/số hộ nghèo dân tộc thiểu số theo chuẩn nghèo đa chiều giai đoạn 2022-2025,rate_percent,2024,3.340838867,new_34,80,Tây Ninh
1.6.M,Tỷ lệ hộ nghèo/số hộ nghèo dân tộc thiểu số theo chuẩn nghèo đa chiều giai đoạn 2022-2025,count_households,2021,99,new_34,80,Tây Ninh
1.6.M,Tỷ lệ hộ nghèo/số hộ nghèo dân tộc thiểu số theo chuẩn nghèo đa chiều giai đoạn 2022-2025,count_households,2022,50,new_34,80,Tây Ninh
1.6.M,Tỷ lệ hộ nghèo/số hộ nghèo dân tộc thiểu số theo chuẩn nghèo đa chiều giai đoạn 2022-2025,count_households,2023,11,new_34,80,Tây Ninh
1.6.M,Tỷ lệ hộ nghèo/số hộ nghèo dân tộc thiểu số theo chuẩn nghèo đa chiều giai đoạn 2022-2025,count_households,2024,20,new_34,80,Tây Ninh
1.6.M,Tỷ lệ hộ nghèo/số hộ nghèo dân tộc thiểu số theo chuẩn nghèo đa chiều giai đoạn 2022-2025,rate_percent,2021,3.955425287,new_34,75,Đồng Nai
1.6.M,Tỷ lệ hộ nghèo/số hộ nghèo dân tộc thiểu số theo chuẩn nghèo đa chiều giai đoạn 2022-2025,rate_percent,2022,2.723512624,new_34,75,Đồng Nai
1.6.M,Tỷ lệ hộ nghèo/số hộ nghèo dân tộc thiểu số theo chuẩn nghèo đa chiều giai đoạn 2022-2025,rate_percent,2023,1.024562317,new_34,75,Đồng Nai
1.6.M,Tỷ lệ hộ nghèo/số hộ nghèo dân tộc thiểu số theo chuẩn nghèo đa chiều giai đoạn 2022-2025,rate_percent,2024,0.608196356,new_34,75,Đồng Nai
1.6.M,Tỷ lệ hộ nghèo/số hộ nghèo dân tộc thiểu số theo chuẩn nghèo đa chiều giai đoạn 2022-2025,count_households,2021,3531,new_34,75,Đồng Nai
1.6.M,Tỷ lệ hộ nghèo/số hộ nghèo dân tộc thiểu số theo chuẩn nghèo đa chiều giai đoạn 2022-2025,count_households,2022,2127,new_34,75,Đồng Nai
1.6.M,Tỷ lệ hộ nghèo/số hộ nghèo dân tộc thiểu số theo chuẩn nghèo đa chiều giai đoạn 2022-2025,count_households,2023,895,new_34,75,Đồng Nai
1.6.M,Tỷ lệ hộ nghèo/số hộ nghèo dân tộc thiểu số theo chuẩn nghèo đa chiều giai đoạn 2022-2025,count_households,2024,529,new_34,75,Đồng Nai
1.6.M,Tỷ lệ hộ nghèo/số hộ nghèo dân tộc thiểu số theo chuẩn nghèo đa chiều giai đoạn 2022-2025,rate_percent,2021,0.370990905,new_34,79,TP. Hồ Chí Minh
1.6.M,Tỷ lệ hộ nghèo/số hộ nghèo dân tộc thiểu số theo chuẩn nghèo đa chiều giai đoạn 2022-2025,rate_percent,2022,0,new_34,79,TP. Hồ Chí Minh
1.6.M,Tỷ lệ hộ nghèo/số hộ nghèo dân tộc thiểu số theo chuẩn nghèo đa chiều giai đoạn 2022-2025,rate_percent,2023,0,new_34,79,TP. Hồ Chí Minh
1.6.M,Tỷ lệ hộ nghèo/số hộ nghèo dân tộc thiểu số theo chuẩn nghèo đa chiều giai đoạn 2022-2025,rate_percent,2024,0.262381109,new_34,79,TP. Hồ Chí Minh
1.6.M,Tỷ lệ hộ nghèo/số hộ nghèo dân tộc thiểu số theo chuẩn nghèo đa chiều giai đoạn 2022-2025,count_households,2021,93,new_34,79,TP. Hồ Chí Minh
1.6.M,Tỷ lệ hộ nghèo/số hộ nghèo dân tộc thiểu số theo chuẩn nghèo đa chiều giai đoạn 2022-2025,count_households,2022,0,new_34,79,TP. Hồ Chí Minh
1.6.M,Tỷ lệ hộ nghèo/số hộ nghèo dân tộc thiểu số theo chuẩn nghèo đa chiều giai đoạn 2022-2025,count_households,2023,27,new_34,79,TP. Hồ Chí Minh
1.6.M,Tỷ lệ hộ nghèo/số hộ nghèo dân tộc thiểu số theo chuẩn nghèo đa chiều giai đoạn 2022-2025,count_households,2024,24,new_34,79,TP. Hồ Chí Minh
1.6.M,Tỷ lệ hộ nghèo/số hộ nghèo dân tộc thiểu số theo chuẩn nghèo đa chiều giai đoạn 2022-2025,rate_percent,2021,11.36639926,new_34,86,Vĩnh Long
1.6.M,Tỷ lệ hộ nghèo/số hộ nghèo dân tộc thiểu số theo chuẩn nghèo đa chiều giai đoạn 2022-2025,rate_percent,2022,8.131627471,new_34,86,Vĩnh Long
1.6.M,Tỷ lệ hộ nghèo/số hộ nghèo dân tộc thiểu số theo chuẩn nghèo đa chiều giai đoạn 2022-2025,rate_percent,2023,6.537894084,new_34,86,Vĩnh Long
1.6.M,Tỷ lệ hộ nghèo/số hộ nghèo dân tộc thiểu số theo chuẩn nghèo đa chiều giai đoạn 2022-2025,rate_percent,2024,3.439469388,new_34,86,Vĩnh Long
1.6.M,Tỷ lệ hộ nghèo/số hộ nghèo dân tộc thiểu số theo chuẩn nghèo đa chiều giai đoạn 2022-2025,count_households,2021,7467,new_34,86,Vĩnh Long
1.6.M,Tỷ lệ hộ nghèo/số hộ nghèo dân tộc thiểu số theo chuẩn nghèo đa chiều giai đoạn 2022-2025,count_households,2022,3870,new_34,86,Vĩnh Long
1.6.M,Tỷ lệ hộ nghèo/số hộ nghèo dân tộc thiểu số theo chuẩn nghèo đa chiều giai đoạn 2022-2025,count_households,2023,2149,new_34,86,Vĩnh Long
1.6.M,Tỷ lệ hộ nghèo/số hộ nghèo dân tộc thiểu số theo chuẩn nghèo đa chiều giai đoạn 2022-2025,count_households,2024,1433,new_34,86,Vĩnh Long
1.6.M,Tỷ lệ hộ nghèo/số hộ nghèo dân tộc thiểu số theo chuẩn nghèo đa chiều giai đoạn 2022-2025,rate_percent,2021,30.81761006,new_34,82,Đồng Tháp
1.6.M,Tỷ lệ hộ nghèo/số hộ nghèo dân tộc thiểu số theo chuẩn nghèo đa chiều giai đoạn 2022-2025,rate_percent,2022,27.48427673,new_34,82,Đồng Tháp
1.6.M,Tỷ lệ hộ nghèo/số hộ nghèo dân tộc thiểu số theo chuẩn nghèo đa chiều giai đoạn 2022-2025,rate_percent,2023,12.71186441,new_34,82,Đồng Tháp
1.6.M,Tỷ lệ hộ nghèo/số hộ nghèo dân tộc thiểu số theo chuẩn nghèo đa chiều giai đoạn 2022-2025,rate_percent,2024,15,new_34,82,Đồng Tháp
1.6.M,Tỷ lệ hộ nghèo/số hộ nghèo dân tộc thiểu số theo chuẩn nghèo đa chiều giai đoạn 2022-2025,count_households,2021,30,new_34,82,Đồng Tháp
1.6.M,Tỷ lệ hộ nghèo/số hộ nghèo dân tộc thiểu số theo chuẩn nghèo đa chiều giai đoạn 2022-2025,count_households,2022,27,new_34,82,Đồng Tháp
1.6.M,Tỷ lệ hộ nghèo/số hộ nghèo dân tộc thiểu số theo chuẩn nghèo đa chiều giai đoạn 2022-2025,count_households,2023,15,new_34,82,Đồng Tháp
1.6.M,Tỷ lệ hộ nghèo/số hộ nghèo dân tộc thiểu số theo chuẩn nghèo đa chiều giai đoạn 2022-2025,count_households,2024,15,new_34,82,Đồng Tháp
1.6.M,Tỷ lệ hộ nghèo/số hộ nghèo dân tộc thiểu số theo chuẩn nghèo đa chiều giai đoạn 2022-2025,rate_percent,2021,9.770710166,new_34,91,An Giang
1.6.M,Tỷ lệ hộ nghèo/số hộ nghèo dân tộc thiểu số theo chuẩn nghèo đa chiều giai đoạn 2022-2025,rate_percent,2022,7.691959549,new_34,91,An Giang
1.6.M,Tỷ lệ hộ nghèo/số hộ nghèo dân tộc thiểu số theo chuẩn nghèo đa chiều giai đoạn 2022-2025,rate_percent,2023,5.543942324,new_34,91,An Giang
1.6.M,Tỷ lệ hộ nghèo/số hộ nghèo dân tộc thiểu số theo chuẩn nghèo đa chiều giai đoạn 2022-2025,rate_percent,2024,3.740072051,new_34,91,An Giang
1.6.M,Tỷ lệ hộ nghèo/số hộ nghèo dân tộc thiểu số theo chuẩn nghèo đa chiều giai đoạn 2022-2025,count_households,2021,7305,new_34,91,An Giang
1.6.M,Tỷ lệ hộ nghèo/số hộ nghèo dân tộc thiểu số theo chuẩn nghèo đa chiều giai đoạn 2022-2025,count_households,2022,5713,new_34,91,An Giang
1.6.M,Tỷ lệ hộ nghèo/số hộ nghèo dân tộc thiểu số theo chuẩn nghèo đa chiều giai đoạn 2022-2025,count_households,2023,4034,new_34,91,An Giang
1.6.M,Tỷ lệ hộ nghèo/số hộ nghèo dân tộc thiểu số theo chuẩn nghèo đa chiều giai đoạn 2022-2025,count_households,2024,2869,new_34,91,An Giang
1.6.M,Tỷ lệ hộ nghèo/số hộ nghèo dân tộc thiểu số theo chuẩn nghèo đa chiều giai đoạn 2022-2025,rate_percent,2021,9.25464843,new_34,92,Cần Thơ
1.6.M,Tỷ lệ hộ nghèo/số hộ nghèo dân tộc thiểu số theo chuẩn nghèo đa chiều giai đoạn 2022-2025,rate_percent,2022,6.883076135,new_34,92,Cần Thơ
1.6.M,Tỷ lệ hộ nghèo/số hộ nghèo dân tộc thiểu số theo chuẩn nghèo đa chiều giai đoạn 2022-2025,rate_percent,2023,5.504037234,new_34,92,Cần Thơ
1.6.M,Tỷ lệ hộ nghèo/số hộ nghèo dân tộc thiểu số theo chuẩn nghèo đa chiều giai đoạn 2022-2025,rate_percent,2024,2.686660556,new_34,92,Cần Thơ
1.6.M,Tỷ lệ hộ nghèo/số hộ nghèo dân tộc thiểu số theo chuẩn nghèo đa chiều giai đoạn 2022-2025,count_households,2021,12155,new_34,92,Cần Thơ
1.6.M,Tỷ lệ hộ nghèo/số hộ nghèo dân tộc thiểu số theo chuẩn nghèo đa chiều giai đoạn 2022-2025,count_households,2022,8712,new_34,92,Cần Thơ
1.6.M,Tỷ lệ hộ nghèo/số hộ nghèo dân tộc thiểu số theo chuẩn nghèo đa chiều giai đoạn 2022-2025,count_households,2023,5118,new_34,92,Cần Thơ
1.6.M,Tỷ lệ hộ nghèo/số hộ nghèo dân tộc thiểu số theo chuẩn nghèo đa chiều giai đoạn 2022-2025,count_households,2024,2538,new_34,92,Cần Thơ
1.6.M,Tỷ lệ hộ nghèo/số hộ nghèo dân tộc thiểu số theo chuẩn nghèo đa chiều giai đoạn 2022-2025,rate_percent,2021,10.84295368,new_34,96,Cà Mau
1.6.M,Tỷ lệ hộ nghèo/số hộ nghèo dân tộc thiểu số theo chuẩn nghèo đa chiều giai đoạn 2022-2025,rate_percent,2022,8.061222929,new_34,96,Cà Mau
1.6.M,Tỷ lệ hộ nghèo/số hộ nghèo dân tộc thiểu số theo chuẩn nghèo đa chiều giai đoạn 2022-2025,rate_percent,2023,5.27439814,new_34,96,Cà Mau
1.6.M,Tỷ lệ hộ nghèo/số hộ nghèo dân tộc thiểu số theo chuẩn nghèo đa chiều giai đoạn 2022-2025,rate_percent,2024,2.710090368,new_34,96,Cà Mau
1.6.M,Tỷ lệ hộ nghèo/số hộ nghèo dân tộc thiểu số theo chuẩn nghèo đa chiều giai đoạn 2022-2025,count_households,2021,3616,new_34,96,Cà Mau
1.6.M,Tỷ lệ hộ nghèo/số hộ nghèo dân tộc thiểu số theo chuẩn nghèo đa chiều giai đoạn 2022-2025,count_households,2022,2666,new_34,96,Cà Mau
1.6.M,Tỷ lệ hộ nghèo/số hộ nghèo dân tộc thiểu số theo chuẩn nghèo đa chiều giai đoạn 2022-2025,count_households,2023,1521,new_34,96,Cà Mau
1.6.M,Tỷ lệ hộ nghèo/số hộ nghèo dân tộc thiểu số theo chuẩn nghèo đa chiều giai đoạn 2022-2025,count_households,2024,721,new_34,96,Cà Mau
1.7,Tỷ lệ hộ cận nghèo/số hộ cận nghèo dân tộc thiểu số theo chuẩn nghèo đa chiều giai đoạn 2022-2026,rate_percent,2021,14.70580963,old_63,2,Hà Giang
1.7,Tỷ lệ hộ cận nghèo/số hộ cận nghèo dân tộc thiểu số theo chuẩn nghèo đa chiều giai đoạn 2022-2026,rate_percent,2022,14.66904639,old_63,2,Hà Giang
1.7,Tỷ lệ hộ cận nghèo/số hộ cận nghèo dân tộc thiểu số theo chuẩn nghèo đa chiều giai đoạn 2022-2026,rate_percent,2023,13.14629552,old_63,2,Hà Giang
1.7,Tỷ lệ hộ cận nghèo/số hộ cận nghèo dân tộc thiểu số theo chuẩn nghèo đa chiều giai đoạn 2022-2026,rate_percent,2024,11.61631011,old_63,2,Hà Giang
1.7,Tỷ lệ hộ cận nghèo/số hộ cận nghèo dân tộc thiểu số theo chuẩn nghèo đa chiều giai đoạn 2022-2026,count_households,2021,23789,old_63,2,Hà Giang
1.7,Tỷ lệ hộ cận nghèo/số hộ cận nghèo dân tộc thiểu số theo chuẩn nghèo đa chiều giai đoạn 2022-2026,count_households,2022,23917,old_63,2,Hà Giang
1.7,Tỷ lệ hộ cận nghèo/số hộ cận nghèo dân tộc thiểu số theo chuẩn nghèo đa chiều giai đoạn 2022-2026,count_households,2023,21564,old_63,2,Hà Giang
1.7,Tỷ lệ hộ cận nghèo/số hộ cận nghèo dân tộc thiểu số theo chuẩn nghèo đa chiều giai đoạn 2022-2026,count_households,2024,19754,old_63,2,Hà Giang
1.7,Tỷ lệ hộ cận nghèo/số hộ cận nghèo dân tộc thiểu số theo chuẩn nghèo đa chiều giai đoạn 2022-2026,rate_percent,2021,11.51687969,old_63,8,Tuyên Quang
1.7,Tỷ lệ hộ cận nghèo/số hộ cận nghèo dân tộc thiểu số theo chuẩn nghèo đa chiều giai đoạn 2022-2026,rate_percent,2022,10.98251169,old_63,8,Tuyên Quang
1.7,Tỷ lệ hộ cận nghèo/số hộ cận nghèo dân tộc thiểu số theo chuẩn nghèo đa chiều giai đoạn 2022-2026,rate_percent,2023,9.67652874,old_63,8,Tuyên Quang
1.7,Tỷ lệ hộ cận nghèo/số hộ cận nghèo dân tộc thiểu số theo chuẩn nghèo đa chiều giai đoạn 2022-2026,rate_percent,2024,8.036810358,old_63,8,Tuyên Quang
1.7,Tỷ lệ hộ cận nghèo/số hộ cận nghèo dân tộc thiểu số theo chuẩn nghèo đa chiều giai đoạn 2022-2026,count_households,2021,12561,old_63,8,Tuyên Quang
1.7,Tỷ lệ hộ cận nghèo/số hộ cận nghèo dân tộc thiểu số theo chuẩn nghèo đa chiều giai đoạn 2022-2026,count_households,2022,12070,old_63,8,Tuyên Quang
1.7,Tỷ lệ hộ cận nghèo/số hộ cận nghèo dân tộc thiểu số theo chuẩn nghèo đa chiều giai đoạn 2022-2026,count_households,2023,10865,old_63,8,Tuyên Quang
1.7,Tỷ lệ hộ cận nghèo/số hộ cận nghèo dân tộc thiểu số theo chuẩn nghèo đa chiều giai đoạn 2022-2026,count_households,2024,9100,old_63,8,Tuyên Quang
1.7,Tỷ lệ hộ cận nghèo/số hộ cận nghèo dân tộc thiểu số theo chuẩn nghèo đa chiều giai đoạn 2022-2026,rate_percent,2021,13.72631138,old_63,4,Cao Bằng
1.7,Tỷ lệ hộ cận nghèo/số hộ cận nghèo dân tộc thiểu số theo chuẩn nghèo đa chiều giai đoạn 2022-2026,rate_percent,2022,15.15625749,old_63,4,Cao Bằng
1.7,Tỷ lệ hộ cận nghèo/số hộ cận nghèo dân tộc thiểu số theo chuẩn nghèo đa chiều giai đoạn 2022-2026,rate_percent,2023,15.74043661,old_63,4,Cao Bằng
1.7,Tỷ lệ hộ cận nghèo/số hộ cận nghèo dân tộc thiểu số theo chuẩn nghèo đa chiều giai đoạn 2022-2026,rate_percent,2024,15.64500354,old_63,4,Cao Bằng
1.7,Tỷ lệ hộ cận nghèo/số hộ cận nghèo dân tộc thiểu số theo chuẩn nghèo đa chiều giai đoạn 2022-2026,count_households,2021,17043,old_63,4,Cao Bằng
1.7,Tỷ lệ hộ cận nghèo/số hộ cận nghèo dân tộc thiểu số theo chuẩn nghèo đa chiều giai đoạn 2022-2026,count_households,2022,18982,old_63,4,Cao Bằng
1.7,Tỷ lệ hộ cận nghèo/số hộ cận nghèo dân tộc thiểu số theo chuẩn nghèo đa chiều giai đoạn 2022-2026,count_households,2023,19648,old_63,4,Cao Bằng
1.7,Tỷ lệ hộ cận nghèo/số hộ cận nghèo dân tộc thiểu số theo chuẩn nghèo đa chiều giai đoạn 2022-2026,count_households,2024,19675,old_63,4,Cao Bằng
1.7,Tỷ lệ hộ cận nghèo/số hộ cận nghèo dân tộc thiểu số theo chuẩn nghèo đa chiều giai đoạn 2022-2026,rate_percent,2021,13.82471399,old_63,20,Lạng Sơn
1.7,Tỷ lệ hộ cận nghèo/số hộ cận nghèo dân tộc thiểu số theo chuẩn nghèo đa chiều giai đoạn 2022-2026,rate_percent,2022,12.25770525,old_63,20,Lạng Sơn
1.7,Tỷ lệ hộ cận nghèo/số hộ cận nghèo dân tộc thiểu số theo chuẩn nghèo đa chiều giai đoạn 2022-2026,rate_percent,2023,10.62236753,old_63,20,Lạng Sơn
1.7,Tỷ lệ hộ cận nghèo/số hộ cận nghèo dân tộc thiểu số theo chuẩn nghèo đa chiều giai đoạn 2022-2026,rate_percent,2024,9.367133382,old_63,20,Lạng Sơn
1.7,Tỷ lệ hộ cận nghèo/số hộ cận nghèo dân tộc thiểu số theo chuẩn nghèo đa chiều giai đoạn 2022-2026,count_households,2021,22380,old_63,20,Lạng Sơn
1.7,Tỷ lệ hộ cận nghèo/số hộ cận nghèo dân tộc thiểu số theo chuẩn nghèo đa chiều giai đoạn 2022-2026,count_households,2022,19591,old_63,20,Lạng Sơn
1.7,Tỷ lệ hộ cận nghèo/số hộ cận nghèo dân tộc thiểu số theo chuẩn nghèo đa chiều giai đoạn 2022-2026,count_households,2023,17805,old_63,20,Lạng Sơn
1.7,Tỷ lệ hộ cận nghèo/số hộ cận nghèo dân tộc thiểu số theo chuẩn nghèo đa chiều giai đoạn 2022-2026,count_households,2024,15889,old_63,20,Lạng Sơn
1.7,Tỷ lệ hộ cận nghèo/số hộ cận nghèo dân tộc thiểu số theo chuẩn nghèo đa chiều giai đoạn 2022-2026,rate_percent,2021,12.58914518,old_63,10,Lào Cai
1.7,Tỷ lệ hộ cận nghèo/số hộ cận nghèo dân tộc thiểu số theo chuẩn nghèo đa chiều giai đoạn 2022-2026,rate_percent,2022,18.44965926,old_63,10,Lào Cai
1.7,Tỷ lệ hộ cận nghèo/số hộ cận nghèo dân tộc thiểu số theo chuẩn nghèo đa chiều giai đoạn 2022-2026,rate_percent,2023,17.38690234,old_63,10,Lào Cai
1.7,Tỷ lệ hộ cận nghèo/số hộ cận nghèo dân tộc thiểu số theo chuẩn nghèo đa chiều giai đoạn 2022-2026,rate_percent,2024,15.53109976,old_63,10,Lào Cai
1.7,Tỷ lệ hộ cận nghèo/số hộ cận nghèo dân tộc thiểu số theo chuẩn nghèo đa chiều giai đoạn 2022-2026,count_households,2021,12957,old_63,10,Lào Cai
1.7,Tỷ lệ hộ cận nghèo/số hộ cận nghèo dân tộc thiểu số theo chuẩn nghèo đa chiều giai đoạn 2022-2026,count_households,2022,18924,old_63,10,Lào Cai
1.7,Tỷ lệ hộ cận nghèo/số hộ cận nghèo dân tộc thiểu số theo chuẩn nghèo đa chiều giai đoạn 2022-2026,count_households,2023,18375,old_63,10,Lào Cai
1.7,Tỷ lệ hộ cận nghèo/số hộ cận nghèo dân tộc thiểu số theo chuẩn nghèo đa chiều giai đoạn 2022-2026,count_households,2024,16540,old_63,10,Lào Cai
1.7,Tỷ lệ hộ cận nghèo/số hộ cận nghèo dân tộc thiểu số theo chuẩn nghèo đa chiều giai đoạn 2022-2026,rate_percent,2021,12.22939921,old_63,15,Yên Bái
1.7,Tỷ lệ hộ cận nghèo/số hộ cận nghèo dân tộc thiểu số theo chuẩn nghèo đa chiều giai đoạn 2022-2026,rate_percent,2022,8.431882155,old_63,15,Yên Bái
1.7,Tỷ lệ hộ cận nghèo/số hộ cận nghèo dân tộc thiểu số theo chuẩn nghèo đa chiều giai đoạn 2022-2026,rate_percent,2023,6.131988153,old_63,15,Yên Bái
1.7,Tỷ lệ hộ cận nghèo/số hộ cận nghèo dân tộc thiểu số theo chuẩn nghèo đa chiều giai đoạn 2022-2026,rate_percent,2024,4.442982612,old_63,15,Yên Bái
1.7,Tỷ lệ hộ cận nghèo/số hộ cận nghèo dân tộc thiểu số theo chuẩn nghèo đa chiều giai đoạn 2022-2026,count_households,2021,13575,old_63,15,Yên Bái
1.7,Tỷ lệ hộ cận nghèo/số hộ cận nghèo dân tộc thiểu số theo chuẩn nghèo đa chiều giai đoạn 2022-2026,count_households,2022,9376,old_63,15,Yên Bái
1.7,Tỷ lệ hộ cận nghèo/số hộ cận nghèo dân tộc thiểu số theo chuẩn nghèo đa chiều giai đoạn 2022-2026,count_households,2023,6625,old_63,15,Yên Bái
1.7,Tỷ lệ hộ cận nghèo/số hộ cận nghèo dân tộc thiểu số theo chuẩn nghèo đa chiều giai đoạn 2022-2026,count_households,2024,4998,old_63,15,Yên Bái
1.7,Tỷ lệ hộ cận nghèo/số hộ cận nghèo dân tộc thiểu số theo chuẩn nghèo đa chiều giai đoạn 2022-2026,rate_percent,2021,6.90018103,old_63,19,Thái Nguyên
1.7,Tỷ lệ hộ cận nghèo/số hộ cận nghèo dân tộc thiểu số theo chuẩn nghèo đa chiều giai đoạn 2022-2026,rate_percent,2022,6.172415587,old_63,19,Thái Nguyên
1.7,Tỷ lệ hộ cận nghèo/số hộ cận nghèo dân tộc thiểu số theo chuẩn nghèo đa chiều giai đoạn 2022-2026,rate_percent,2023,4.69903805,old_63,19,Thái Nguyên
1.7,Tỷ lệ hộ cận nghèo/số hộ cận nghèo dân tộc thiểu số theo chuẩn nghèo đa chiều giai đoạn 2022-2026,rate_percent,2024,3.832802272,old_63,19,Thái Nguyên
1.7,Tỷ lệ hộ cận nghèo/số hộ cận nghèo dân tộc thiểu số theo chuẩn nghèo đa chiều giai đoạn 2022-2026,count_households,2021,6556,old_63,19,Thái Nguyên
1.7,Tỷ lệ hộ cận nghèo/số hộ cận nghèo dân tộc thiểu số theo chuẩn nghèo đa chiều giai đoạn 2022-2026,count_households,2022,5932,old_63,19,Thái Nguyên
1.7,Tỷ lệ hộ cận nghèo/số hộ cận nghèo dân tộc thiểu số theo chuẩn nghèo đa chiều giai đoạn 2022-2026,count_households,2023,4499,old_63,19,Thái Nguyên
1.7,Tỷ lệ hộ cận nghèo/số hộ cận nghèo dân tộc thiểu số theo chuẩn nghèo đa chiều giai đoạn 2022-2026,count_households,2024,3765,old_63,19,Thái Nguyên
1.7,Tỷ lệ hộ cận nghèo/số hộ cận nghèo dân tộc thiểu số theo chuẩn nghèo đa chiều giai đoạn 2022-2026,rate_percent,2021,10.49900483,old_63,6,Bắc Kạn
1.7,Tỷ lệ hộ cận nghèo/số hộ cận nghèo dân tộc thiểu số theo chuẩn nghèo đa chiều giai đoạn 2022-2026,rate_percent,2022,10.03321023,old_63,6,Bắc Kạn
1.7,Tỷ lệ hộ cận nghèo/số hộ cận nghèo dân tộc thiểu số theo chuẩn nghèo đa chiều giai đoạn 2022-2026,rate_percent,2023,10.03897401,old_63,6,Bắc Kạn
1.7,Tỷ lệ hộ cận nghèo/số hộ cận nghèo dân tộc thiểu số theo chuẩn nghèo đa chiều giai đoạn 2022-2026,rate_percent,2024,9.986961128,old_63,6,Bắc Kạn
1.7,Tỷ lệ hộ cận nghèo/số hộ cận nghèo dân tộc thiểu số theo chuẩn nghèo đa chiều giai đoạn 2022-2026,count_households,2021,7385,old_63,6,Bắc Kạn
1.7,Tỷ lệ hộ cận nghèo/số hộ cận nghèo dân tộc thiểu số theo chuẩn nghèo đa chiều giai đoạn 2022-2026,count_households,2022,7009,old_63,6,Bắc Kạn
1.7,Tỷ lệ hộ cận nghèo/số hộ cận nghèo dân tộc thiểu số theo chuẩn nghèo đa chiều giai đoạn 2022-2026,count_households,2023,7135,old_63,6,Bắc Kạn
1.7,Tỷ lệ hộ cận nghèo/số hộ cận nghèo dân tộc thiểu số theo chuẩn nghèo đa chiều giai đoạn 2022-2026,count_households,2024,7353,old_63,6,Bắc Kạn
1.7,Tỷ lệ hộ cận nghèo/số hộ cận nghèo dân tộc thiểu số theo chuẩn nghèo đa chiều giai đoạn 2022-2026,rate_percent,2021,11.13448036,old_63,25,Phú Thọ
1.7,Tỷ lệ hộ cận nghèo/số hộ cận nghèo dân tộc thiểu số theo chuẩn nghèo đa chiều giai đoạn 2022-2026,rate_percent,2022,9.992764565,old_63,25,Phú Thọ
1.7,Tỷ lệ hộ cận nghèo/số hộ cận nghèo dân tộc thiểu số theo chuẩn nghèo đa chiều giai đoạn 2022-2026,rate_percent,2023,9.079939668,old_63,25,Phú Thọ
1.7,Tỷ lệ hộ cận nghèo/số hộ cận nghèo dân tộc thiểu số theo chuẩn nghèo đa chiều giai đoạn 2022-2026,rate_percent,2024,7.807321893,old_63,25,Phú Thọ
1.7,Tỷ lệ hộ cận nghèo/số hộ cận nghèo dân tộc thiểu số theo chuẩn nghèo đa chiều giai đoạn 2022-2026,count_households,2021,7041,old_63,25,Phú Thọ
1.7,Tỷ lệ hộ cận nghèo/số hộ cận nghèo dân tộc thiểu số theo chuẩn nghèo đa chiều giai đoạn 2022-2026,count_households,2022,6353,old_63,25,Phú Thọ
1.7,Tỷ lệ hộ cận nghèo/số hộ cận nghèo dân tộc thiểu số theo chuẩn nghèo đa chiều giai đoạn 2022-2026,count_households,2023,5719,old_63,25,Phú Thọ
1.7,Tỷ lệ hộ cận nghèo/số hộ cận nghèo dân tộc thiểu số theo chuẩn nghèo đa chiều giai đoạn 2022-2026,count_households,2024,5018,old_63,25,Phú Thọ
1.7,Tỷ lệ hộ cận nghèo/số hộ cận nghèo dân tộc thiểu số theo chuẩn nghèo đa chiều giai đoạn 2022-2026,rate_percent,2021,10.10732195,old_63,24,Bắc Giang
1.7,Tỷ lệ hộ cận nghèo/số hộ cận nghèo dân tộc thiểu số theo chuẩn nghèo đa chiều giai đoạn 2022-2026,rate_percent,2022,9.181021457,old_63,24,Bắc Giang
1.7,Tỷ lệ hộ cận nghèo/số hộ cận nghèo dân tộc thiểu số theo chuẩn nghèo đa chiều giai đoạn 2022-2026,rate_percent,2023,6.956324275,old_63,24,Bắc Giang
1.7,Tỷ lệ hộ cận nghèo/số hộ cận nghèo dân tộc thiểu số theo chuẩn nghèo đa chiều giai đoạn 2022-2026,rate_percent,2024,5.446690326,old_63,24,Bắc Giang
1.7,Tỷ lệ hộ cận nghèo/số hộ cận nghèo dân tộc thiểu số theo chuẩn nghèo đa chiều giai đoạn 2022-2026,count_households,2021,6470,old_63,24,Bắc Giang
1.7,Tỷ lệ hộ cận nghèo/số hộ cận nghèo dân tộc thiểu số theo chuẩn nghèo đa chiều giai đoạn 2022-2026,count_households,2022,6076,old_63,24,Bắc Giang
1.7,Tỷ lệ hộ cận nghèo/số hộ cận nghèo dân tộc thiểu số theo chuẩn nghèo đa chiều giai đoạn 2022-2026,count_households,2023,4595,old_63,24,Bắc Giang
1.7,Tỷ lệ hộ cận nghèo/số hộ cận nghèo dân tộc thiểu số theo chuẩn nghèo đa chiều giai đoạn 2022-2026,count_households,2024,3530,old_63,24,Bắc Giang
1.7,Tỷ lệ hộ cận nghèo/số hộ cận nghèo dân tộc thiểu số theo chuẩn nghèo đa chiều giai đoạn 2022-2026,rate_percent,2021,13.74607305,old_63,17,Hoà Bình
1.7,Tỷ lệ hộ cận nghèo/số hộ cận nghèo dân tộc thiểu số theo chuẩn nghèo đa chiều giai đoạn 2022-2026,rate_percent,2022,3.074784752,old_63,17,Hoà Bình
1.7,Tỷ lệ hộ cận nghèo/số hộ cận nghèo dân tộc thiểu số theo chuẩn nghèo đa chiều giai đoạn 2022-2026,rate_percent,2023,3.078111071,old_63,17,Hoà Bình
1.7,Tỷ lệ hộ cận nghèo/số hộ cận nghèo dân tộc thiểu số theo chuẩn nghèo đa chiều giai đoạn 2022-2026,rate_percent,2024,9.735269001,old_63,17,Hoà Bình
1.7,Tỷ lệ hộ cận nghèo/số hộ cận nghèo dân tộc thiểu số theo chuẩn nghèo đa chiều giai đoạn 2022-2026,count_households,2021,21659,old_63,17,Hoà Bình
1.7,Tỷ lệ hộ cận nghèo/số hộ cận nghèo dân tộc thiểu số theo chuẩn nghèo đa chiều giai đoạn 2022-2026,count_households,2022,4889,old_63,17,Hoà Bình
1.7,Tỷ lệ hộ cận nghèo/số hộ cận nghèo dân tộc thiểu số theo chuẩn nghèo đa chiều giai đoạn 2022-2026,count_households,2023,4903,old_63,17,Hoà Bình
1.7,Tỷ lệ hộ cận nghèo/số hộ cận nghèo dân tộc thiểu số theo chuẩn nghèo đa chiều giai đoạn 2022-2026,count_households,2024,15618,old_63,17,Hoà Bình
1.7,Tỷ lệ hộ cận nghèo/số hộ cận nghèo dân tộc thiểu số theo chuẩn nghèo đa chiều giai đoạn 2022-2026,rate_percent,2021,12.16994057,old_63,14,Sơn La
1.7,Tỷ lệ hộ cận nghèo/số hộ cận nghèo dân tộc thiểu số theo chuẩn nghèo đa chiều giai đoạn 2022-2026,rate_percent,2022,12.04090426,old_63,14,Sơn La
1.7,Tỷ lệ hộ cận nghèo/số hộ cận nghèo dân tộc thiểu số theo chuẩn nghèo đa chiều giai đoạn 2022-2026,rate_percent,2023,10.36488304,old_63,14,Sơn La
1.7,Tỷ lệ hộ cận nghèo/số hộ cận nghèo dân tộc thiểu số theo chuẩn nghèo đa chiều giai đoạn 2022-2026,rate_percent,2024,10.03197292,old_63,14,Sơn La
1.7,Tỷ lệ hộ cận nghèo/số hộ cận nghèo dân tộc thiểu số theo chuẩn nghèo đa chiều giai đoạn 2022-2026,count_households,2021,28691,old_63,14,Sơn La
1.7,Tỷ lệ hộ cận nghèo/số hộ cận nghèo dân tộc thiểu số theo chuẩn nghèo đa chiều giai đoạn 2022-2026,count_households,2022,28224,old_63,14,Sơn La
1.7,Tỷ lệ hộ cận nghèo/số hộ cận nghèo dân tộc thiểu số theo chuẩn nghèo đa chiều giai đoạn 2022-2026,count_households,2023,26892,old_63,14,Sơn La
1.7,Tỷ lệ hộ cận nghèo/số hộ cận nghèo dân tộc thiểu số theo chuẩn nghèo đa chiều giai đoạn 2022-2026,count_households,2024,24003,old_63,14,Sơn La
1.7,Tỷ lệ hộ cận nghèo/số hộ cận nghèo dân tộc thiểu số theo chuẩn nghèo đa chiều giai đoạn 2022-2026,rate_percent,2021,13.14920881,old_63,12,Lai Châu
1.7,Tỷ lệ hộ cận nghèo/số hộ cận nghèo dân tộc thiểu số theo chuẩn nghèo đa chiều giai đoạn 2022-2026,rate_percent,2022,13.61224636,old_63,12,Lai Châu
1.7,Tỷ lệ hộ cận nghèo/số hộ cận nghèo dân tộc thiểu số theo chuẩn nghèo đa chiều giai đoạn 2022-2026,rate_percent,2023,12.11843473,old_63,12,Lai Châu
1.7,Tỷ lệ hộ cận nghèo/số hộ cận nghèo dân tộc thiểu số theo chuẩn nghèo đa chiều giai đoạn 2022-2026,rate_percent,2024,11.56957363,old_63,12,Lai Châu
1.7,Tỷ lệ hộ cận nghèo/số hộ cận nghèo dân tộc thiểu số theo chuẩn nghèo đa chiều giai đoạn 2022-2026,count_households,2021,10836,old_63,12,Lai Châu
1.7,Tỷ lệ hộ cận nghèo/số hộ cận nghèo dân tộc thiểu số theo chuẩn nghèo đa chiều giai đoạn 2022-2026,count_households,2022,11391,old_63,12,Lai Châu
1.7,Tỷ lệ hộ cận nghèo/số hộ cận nghèo dân tộc thiểu số theo chuẩn nghèo đa chiều giai đoạn 2022-2026,count_households,2023,10842,old_63,12,Lai Châu
1.7,Tỷ lệ hộ cận nghèo/số hộ cận nghèo dân tộc thiểu số theo chuẩn nghèo đa chiều giai đoạn 2022-2026,count_households,2024,9926,old_63,12,Lai Châu
1.7,Tỷ lệ hộ cận nghèo/số hộ cận nghèo dân tộc thiểu số theo chuẩn nghèo đa chiều giai đoạn 2022-2026,rate_percent,2021,9.559684447,old_63,11,Điện Biên
1.7,Tỷ lệ hộ cận nghèo/số hộ cận nghèo dân tộc thiểu số theo chuẩn nghèo đa chiều giai đoạn 2022-2026,rate_percent,2022,12.06966079,old_63,11,Điện Biên
1.7,Tỷ lệ hộ cận nghèo/số hộ cận nghèo dân tộc thiểu số theo chuẩn nghèo đa chiều giai đoạn 2022-2026,rate_percent,2023,14.26433362,old_63,11,Điện Biên
1.7,Tỷ lệ hộ cận nghèo/số hộ cận nghèo dân tộc thiểu số theo chuẩn nghèo đa chiều giai đoạn 2022-2026,rate_percent,2024,15.13859664,old_63,11,Điện Biên
1.7,Tỷ lệ hộ cận nghèo/số hộ cận nghèo dân tộc thiểu số theo chuẩn nghèo đa chiều giai đoạn 2022-2026,count_households,2021,9961,old_63,11,Điện Biên
1.7,Tỷ lệ hộ cận nghèo/số hộ cận nghèo dân tộc thiểu số theo chuẩn nghèo đa chiều giai đoạn 2022-2026,count_households,2022,12870,old_63,11,Điện Biên
1.7,Tỷ lệ hộ cận nghèo/số hộ cận nghèo dân tộc thiểu số theo chuẩn nghèo đa chiều giai đoạn 2022-2026,count_households,2023,15440,old_63,11,Điện Biên
1.7,Tỷ lệ hộ cận nghèo/số hộ cận nghèo dân tộc thiểu số theo chuẩn nghèo đa chiều giai đoạn 2022-2026,count_households,2024,16619,old_63,11,Điện Biên
1.7,Tỷ lệ hộ cận nghèo/số hộ cận nghèo dân tộc thiểu số theo chuẩn nghèo đa chiều giai đoạn 2022-2026,rate_percent,2021,3.403234406,old_63,1,Hà Nội
1.7,Tỷ lệ hộ cận nghèo/số hộ cận nghèo dân tộc thiểu số theo chuẩn nghèo đa chiều giai đoạn 2022-2026,rate_percent,2022,4.107238606,old_63,1,Hà Nội
1.7,Tỷ lệ hộ cận nghèo/số hộ cận nghèo dân tộc thiểu số theo chuẩn nghèo đa chiều giai đoạn 2022-2026,rate_percent,2023,1.301073831,old_63,1,Hà Nội
1.7,Tỷ lệ hộ cận nghèo/số hộ cận nghèo dân tộc thiểu số theo chuẩn nghèo đa chiều giai đoạn 2022-2026,rate_percent,2024,0.890230686,old_63,1,Hà Nội
1.7,Tỷ lệ hộ cận nghèo/số hộ cận nghèo dân tộc thiểu số theo chuẩn nghèo đa chiều giai đoạn 2022-2026,count_households,2021,383,old_63,1,Hà Nội
1.7,Tỷ lệ hộ cận nghèo/số hộ cận nghèo dân tộc thiểu số theo chuẩn nghèo đa chiều giai đoạn 2022-2026,count_households,2022,383,old_63,1,Hà Nội
1.7,Tỷ lệ hộ cận nghèo/số hộ cận nghèo dân tộc thiểu số theo chuẩn nghèo đa chiều giai đoạn 2022-2026,count_households,2023,292,old_63,1,Hà Nội
1.7,Tỷ lệ hộ cận nghèo/số hộ cận nghèo dân tộc thiểu số theo chuẩn nghèo đa chiều giai đoạn 2022-2026,count_households,2024,115,old_63,1,Hà Nội
1.7,Tỷ lệ hộ cận nghèo/số hộ cận nghèo dân tộc thiểu số theo chuẩn nghèo đa chiều giai đoạn 2022-2026,rate_percent,2021,2.380952381,old_63,31,Hải Phòng
1.7,Tỷ lệ hộ cận nghèo/số hộ cận nghèo dân tộc thiểu số theo chuẩn nghèo đa chiều giai đoạn 2022-2026,rate_percent,2022,1.19760479,old_63,31,Hải Phòng
1.7,Tỷ lệ hộ cận nghèo/số hộ cận nghèo dân tộc thiểu số theo chuẩn nghèo đa chiều giai đoạn 2022-2026,rate_percent,2023,0,old_63,31,Hải Phòng
1.7,Tỷ lệ hộ cận nghèo/số hộ cận nghèo dân tộc thiểu số theo chuẩn nghèo đa chiều giai đoạn 2022-2026,rate_percent,2024,1.25,old_63,31,Hải Phòng
1.7,Tỷ lệ hộ cận nghèo/số hộ cận nghèo dân tộc thiểu số theo chuẩn nghèo đa chiều giai đoạn 2022-2026,count_households,2021,2,old_63,31,Hải Phòng
1.7,Tỷ lệ hộ cận nghèo/số hộ cận nghèo dân tộc thiểu số theo chuẩn nghèo đa chiều giai đoạn 2022-2026,count_households,2022,2,old_63,31,Hải Phòng
1.7,Tỷ lệ hộ cận nghèo/số hộ cận nghèo dân tộc thiểu số theo chuẩn nghèo đa chiều giai đoạn 2022-2026,count_households,2023,0,old_63,31,Hải Phòng
1.7,Tỷ lệ hộ cận nghèo/số hộ cận nghèo dân tộc thiểu số theo chuẩn nghèo đa chiều giai đoạn 2022-2026,count_households,2024,1,old_63,31,Hải Phòng
1.7,Tỷ lệ hộ cận nghèo/số hộ cận nghèo dân tộc thiểu số theo chuẩn nghèo đa chiều giai đoạn 2022-2026,rate_percent,2021,7.245666157,old_63,22,Quảng Ninh
1.7,Tỷ lệ hộ cận nghèo/số hộ cận nghèo dân tộc thiểu số theo chuẩn nghèo đa chiều giai đoạn 2022-2026,rate_percent,2022,1.095951138,old_63,22,Quảng Ninh
1.7,Tỷ lệ hộ cận nghèo/số hộ cận nghèo dân tộc thiểu số theo chuẩn nghèo đa chiều giai đoạn 2022-2026,rate_percent,2023,0.522420549,old_63,22,Quảng Ninh
1.7,Tỷ lệ hộ cận nghèo/số hộ cận nghèo dân tộc thiểu số theo chuẩn nghèo đa chiều giai đoạn 2022-2026,rate_percent,2024,0.319573901,old_63,22,Quảng Ninh
1.7,Tỷ lệ hộ cận nghèo/số hộ cận nghèo dân tộc thiểu số theo chuẩn nghèo đa chiều giai đoạn 2022-2026,count_households,2021,2512,old_63,22,Quảng Ninh
1.7,Tỷ lệ hộ cận nghèo/số hộ cận nghèo dân tộc thiểu số theo chuẩn nghèo đa chiều giai đoạn 2022-2026,count_households,2022,445,old_63,22,Quảng Ninh
1.7,Tỷ lệ hộ cận nghèo/số hộ cận nghèo dân tộc thiểu số theo chuẩn nghèo đa chiều giai đoạn 2022-2026,count_households,2023,216,old_63,22,Quảng Ninh
1.7,Tỷ lệ hộ cận nghèo/số hộ cận nghèo dân tộc thiểu số theo chuẩn nghèo đa chiều giai đoạn 2022-2026,count_households,2024,24,old_63,22,Quảng Ninh
1.7,Tỷ lệ hộ cận nghèo/số hộ cận nghèo dân tộc thiểu số theo chuẩn nghèo đa chiều giai đoạn 2022-2026,rate_percent,2021,2.358887953,old_63,30,Hải Dương
1.7,Tỷ lệ hộ cận nghèo/số hộ cận nghèo dân tộc thiểu số theo chuẩn nghèo đa chiều giai đoạn 2022-2026,rate_percent,2022,2.784602785,old_63,30,Hải Dương
1.7,Tỷ lệ hộ cận nghèo/số hộ cận nghèo dân tộc thiểu số theo chuẩn nghèo đa chiều giai đoạn 2022-2026,rate_percent,2023,2.241503977,old_63,30,Hải Dương
1.7,Tỷ lệ hộ cận nghèo/số hộ cận nghèo dân tộc thiểu số theo chuẩn nghèo đa chiều giai đoạn 2022-2026,rate_percent,2024,1.10323089,old_63,30,Hải Dương
1.7,Tỷ lệ hộ cận nghèo/số hộ cận nghèo dân tộc thiểu số theo chuẩn nghèo đa chiều giai đoạn 2022-2026,count_households,2021,28,old_63,30,Hải Dương
1.7,Tỷ lệ hộ cận nghèo/số hộ cận nghèo dân tộc thiểu số theo chuẩn nghèo đa chiều giai đoạn 2022-2026,count_households,2022,34,old_63,30,Hải Dương
1.7,Tỷ lệ hộ cận nghèo/số hộ cận nghèo dân tộc thiểu số theo chuẩn nghèo đa chiều giai đoạn 2022-2026,count_households,2023,31,old_63,30,Hải Dương
1.7,Tỷ lệ hộ cận nghèo/số hộ cận nghèo dân tộc thiểu số theo chuẩn nghèo đa chiều giai đoạn 2022-2026,count_households,2024,14,old_63,30,Hải Dương
1.7,Tỷ lệ hộ cận nghèo/số hộ cận nghèo dân tộc thiểu số theo chuẩn nghèo đa chiều giai đoạn 2022-2026,rate_percent,2021,1.290322581,old_63,33,Hưng Yên
1.7,Tỷ lệ hộ cận nghèo/số hộ cận nghèo dân tộc thiểu số theo chuẩn nghèo đa chiều giai đoạn 2022-2026,rate_percent,2022,3.870967742,old_63,33,Hưng Yên
1.7,Tỷ lệ hộ cận nghèo/số hộ cận nghèo dân tộc thiểu số theo chuẩn nghèo đa chiều giai đoạn 2022-2026,rate_percent,2023,0,old_63,33,Hưng Yên
1.7,Tỷ lệ hộ cận nghèo/số hộ cận nghèo dân tộc thiểu số theo chuẩn nghèo đa chiều giai đoạn 2022-2026,rate_percent,2024,0,old_63,33,Hưng Yên
1.7,Tỷ lệ hộ cận nghèo/số hộ cận nghèo dân tộc thiểu số theo chuẩn nghèo đa chiều giai đoạn 2022-2026,count_households,2021,2,old_63,33,Hưng Yên
1.7,Tỷ lệ hộ cận nghèo/số hộ cận nghèo dân tộc thiểu số theo chuẩn nghèo đa chiều giai đoạn 2022-2026,count_households,2022,6,old_63,33,Hưng Yên
1.7,Tỷ lệ hộ cận nghèo/số hộ cận nghèo dân tộc thiểu số theo chuẩn nghèo đa chiều giai đoạn 2022-2026,count_households,2023,0,old_63,33,Hưng Yên
1.7,Tỷ lệ hộ cận nghèo/số hộ cận nghèo dân tộc thiểu số theo chuẩn nghèo đa chiều giai đoạn 2022-2026,count_households,2024,0,old_63,33,Hưng Yên
1.7,Tỷ lệ hộ cận nghèo/số hộ cận nghèo dân tộc thiểu số theo chuẩn nghèo đa chiều giai đoạn 2022-2026,rate_percent,2021,5.267038008,old_63,26,Vĩnh Phúc
1.7,Tỷ lệ hộ cận nghèo/số hộ cận nghèo dân tộc thiểu số theo chuẩn nghèo đa chiều giai đoạn 2022-2026,rate_percent,2022,4.415299046,old_63,26,Vĩnh Phúc
1.7,Tỷ lệ hộ cận nghèo/số hộ cận nghèo dân tộc thiểu số theo chuẩn nghèo đa chiều giai đoạn 2022-2026,rate_percent,2023,4.185809086,old_63,26,Vĩnh Phúc
1.7,Tỷ lệ hộ cận nghèo/số hộ cận nghèo dân tộc thiểu số theo chuẩn nghèo đa chiều giai đoạn 2022-2026,rate_percent,2024,3.506278133,old_63,26,Vĩnh Phúc
1.7,Tỷ lệ hộ cận nghèo/số hộ cận nghèo dân tộc thiểu số theo chuẩn nghèo đa chiều giai đoạn 2022-2026,count_households,2021,643,old_63,26,Vĩnh Phúc
1.7,Tỷ lệ hộ cận nghèo/số hộ cận nghèo dân tộc thiểu số theo chuẩn nghèo đa chiều giai đoạn 2022-2026,count_households,2022,643,old_63,26,Vĩnh Phúc
1.7,Tỷ lệ hộ cận nghèo/số hộ cận nghèo dân tộc thiểu số theo chuẩn nghèo đa chiều giai đoạn 2022-2026,count_households,2023,574,old_63,26,Vĩnh Phúc
1.7,Tỷ lệ hộ cận nghèo/số hộ cận nghèo dân tộc thiểu số theo chuẩn nghèo đa chiều giai đoạn 2022-2026,count_households,2024,444,old_63,26,Vĩnh Phúc
1.7,Tỷ lệ hộ cận nghèo/số hộ cận nghèo dân tộc thiểu số theo chuẩn nghèo đa chiều giai đoạn 2022-2026,rate_percent,2021,0,old_63,27,Bắc Ninh
1.7,Tỷ lệ hộ cận nghèo/số hộ cận nghèo dân tộc thiểu số theo chuẩn nghèo đa chiều giai đoạn 2022-2026,rate_percent,2022,25,old_63,27,Bắc Ninh
1.7,Tỷ lệ hộ cận nghèo/số hộ cận nghèo dân tộc thiểu số theo chuẩn nghèo đa chiều giai đoạn 2022-2026,rate_percent,2023,33.33333333,old_63,27,Bắc Ninh
1.7,Tỷ lệ hộ cận nghèo/số hộ cận nghèo dân tộc thiểu số theo chuẩn nghèo đa chiều giai đoạn 2022-2026,rate_percent,2024,100,old_63,27,Bắc Ninh
1.7,Tỷ lệ hộ cận nghèo/số hộ cận nghèo dân tộc thiểu số theo chuẩn nghèo đa chiều giai đoạn 2022-2026,count_households,2021,0,old_63,27,Bắc Ninh
1.7,Tỷ lệ hộ cận nghèo/số hộ cận nghèo dân tộc thiểu số theo chuẩn nghèo đa chiều giai đoạn 2022-2026,count_households,2022,1,old_63,27,Bắc Ninh
1.7,Tỷ lệ hộ cận nghèo/số hộ cận nghèo dân tộc thiểu số theo chuẩn nghèo đa chiều giai đoạn 2022-2026,count_households,2023,1,old_63,27,Bắc Ninh
1.7,Tỷ lệ hộ cận nghèo/số hộ cận nghèo dân tộc thiểu số theo chuẩn nghèo đa chiều giai đoạn 2022-2026,count_households,2024,3,old_63,27,Bắc Ninh
1.7,Tỷ lệ hộ cận nghèo/số hộ cận nghèo dân tộc thiểu số theo chuẩn nghèo đa chiều giai đoạn 2022-2026,rate_percent,2021,28.57142857,old_63,35,Hà Nam
1.7,Tỷ lệ hộ cận nghèo/số hộ cận nghèo dân tộc thiểu số theo chuẩn nghèo đa chiều giai đoạn 2022-2026,rate_percent,2022,22.22222222,old_63,35,Hà Nam
1.7,Tỷ lệ hộ cận nghèo/số hộ cận nghèo dân tộc thiểu số theo chuẩn nghèo đa chiều giai đoạn 2022-2026,rate_percent,2023,30.76923077,old_63,35,Hà Nam
1.7,Tỷ lệ hộ cận nghèo/số hộ cận nghèo dân tộc thiểu số theo chuẩn nghèo đa chiều giai đoạn 2022-2026,rate_percent,2024,0.10228435,old_63,35,Hà Nam
1.7,Tỷ lệ hộ cận nghèo/số hộ cận nghèo dân tộc thiểu số theo chuẩn nghèo đa chiều giai đoạn 2022-2026,count_households,2021,2,old_63,35,Hà Nam
1.7,Tỷ lệ hộ cận nghèo/số hộ cận nghèo dân tộc thiểu số theo chuẩn nghèo đa chiều giai đoạn 2022-2026,count_households,2022,4,old_63,35,Hà Nam
1.7,Tỷ lệ hộ cận nghèo/số hộ cận nghèo dân tộc thiểu số theo chuẩn nghèo đa chiều giai đoạn 2022-2026,count_households,2023,4,old_63,35,Hà Nam
1.7,Tỷ lệ hộ cận nghèo/số hộ cận nghèo dân tộc thiểu số theo chuẩn nghèo đa chiều giai đoạn 2022-2026,count_households,2024,3,old_63,35,Hà Nam
1.7,Tỷ lệ hộ cận nghèo/số hộ cận nghèo dân tộc thiểu số theo chuẩn nghèo đa chiều giai đoạn 2022-2026,rate_percent,2021,0,old_63,36,Nam Định
1.7,Tỷ lệ hộ cận nghèo/số hộ cận nghèo dân tộc thiểu số theo chuẩn nghèo đa chiều giai đoạn 2022-2026,rate_percent,2022,0,old_63,36,Nam Định
1.7,Tỷ lệ hộ cận nghèo/số hộ cận nghèo dân tộc thiểu số theo chuẩn nghèo đa chiều giai đoạn 2022-2026,rate_percent,2023,0,old_63,36,Nam Định
1.7,Tỷ lệ hộ cận nghèo/số hộ cận nghèo dân tộc thiểu số theo chuẩn nghèo đa chiều giai đoạn 2022-2026,rate_percent,2024,0,old_63,36,Nam Định
1.7,Tỷ lệ hộ cận nghèo/số hộ cận nghèo dân tộc thiểu số theo chuẩn nghèo đa chiều giai đoạn 2022-2026,count_households,2021,0,old_63,36,Nam Định
1.7,Tỷ lệ hộ cận nghèo/số hộ cận nghèo dân tộc thiểu số theo chuẩn nghèo đa chiều giai đoạn 2022-2026,count_households,2022,0,old_63,36,Nam Định
1.7,Tỷ lệ hộ cận nghèo/số hộ cận nghèo dân tộc thiểu số theo chuẩn nghèo đa chiều giai đoạn 2022-2026,count_households,2023,0,old_63,36,Nam Định
1.7,Tỷ lệ hộ cận nghèo/số hộ cận nghèo dân tộc thiểu số theo chuẩn nghèo đa chiều giai đoạn 2022-2026,count_households,2024,0,old_63,36,Nam Định
1.7,Tỷ lệ hộ cận nghèo/số hộ cận nghèo dân tộc thiểu số theo chuẩn nghèo đa chiều giai đoạn 2022-2026,rate_percent,2021,5.484330484,old_63,37,Ninh Bình
1.7,Tỷ lệ hộ cận nghèo/số hộ cận nghèo dân tộc thiểu số theo chuẩn nghèo đa chiều giai đoạn 2022-2026,rate_percent,2022,4.613596746,old_63,37,Ninh Bình
1.7,Tỷ lệ hộ cận nghèo/số hộ cận nghèo dân tộc thiểu số theo chuẩn nghèo đa chiều giai đoạn 2022-2026,rate_percent,2023,3.226167806,old_63,37,Ninh Bình
1.7,Tỷ lệ hộ cận nghèo/số hộ cận nghèo dân tộc thiểu số theo chuẩn nghèo đa chiều giai đoạn 2022-2026,rate_percent,2024,2.78603678,old_63,37,Ninh Bình
1.7,Tỷ lệ hộ cận nghèo/số hộ cận nghèo dân tộc thiểu số theo chuẩn nghèo đa chiều giai đoạn 2022-2026,count_households,2021,462,old_63,37,Ninh Bình
1.7,Tỷ lệ hộ cận nghèo/số hộ cận nghèo dân tộc thiểu số theo chuẩn nghèo đa chiều giai đoạn 2022-2026,count_households,2022,397,old_63,37,Ninh Bình
1.7,Tỷ lệ hộ cận nghèo/số hộ cận nghèo dân tộc thiểu số theo chuẩn nghèo đa chiều giai đoạn 2022-2026,count_households,2023,288,old_63,37,Ninh Bình
1.7,Tỷ lệ hộ cận nghèo/số hộ cận nghèo dân tộc thiểu số theo chuẩn nghèo đa chiều giai đoạn 2022-2026,count_households,2024,253,old_63,37,Ninh Bình
1.7,Tỷ lệ hộ cận nghèo/số hộ cận nghèo dân tộc thiểu số theo chuẩn nghèo đa chiều giai đoạn 2022-2026,rate_percent,2021,0,old_63,34,Thái Bình
1.7,Tỷ lệ hộ cận nghèo/số hộ cận nghèo dân tộc thiểu số theo chuẩn nghèo đa chiều giai đoạn 2022-2026,rate_percent,2022,6.849315068,old_63,34,Thái Bình
1.7,Tỷ lệ hộ cận nghèo/số hộ cận nghèo dân tộc thiểu số theo chuẩn nghèo đa chiều giai đoạn 2022-2026,rate_percent,2023,14.28571429,old_63,34,Thái Bình
1.7,Tỷ lệ hộ cận nghèo/số hộ cận nghèo dân tộc thiểu số theo chuẩn nghèo đa chiều giai đoạn 2022-2026,rate_percent,2024,19.14893617,old_63,34,Thái Bình
1.7,Tỷ lệ hộ cận nghèo/số hộ cận nghèo dân tộc thiểu số theo chuẩn nghèo đa chiều giai đoạn 2022-2026,count_households,2021,0,old_63,34,Thái Bình
1.7,Tỷ lệ hộ cận nghèo/số hộ cận nghèo dân tộc thiểu số theo chuẩn nghèo đa chiều giai đoạn 2022-2026,count_households,2022,5,old_63,34,Thái Bình
1.7,Tỷ lệ hộ cận nghèo/số hộ cận nghèo dân tộc thiểu số theo chuẩn nghèo đa chiều giai đoạn 2022-2026,count_households,2023,5,old_63,34,Thái Bình
1.7,Tỷ lệ hộ cận nghèo/số hộ cận nghèo dân tộc thiểu số theo chuẩn nghèo đa chiều giai đoạn 2022-2026,count_households,2024,9,old_63,34,Thái Bình
1.7,Tỷ lệ hộ cận nghèo/số hộ cận nghèo dân tộc thiểu số theo chuẩn nghèo đa chiều giai đoạn 2022-2026,rate_percent,2021,26.02737064,old_63,38,Thanh Hóa
1.7,Tỷ lệ hộ cận nghèo/số hộ cận nghèo dân tộc thiểu số theo chuẩn nghèo đa chiều giai đoạn 2022-2026,rate_percent,2022,21.19618675,old_63,38,Thanh Hóa
1.7,Tỷ lệ hộ cận nghèo/số hộ cận nghèo dân tộc thiểu số theo chuẩn nghèo đa chiều giai đoạn 2022-2026,rate_percent,2023,17.91064414,old_63,38,Thanh Hóa
1.7,Tỷ lệ hộ cận nghèo/số hộ cận nghèo dân tộc thiểu số theo chuẩn nghèo đa chiều giai đoạn 2022-2026,rate_percent,2024,14.43209268,old_63,38,Thanh Hóa
1.7,Tỷ lệ hộ cận nghèo/số hộ cận nghèo dân tộc thiểu số theo chuẩn nghèo đa chiều giai đoạn 2022-2026,count_households,2021,40186,old_63,38,Thanh Hóa
1.7,Tỷ lệ hộ cận nghèo/số hộ cận nghèo dân tộc thiểu số theo chuẩn nghèo đa chiều giai đoạn 2022-2026,count_households,2022,34263,old_63,38,Thanh Hóa
1.7,Tỷ lệ hộ cận nghèo/số hộ cận nghèo dân tộc thiểu số theo chuẩn nghèo đa chiều giai đoạn 2022-2026,count_households,2023,28587,old_63,38,Thanh Hóa
1.7,Tỷ lệ hộ cận nghèo/số hộ cận nghèo dân tộc thiểu số theo chuẩn nghèo đa chiều giai đoạn 2022-2026,count_households,2024,23719,old_63,38,Thanh Hóa
1.7,Tỷ lệ hộ cận nghèo/số hộ cận nghèo dân tộc thiểu số theo chuẩn nghèo đa chiều giai đoạn 2022-2026,rate_percent,2021,18.57199049,old_63,40,Nghệ An
1.7,Tỷ lệ hộ cận nghèo/số hộ cận nghèo dân tộc thiểu số theo chuẩn nghèo đa chiều giai đoạn 2022-2026,rate_percent,2022,22.29282363,old_63,40,Nghệ An
1.7,Tỷ lệ hộ cận nghèo/số hộ cận nghèo dân tộc thiểu số theo chuẩn nghèo đa chiều giai đoạn 2022-2026,rate_percent,2023,22.33247272,old_63,40,Nghệ An
1.7,Tỷ lệ hộ cận nghèo/số hộ cận nghèo dân tộc thiểu số theo chuẩn nghèo đa chiều giai đoạn 2022-2026,rate_percent,2024,22.61455431,old_63,40,Nghệ An
1.7,Tỷ lệ hộ cận nghèo/số hộ cận nghèo dân tộc thiểu số theo chuẩn nghèo đa chiều giai đoạn 2022-2026,count_households,2021,20775,old_63,40,Nghệ An
1.7,Tỷ lệ hộ cận nghèo/số hộ cận nghèo dân tộc thiểu số theo chuẩn nghèo đa chiều giai đoạn 2022-2026,count_households,2022,25892,old_63,40,Nghệ An
1.7,Tỷ lệ hộ cận nghèo/số hộ cận nghèo dân tộc thiểu số theo chuẩn nghèo đa chiều giai đoạn 2022-2026,count_households,2023,24825,old_63,40,Nghệ An
1.7,Tỷ lệ hộ cận nghèo/số hộ cận nghèo dân tộc thiểu số theo chuẩn nghèo đa chiều giai đoạn 2022-2026,count_households,2024,25644,old_63,40,Nghệ An
1.7,Tỷ lệ hộ cận nghèo/số hộ cận nghèo dân tộc thiểu số theo chuẩn nghèo đa chiều giai đoạn 2022-2026,rate_percent,2021,7.213578501,old_63,42,Hà Tĩnh
1.7,Tỷ lệ hộ cận nghèo/số hộ cận nghèo dân tộc thiểu số theo chuẩn nghèo đa chiều giai đoạn 2022-2026,rate_percent,2022,9.539473684,old_63,42,Hà Tĩnh
1.7,Tỷ lệ hộ cận nghèo/số hộ cận nghèo dân tộc thiểu số theo chuẩn nghèo đa chiều giai đoạn 2022-2026,rate_percent,2023,6.591865358,old_63,42,Hà Tĩnh
1.7,Tỷ lệ hộ cận nghèo/số hộ cận nghèo dân tộc thiểu số theo chuẩn nghèo đa chiều giai đoạn 2022-2026,rate_percent,2024,6.139154161,old_63,42,Hà Tĩnh
1.7,Tỷ lệ hộ cận nghèo/số hộ cận nghèo dân tộc thiểu số theo chuẩn nghèo đa chiều giai đoạn 2022-2026,count_households,2021,51,old_63,42,Hà Tĩnh
1.7,Tỷ lệ hộ cận nghèo/số hộ cận nghèo dân tộc thiểu số theo chuẩn nghèo đa chiều giai đoạn 2022-2026,count_households,2022,58,old_63,42,Hà Tĩnh
1.7,Tỷ lệ hộ cận nghèo/số hộ cận nghèo dân tộc thiểu số theo chuẩn nghèo đa chiều giai đoạn 2022-2026,count_households,2023,47,old_63,42,Hà Tĩnh
1.7,Tỷ lệ hộ cận nghèo/số hộ cận nghèo dân tộc thiểu số theo chuẩn nghèo đa chiều giai đoạn 2022-2026,count_households,2024,45,old_63,42,Hà Tĩnh
1.7,Tỷ lệ hộ cận nghèo/số hộ cận nghèo dân tộc thiểu số theo chuẩn nghèo đa chiều giai đoạn 2022-2026,rate_percent,2021,13.29132474,old_63,44,Quảng Bình
1.7,Tỷ lệ hộ cận nghèo/số hộ cận nghèo dân tộc thiểu số theo chuẩn nghèo đa chiều giai đoạn 2022-2026,rate_percent,2022,17.96088582,old_63,44,Quảng Bình
1.7,Tỷ lệ hộ cận nghèo/số hộ cận nghèo dân tộc thiểu số theo chuẩn nghèo đa chiều giai đoạn 2022-2026,rate_percent,2023,19.55818966,old_63,44,Quảng Bình
1.7,Tỷ lệ hộ cận nghèo/số hộ cận nghèo dân tộc thiểu số theo chuẩn nghèo đa chiều giai đoạn 2022-2026,rate_percent,2024,23.40980904,old_63,44,Quảng Bình
1.7,Tỷ lệ hộ cận nghèo/số hộ cận nghèo dân tộc thiểu số theo chuẩn nghèo đa chiều giai đoạn 2022-2026,count_households,2021,907,old_63,44,Quảng Bình
1.7,Tỷ lệ hộ cận nghèo/số hộ cận nghèo dân tộc thiểu số theo chuẩn nghèo đa chiều giai đoạn 2022-2026,count_households,2022,1249,old_63,44,Quảng Bình
1.7,Tỷ lệ hộ cận nghèo/số hộ cận nghèo dân tộc thiểu số theo chuẩn nghèo đa chiều giai đoạn 2022-2026,count_households,2023,1452,old_63,44,Quảng Bình
1.7,Tỷ lệ hộ cận nghèo/số hộ cận nghèo dân tộc thiểu số theo chuẩn nghèo đa chiều giai đoạn 2022-2026,count_households,2024,1704,old_63,44,Quảng Bình
1.7,Tỷ lệ hộ cận nghèo/số hộ cận nghèo dân tộc thiểu số theo chuẩn nghèo đa chiều giai đoạn 2022-2026,rate_percent,2021,10.54335921,old_63,45,Quảng Trị
1.7,Tỷ lệ hộ cận nghèo/số hộ cận nghèo dân tộc thiểu số theo chuẩn nghèo đa chiều giai đoạn 2022-2026,rate_percent,2022,14.34646479,old_63,45,Quảng Trị
1.7,Tỷ lệ hộ cận nghèo/số hộ cận nghèo dân tộc thiểu số theo chuẩn nghèo đa chiều giai đoạn 2022-2026,rate_percent,2023,15.65118397,old_63,45,Quảng Trị
1.7,Tỷ lệ hộ cận nghèo/số hộ cận nghèo dân tộc thiểu số theo chuẩn nghèo đa chiều giai đoạn 2022-2026,rate_percent,2024,17.46912475,old_63,45,Quảng Trị
1.7,Tỷ lệ hộ cận nghèo/số hộ cận nghèo dân tộc thiểu số theo chuẩn nghèo đa chiều giai đoạn 2022-2026,count_households,2021,2214,old_63,45,Quảng Trị
1.7,Tỷ lệ hộ cận nghèo/số hộ cận nghèo dân tộc thiểu số theo chuẩn nghèo đa chiều giai đoạn 2022-2026,count_households,2022,3070,old_63,45,Quảng Trị
1.7,Tỷ lệ hộ cận nghèo/số hộ cận nghèo dân tộc thiểu số theo chuẩn nghèo đa chiều giai đoạn 2022-2026,count_households,2023,3437,old_63,45,Quảng Trị
1.7,Tỷ lệ hộ cận nghèo/số hộ cận nghèo dân tộc thiểu số theo chuẩn nghèo đa chiều giai đoạn 2022-2026,count_households,2024,3904,old_63,45,Quảng Trị
1.7,Tỷ lệ hộ cận nghèo/số hộ cận nghèo dân tộc thiểu số theo chuẩn nghèo đa chiều giai đoạn 2022-2026,rate_percent,2021,21.91167058,old_63,46,Thừa Thiên Huế
1.7,Tỷ lệ hộ cận nghèo/số hộ cận nghèo dân tộc thiểu số theo chuẩn nghèo đa chiều giai đoạn 2022-2026,rate_percent,2022,8.690509324,old_63,46,Thừa Thiên Huế
1.7,Tỷ lệ hộ cận nghèo/số hộ cận nghèo dân tộc thiểu số theo chuẩn nghèo đa chiều giai đoạn 2022-2026,rate_percent,2023,14.89276408,old_63,46,Thừa Thiên Huế
1.7,Tỷ lệ hộ cận nghèo/số hộ cận nghèo dân tộc thiểu số theo chuẩn nghèo đa chiều giai đoạn 2022-2026,rate_percent,2024,10.37958533,old_63,46,Thừa Thiên Huế
1.7,Tỷ lệ hộ cận nghèo/số hộ cận nghèo dân tộc thiểu số theo chuẩn nghèo đa chiều giai đoạn 2022-2026,count_households,2021,2054,old_63,46,Thừa Thiên Huế
1.7,Tỷ lệ hộ cận nghèo/số hộ cận nghèo dân tộc thiểu số theo chuẩn nghèo đa chiều giai đoạn 2022-2026,count_households,2022,1249,old_63,46,Thừa Thiên Huế
1.7,Tỷ lệ hộ cận nghèo/số hộ cận nghèo dân tộc thiểu số theo chuẩn nghèo đa chiều giai đoạn 2022-2026,count_households,2023,2229,old_63,46,Thừa Thiên Huế
1.7,Tỷ lệ hộ cận nghèo/số hộ cận nghèo dân tộc thiểu số theo chuẩn nghèo đa chiều giai đoạn 2022-2026,count_households,2024,1627,old_63,46,Thừa Thiên Huế
1.7,Tỷ lệ hộ cận nghèo/số hộ cận nghèo dân tộc thiểu số theo chuẩn nghèo đa chiều giai đoạn 2022-2026,rate_percent,2021,83.48745046,old_63,48,Đà Nẵng
1.7,Tỷ lệ hộ cận nghèo/số hộ cận nghèo dân tộc thiểu số theo chuẩn nghèo đa chiều giai đoạn 2022-2026,rate_percent,2022,0.660501982,old_63,48,Đà Nẵng
1.7,Tỷ lệ hộ cận nghèo/số hộ cận nghèo dân tộc thiểu số theo chuẩn nghèo đa chiều giai đoạn 2022-2026,rate_percent,2023,0.462351387,old_63,48,Đà Nẵng
1.7,Tỷ lệ hộ cận nghèo/số hộ cận nghèo dân tộc thiểu số theo chuẩn nghèo đa chiều giai đoạn 2022-2026,rate_percent,2024,0.264200793,old_63,48,Đà Nẵng
1.7,Tỷ lệ hộ cận nghèo/số hộ cận nghèo dân tộc thiểu số theo chuẩn nghèo đa chiều giai đoạn 2022-2026,count_households,2021,1264,old_63,48,Đà Nẵng
1.7,Tỷ lệ hộ cận nghèo/số hộ cận nghèo dân tộc thiểu số theo chuẩn nghèo đa chiều giai đoạn 2022-2026,count_households,2022,10,old_63,48,Đà Nẵng
1.7,Tỷ lệ hộ cận nghèo/số hộ cận nghèo dân tộc thiểu số theo chuẩn nghèo đa chiều giai đoạn 2022-2026,count_households,2023,7,old_63,48,Đà Nẵng
1.7,Tỷ lệ hộ cận nghèo/số hộ cận nghèo dân tộc thiểu số theo chuẩn nghèo đa chiều giai đoạn 2022-2026,count_households,2024,4,old_63,48,Đà Nẵng
1.7,Tỷ lệ hộ cận nghèo/số hộ cận nghèo dân tộc thiểu số theo chuẩn nghèo đa chiều giai đoạn 2022-2026,rate_percent,2021,4.237568148,old_63,49,Quảng Nam
1.7,Tỷ lệ hộ cận nghèo/số hộ cận nghèo dân tộc thiểu số theo chuẩn nghèo đa chiều giai đoạn 2022-2026,rate_percent,2022,6.443298969,old_63,49,Quảng Nam
1.7,Tỷ lệ hộ cận nghèo/số hộ cận nghèo dân tộc thiểu số theo chuẩn nghèo đa chiều giai đoạn 2022-2026,rate_percent,2023,7.598389401,old_63,49,Quảng Nam
1.7,Tỷ lệ hộ cận nghèo/số hộ cận nghèo dân tộc thiểu số theo chuẩn nghèo đa chiều giai đoạn 2022-2026,rate_percent,2024,7.903380143,old_63,49,Quảng Nam
1.7,Tỷ lệ hộ cận nghèo/số hộ cận nghèo dân tộc thiểu số theo chuẩn nghèo đa chiều giai đoạn 2022-2026,count_households,2021,1539,old_63,49,Quảng Nam
1.7,Tỷ lệ hộ cận nghèo/số hộ cận nghèo dân tộc thiểu số theo chuẩn nghèo đa chiều giai đoạn 2022-2026,count_households,2022,2425,old_63,49,Quảng Nam
1.7,Tỷ lệ hộ cận nghèo/số hộ cận nghèo dân tộc thiểu số theo chuẩn nghèo đa chiều giai đoạn 2022-2026,count_households,2023,2925,old_63,49,Quảng Nam
1.7,Tỷ lệ hộ cận nghèo/số hộ cận nghèo dân tộc thiểu số theo chuẩn nghèo đa chiều giai đoạn 2022-2026,count_households,2024,3056,old_63,49,Quảng Nam
1.7,Tỷ lệ hộ cận nghèo/số hộ cận nghèo dân tộc thiểu số theo chuẩn nghèo đa chiều giai đoạn 2022-2026,rate_percent,2021,14.45744419,old_63,51,Quảng Ngãi
1.7,Tỷ lệ hộ cận nghèo/số hộ cận nghèo dân tộc thiểu số theo chuẩn nghèo đa chiều giai đoạn 2022-2026,rate_percent,2022,14.37653545,old_63,51,Quảng Ngãi
1.7,Tỷ lệ hộ cận nghèo/số hộ cận nghèo dân tộc thiểu số theo chuẩn nghèo đa chiều giai đoạn 2022-2026,rate_percent,2023,12.68652657,old_63,51,Quảng Ngãi
1.7,Tỷ lệ hộ cận nghèo/số hộ cận nghèo dân tộc thiểu số theo chuẩn nghèo đa chiều giai đoạn 2022-2026,rate_percent,2024,9.550603119,old_63,51,Quảng Ngãi
1.7,Tỷ lệ hộ cận nghèo/số hộ cận nghèo dân tộc thiểu số theo chuẩn nghèo đa chiều giai đoạn 2022-2026,count_households,2021,7649,old_63,51,Quảng Ngãi
1.7,Tỷ lệ hộ cận nghèo/số hộ cận nghèo dân tộc thiểu số theo chuẩn nghèo đa chiều giai đoạn 2022-2026,count_households,2022,7666,old_63,51,Quảng Ngãi
1.7,Tỷ lệ hộ cận nghèo/số hộ cận nghèo dân tộc thiểu số theo chuẩn nghèo đa chiều giai đoạn 2022-2026,count_households,2023,6997,old_63,51,Quảng Ngãi
1.7,Tỷ lệ hộ cận nghèo/số hộ cận nghèo dân tộc thiểu số theo chuẩn nghèo đa chiều giai đoạn 2022-2026,count_households,2024,5194,old_63,51,Quảng Ngãi
1.7,Tỷ lệ hộ cận nghèo/số hộ cận nghèo dân tộc thiểu số theo chuẩn nghèo đa chiều giai đoạn 2022-2026,rate_percent,2021,19.69763558,old_63,52,Bình Định
1.7,Tỷ lệ hộ cận nghèo/số hộ cận nghèo dân tộc thiểu số theo chuẩn nghèo đa chiều giai đoạn 2022-2026,rate_percent,2022,20.07895209,old_63,52,Bình Định
1.7,Tỷ lệ hộ cận nghèo/số hộ cận nghèo dân tộc thiểu số theo chuẩn nghèo đa chiều giai đoạn 2022-2026,rate_percent,2023,14.93098026,old_63,52,Bình Định
1.7,Tỷ lệ hộ cận nghèo/số hộ cận nghèo dân tộc thiểu số theo chuẩn nghèo đa chiều giai đoạn 2022-2026,rate_percent,2024,13.44124486,old_63,52,Bình Định
1.7,Tỷ lệ hộ cận nghèo/số hộ cận nghèo dân tộc thiểu số theo chuẩn nghèo đa chiều giai đoạn 2022-2026,count_households,2021,2241,old_63,52,Bình Định
1.7,Tỷ lệ hộ cận nghèo/số hộ cận nghèo dân tộc thiểu số theo chuẩn nghèo đa chiều giai đoạn 2022-2026,count_households,2022,2238,old_63,52,Bình Định
1.7,Tỷ lệ hộ cận nghèo/số hộ cận nghèo dân tộc thiểu số theo chuẩn nghèo đa chiều giai đoạn 2022-2026,count_households,2023,1709,old_63,52,Bình Định
1.7,Tỷ lệ hộ cận nghèo/số hộ cận nghèo dân tộc thiểu số theo chuẩn nghèo đa chiều giai đoạn 2022-2026,count_households,2024,1503,old_63,52,Bình Định
1.7,Tỷ lệ hộ cận nghèo/số hộ cận nghèo dân tộc thiểu số theo chuẩn nghèo đa chiều giai đoạn 2022-2026,rate_percent,2021,24.88439688,old_63,54,Phú Yên
1.7,Tỷ lệ hộ cận nghèo/số hộ cận nghèo dân tộc thiểu số theo chuẩn nghèo đa chiều giai đoạn 2022-2026,rate_percent,2022,24.13038038,old_63,54,Phú Yên
1.7,Tỷ lệ hộ cận nghèo/số hộ cận nghèo dân tộc thiểu số theo chuẩn nghèo đa chiều giai đoạn 2022-2026,rate_percent,2023,23.76144949,old_63,54,Phú Yên
1.7,Tỷ lệ hộ cận nghèo/số hộ cận nghèo dân tộc thiểu số theo chuẩn nghèo đa chiều giai đoạn 2022-2026,rate_percent,2024,22.31676658,old_63,54,Phú Yên
1.7,Tỷ lệ hộ cận nghèo/số hộ cận nghèo dân tộc thiểu số theo chuẩn nghèo đa chiều giai đoạn 2022-2026,count_households,2021,3767,old_63,54,Phú Yên
1.7,Tỷ lệ hộ cận nghèo/số hộ cận nghèo dân tộc thiểu số theo chuẩn nghèo đa chiều giai đoạn 2022-2026,count_households,2022,3857,old_63,54,Phú Yên
1.7,Tỷ lệ hộ cận nghèo/số hộ cận nghèo dân tộc thiểu số theo chuẩn nghèo đa chiều giai đoạn 2022-2026,count_households,2023,3554,old_63,54,Phú Yên
1.7,Tỷ lệ hộ cận nghèo/số hộ cận nghèo dân tộc thiểu số theo chuẩn nghèo đa chiều giai đoạn 2022-2026,count_households,2024,3462,old_63,54,Phú Yên
1.7,Tỷ lệ hộ cận nghèo/số hộ cận nghèo dân tộc thiểu số theo chuẩn nghèo đa chiều giai đoạn 2022-2026,rate_percent,2021,24.36573043,old_63,56,Khánh Hòa
1.7,Tỷ lệ hộ cận nghèo/số hộ cận nghèo dân tộc thiểu số theo chuẩn nghèo đa chiều giai đoạn 2022-2026,rate_percent,2022,22.12923729,old_63,56,Khánh Hòa
1.7,Tỷ lệ hộ cận nghèo/số hộ cận nghèo dân tộc thiểu số theo chuẩn nghèo đa chiều giai đoạn 2022-2026,rate_percent,2023,18.18796484,old_63,56,Khánh Hòa
1.7,Tỷ lệ hộ cận nghèo/số hộ cận nghèo dân tộc thiểu số theo chuẩn nghèo đa chiều giai đoạn 2022-2026,rate_percent,2024,12.69120334,old_63,56,Khánh Hòa
1.7,Tỷ lệ hộ cận nghèo/số hộ cận nghèo dân tộc thiểu số theo chuẩn nghèo đa chiều giai đoạn 2022-2026,count_households,2021,4485,old_63,56,Khánh Hòa
1.7,Tỷ lệ hộ cận nghèo/số hộ cận nghèo dân tộc thiểu số theo chuẩn nghèo đa chiều giai đoạn 2022-2026,count_households,2022,4178,old_63,56,Khánh Hòa
1.7,Tỷ lệ hộ cận nghèo/số hộ cận nghèo dân tộc thiểu số theo chuẩn nghèo đa chiều giai đoạn 2022-2026,count_households,2023,3497,old_63,56,Khánh Hòa
1.7,Tỷ lệ hộ cận nghèo/số hộ cận nghèo dân tộc thiểu số theo chuẩn nghèo đa chiều giai đoạn 2022-2026,count_households,2024,2431,old_63,56,Khánh Hòa
1.7,Tỷ lệ hộ cận nghèo/số hộ cận nghèo dân tộc thiểu số theo chuẩn nghèo đa chiều giai đoạn 2022-2026,rate_percent,2021,12.3793449,old_63,58,Ninh Thuận
1.7,Tỷ lệ hộ cận nghèo/số hộ cận nghèo dân tộc thiểu số theo chuẩn nghèo đa chiều giai đoạn 2022-2026,rate_percent,2022,10.00355999,old_63,58,Ninh Thuận
1.7,Tỷ lệ hộ cận nghèo/số hộ cận nghèo dân tộc thiểu số theo chuẩn nghèo đa chiều giai đoạn 2022-2026,rate_percent,2023,8.908759309,old_63,58,Ninh Thuận
1.7,Tỷ lệ hộ cận nghèo/số hộ cận nghèo dân tộc thiểu số theo chuẩn nghèo đa chiều giai đoạn 2022-2026,rate_percent,2024,7.864159976,old_63,58,Ninh Thuận
1.7,Tỷ lệ hộ cận nghèo/số hộ cận nghèo dân tộc thiểu số theo chuẩn nghèo đa chiều giai đoạn 2022-2026,count_households,2021,4694,old_63,58,Ninh Thuận
1.7,Tỷ lệ hộ cận nghèo/số hộ cận nghèo dân tộc thiểu số theo chuẩn nghèo đa chiều giai đoạn 2022-2026,count_households,2022,3934,old_63,58,Ninh Thuận
1.7,Tỷ lệ hộ cận nghèo/số hộ cận nghèo dân tộc thiểu số theo chuẩn nghèo đa chiều giai đoạn 2022-2026,count_households,2023,3517,old_63,58,Ninh Thuận
1.7,Tỷ lệ hộ cận nghèo/số hộ cận nghèo dân tộc thiểu số theo chuẩn nghèo đa chiều giai đoạn 2022-2026,count_households,2024,3154,old_63,58,Ninh Thuận
1.7,Tỷ lệ hộ cận nghèo/số hộ cận nghèo dân tộc thiểu số theo chuẩn nghèo đa chiều giai đoạn 2022-2026,rate_percent,2021,13.65565028,old_63,60,Bình Thuận
1.7,Tỷ lệ hộ cận nghèo/số hộ cận nghèo dân tộc thiểu số theo chuẩn nghèo đa chiều giai đoạn 2022-2026,rate_percent,2022,12.85593351,old_63,60,Bình Thuận
1.7,Tỷ lệ hộ cận nghèo/số hộ cận nghèo dân tộc thiểu số theo chuẩn nghèo đa chiều giai đoạn 2022-2026,rate_percent,2023,10.73476362,old_63,60,Bình Thuận
1.7,Tỷ lệ hộ cận nghèo/số hộ cận nghèo dân tộc thiểu số theo chuẩn nghèo đa chiều giai đoạn 2022-2026,rate_percent,2024,8.472815422,old_63,60,Bình Thuận
1.7,Tỷ lệ hộ cận nghèo/số hộ cận nghèo dân tộc thiểu số theo chuẩn nghèo đa chiều giai đoạn 2022-2026,count_households,2021,3508,old_63,60,Bình Thuận
1.7,Tỷ lệ hộ cận nghèo/số hộ cận nghèo dân tộc thiểu số theo chuẩn nghèo đa chiều giai đoạn 2022-2026,count_households,2022,3341,old_63,60,Bình Thuận
1.7,Tỷ lệ hộ cận nghèo/số hộ cận nghèo dân tộc thiểu số theo chuẩn nghèo đa chiều giai đoạn 2022-2026,count_households,2023,2827,old_63,60,Bình Thuận
1.7,Tỷ lệ hộ cận nghèo/số hộ cận nghèo dân tộc thiểu số theo chuẩn nghèo đa chiều giai đoạn 2022-2026,count_households,2024,2202,old_63,60,Bình Thuận
1.7,Tỷ lệ hộ cận nghèo/số hộ cận nghèo dân tộc thiểu số theo chuẩn nghèo đa chiều giai đoạn 2022-2026,rate_percent,2021,13.07221117,old_63,66,Đắk Lắk
1.7,Tỷ lệ hộ cận nghèo/số hộ cận nghèo dân tộc thiểu số theo chuẩn nghèo đa chiều giai đoạn 2022-2026,rate_percent,2022,13.21315156,old_63,66,Đắk Lắk
1.7,Tỷ lệ hộ cận nghèo/số hộ cận nghèo dân tộc thiểu số theo chuẩn nghèo đa chiều giai đoạn 2022-2026,rate_percent,2023,11.95776274,old_63,66,Đắk Lắk
1.7,Tỷ lệ hộ cận nghèo/số hộ cận nghèo dân tộc thiểu số theo chuẩn nghèo đa chiều giai đoạn 2022-2026,rate_percent,2024,9.401361927,old_63,66,Đắk Lắk
1.7,Tỷ lệ hộ cận nghèo/số hộ cận nghèo dân tộc thiểu số theo chuẩn nghèo đa chiều giai đoạn 2022-2026,count_households,2021,20295,old_63,66,Đắk Lắk
1.7,Tỷ lệ hộ cận nghèo/số hộ cận nghèo dân tộc thiểu số theo chuẩn nghèo đa chiều giai đoạn 2022-2026,count_households,2022,20596,old_63,66,Đắk Lắk
1.7,Tỷ lệ hộ cận nghèo/số hộ cận nghèo dân tộc thiểu số theo chuẩn nghèo đa chiều giai đoạn 2022-2026,count_households,2023,18957,old_63,66,Đắk Lắk
1.7,Tỷ lệ hộ cận nghèo/số hộ cận nghèo dân tộc thiểu số theo chuẩn nghèo đa chiều giai đoạn 2022-2026,count_households,2024,16650,old_63,66,Đắk Lắk
1.7,Tỷ lệ hộ cận nghèo/số hộ cận nghèo dân tộc thiểu số theo chuẩn nghèo đa chiều giai đoạn 2022-2026,rate_percent,2021,12.29517187,old_63,67,Đắk Nông
1.7,Tỷ lệ hộ cận nghèo/số hộ cận nghèo dân tộc thiểu số theo chuẩn nghèo đa chiều giai đoạn 2022-2026,rate_percent,2022,13.58907672,old_63,67,Đắk Nông
1.7,Tỷ lệ hộ cận nghèo/số hộ cận nghèo dân tộc thiểu số theo chuẩn nghèo đa chiều giai đoạn 2022-2026,rate_percent,2023,14.51785862,old_63,67,Đắk Nông
1.7,Tỷ lệ hộ cận nghèo/số hộ cận nghèo dân tộc thiểu số theo chuẩn nghèo đa chiều giai đoạn 2022-2026,rate_percent,2024,10.70441428,old_63,67,Đắk Nông
1.7,Tỷ lệ hộ cận nghèo/số hộ cận nghèo dân tộc thiểu số theo chuẩn nghèo đa chiều giai đoạn 2022-2026,count_households,2021,5605,old_63,67,Đắk Nông
1.7,Tỷ lệ hộ cận nghèo/số hộ cận nghèo dân tộc thiểu số theo chuẩn nghèo đa chiều giai đoạn 2022-2026,count_households,2022,6479,old_63,67,Đắk Nông
1.7,Tỷ lệ hộ cận nghèo/số hộ cận nghèo dân tộc thiểu số theo chuẩn nghèo đa chiều giai đoạn 2022-2026,count_households,2023,7040,old_63,67,Đắk Nông
1.7,Tỷ lệ hộ cận nghèo/số hộ cận nghèo dân tộc thiểu số theo chuẩn nghèo đa chiều giai đoạn 2022-2026,count_households,2024,5267,old_63,67,Đắk Nông
1.7,Tỷ lệ hộ cận nghèo/số hộ cận nghèo dân tộc thiểu số theo chuẩn nghèo đa chiều giai đoạn 2022-2026,rate_percent,2021,15.76786549,old_63,64,Gia Lai
1.7,Tỷ lệ hộ cận nghèo/số hộ cận nghèo dân tộc thiểu số theo chuẩn nghèo đa chiều giai đoạn 2022-2026,rate_percent,2022,17.53577942,old_63,64,Gia Lai
1.7,Tỷ lệ hộ cận nghèo/số hộ cận nghèo dân tộc thiểu số theo chuẩn nghèo đa chiều giai đoạn 2022-2026,rate_percent,2023,16.86612858,old_63,64,Gia Lai
1.7,Tỷ lệ hộ cận nghèo/số hộ cận nghèo dân tộc thiểu số theo chuẩn nghèo đa chiều giai đoạn 2022-2026,rate_percent,2024,16.41712182,old_63,64,Gia Lai
1.7,Tỷ lệ hộ cận nghèo/số hộ cận nghèo dân tộc thiểu số theo chuẩn nghèo đa chiều giai đoạn 2022-2026,count_households,2021,24964,old_63,64,Gia Lai
1.7,Tỷ lệ hộ cận nghèo/số hộ cận nghèo dân tộc thiểu số theo chuẩn nghèo đa chiều giai đoạn 2022-2026,count_households,2022,28365,old_63,64,Gia Lai
1.7,Tỷ lệ hộ cận nghèo/số hộ cận nghèo dân tộc thiểu số theo chuẩn nghèo đa chiều giai đoạn 2022-2026,count_households,2023,27876,old_63,64,Gia Lai
1.7,Tỷ lệ hộ cận nghèo/số hộ cận nghèo dân tộc thiểu số theo chuẩn nghèo đa chiều giai đoạn 2022-2026,count_households,2024,27653,old_63,64,Gia Lai
1.7,Tỷ lệ hộ cận nghèo/số hộ cận nghèo dân tộc thiểu số theo chuẩn nghèo đa chiều giai đoạn 2022-2026,rate_percent,2021,11.54731661,old_63,62,Kon Tum
1.7,Tỷ lệ hộ cận nghèo/số hộ cận nghèo dân tộc thiểu số theo chuẩn nghèo đa chiều giai đoạn 2022-2026,rate_percent,2022,10.37711177,old_63,62,Kon Tum
1.7,Tỷ lệ hộ cận nghèo/số hộ cận nghèo dân tộc thiểu số theo chuẩn nghèo đa chiều giai đoạn 2022-2026,rate_percent,2023,7.520059473,old_63,62,Kon Tum
1.7,Tỷ lệ hộ cận nghèo/số hộ cận nghèo dân tộc thiểu số theo chuẩn nghèo đa chiều giai đoạn 2022-2026,rate_percent,2024,6.180781554,old_63,62,Kon Tum
1.7,Tỷ lệ hộ cận nghèo/số hộ cận nghèo dân tộc thiểu số theo chuẩn nghèo đa chiều giai đoạn 2022-2026,count_households,2021,8727,old_63,62,Kon Tum
1.7,Tỷ lệ hộ cận nghèo/số hộ cận nghèo dân tộc thiểu số theo chuẩn nghèo đa chiều giai đoạn 2022-2026,count_households,2022,7936,old_63,62,Kon Tum
1.7,Tỷ lệ hộ cận nghèo/số hộ cận nghèo dân tộc thiểu số theo chuẩn nghèo đa chiều giai đoạn 2022-2026,count_households,2023,5867,old_63,62,Kon Tum
1.7,Tỷ lệ hộ cận nghèo/số hộ cận nghèo dân tộc thiểu số theo chuẩn nghèo đa chiều giai đoạn 2022-2026,count_households,2024,4900,old_63,62,Kon Tum
1.7,Tỷ lệ hộ cận nghèo/số hộ cận nghèo dân tộc thiểu số theo chuẩn nghèo đa chiều giai đoạn 2022-2026,rate_percent,2021,8.574018427,old_63,68,Lâm Đồng
1.7,Tỷ lệ hộ cận nghèo/số hộ cận nghèo dân tộc thiểu số theo chuẩn nghèo đa chiều giai đoạn 2022-2026,rate_percent,2022,8.574018427,old_63,68,Lâm Đồng
1.7,Tỷ lệ hộ cận nghèo/số hộ cận nghèo dân tộc thiểu số theo chuẩn nghèo đa chiều giai đoạn 2022-2026,rate_percent,2023,5.505882931,old_63,68,Lâm Đồng
1.7,Tỷ lệ hộ cận nghèo/số hộ cận nghèo dân tộc thiểu số theo chuẩn nghèo đa chiều giai đoạn 2022-2026,rate_percent,2024,3.558983356,old_63,68,Lâm Đồng
1.7,Tỷ lệ hộ cận nghèo/số hộ cận nghèo dân tộc thiểu số theo chuẩn nghèo đa chiều giai đoạn 2022-2026,count_households,2021,6905,old_63,68,Lâm Đồng
1.7,Tỷ lệ hộ cận nghèo/số hộ cận nghèo dân tộc thiểu số theo chuẩn nghèo đa chiều giai đoạn 2022-2026,count_households,2022,6905,old_63,68,Lâm Đồng
1.7,Tỷ lệ hộ cận nghèo/số hộ cận nghèo dân tộc thiểu số theo chuẩn nghèo đa chiều giai đoạn 2022-2026,count_households,2023,4483,old_63,68,Lâm Đồng
1.7,Tỷ lệ hộ cận nghèo/số hộ cận nghèo dân tộc thiểu số theo chuẩn nghèo đa chiều giai đoạn 2022-2026,count_households,2024,2921,old_63,68,Lâm Đồng
1.7,Tỷ lệ hộ cận nghèo/số hộ cận nghèo dân tộc thiểu số theo chuẩn nghèo đa chiều giai đoạn 2022-2026,rate_percent,2021,0,old_63,79,TP. Hồ Chí Minh
1.7,Tỷ lệ hộ cận nghèo/số hộ cận nghèo dân tộc thiểu số theo chuẩn nghèo đa chiều giai đoạn 2022-2026,rate_percent,2022,0,old_63,79,TP. Hồ Chí Minh
1.7,Tỷ lệ hộ cận nghèo/số hộ cận nghèo dân tộc thiểu số theo chuẩn nghèo đa chiều giai đoạn 2022-2026,rate_percent,2023,0,old_63,79,TP. Hồ Chí Minh
1.7,Tỷ lệ hộ cận nghèo/số hộ cận nghèo dân tộc thiểu số theo chuẩn nghèo đa chiều giai đoạn 2022-2026,rate_percent,2024,0,old_63,79,TP. Hồ Chí Minh
1.7,Tỷ lệ hộ cận nghèo/số hộ cận nghèo dân tộc thiểu số theo chuẩn nghèo đa chiều giai đoạn 2022-2026,count_households,2021,0,old_63,79,TP. Hồ Chí Minh
1.7,Tỷ lệ hộ cận nghèo/số hộ cận nghèo dân tộc thiểu số theo chuẩn nghèo đa chiều giai đoạn 2022-2026,count_households,2022,0,old_63,79,TP. Hồ Chí Minh
1.7,Tỷ lệ hộ cận nghèo/số hộ cận nghèo dân tộc thiểu số theo chuẩn nghèo đa chiều giai đoạn 2022-2026,count_households,2023,0,old_63,79,TP. Hồ Chí Minh
1.7,Tỷ lệ hộ cận nghèo/số hộ cận nghèo dân tộc thiểu số theo chuẩn nghèo đa chiều giai đoạn 2022-2026,count_households,2024,0,old_63,79,TP. Hồ Chí Minh
1.7,Tỷ lệ hộ cận nghèo/số hộ cận nghèo dân tộc thiểu số theo chuẩn nghèo đa chiều giai đoạn 2022-2026,rate_percent,2021,0.18638171,old_63,75,Đồng Nai
1.7,Tỷ lệ hộ cận nghèo/số hộ cận nghèo dân tộc thiểu số theo chuẩn nghèo đa chiều giai đoạn 2022-2026,rate_percent,2022,0.180618438,old_63,75,Đồng Nai
1.7,Tỷ lệ hộ cận nghèo/số hộ cận nghèo dân tộc thiểu số theo chuẩn nghèo đa chiều giai đoạn 2022-2026,rate_percent,2023,1.941353078,old_63,75,Đồng Nai
1.7,Tỷ lệ hộ cận nghèo/số hộ cận nghèo dân tộc thiểu số theo chuẩn nghèo đa chiều giai đoạn 2022-2026,rate_percent,2024,0.040890113,old_63,75,Đồng Nai
1.7,Tỷ lệ hộ cận nghèo/số hộ cận nghèo dân tộc thiểu số theo chuẩn nghèo đa chiều giai đoạn 2022-2026,count_households,2021,75,old_63,75,Đồng Nai
1.7,Tỷ lệ hộ cận nghèo/số hộ cận nghèo dân tộc thiểu số theo chuẩn nghèo đa chiều giai đoạn 2022-2026,count_households,2022,75,old_63,75,Đồng Nai
1.7,Tỷ lệ hộ cận nghèo/số hộ cận nghèo dân tộc thiểu số theo chuẩn nghèo đa chiều giai đoạn 2022-2026,count_households,2023,860,old_63,75,Đồng Nai
1.7,Tỷ lệ hộ cận nghèo/số hộ cận nghèo dân tộc thiểu số theo chuẩn nghèo đa chiều giai đoạn 2022-2026,count_households,2024,19,old_63,75,Đồng Nai
1.7,Tỷ lệ hộ cận nghèo/số hộ cận nghèo dân tộc thiểu số theo chuẩn nghèo đa chiều giai đoạn 2022-2026,rate_percent,2021,0,old_63,74,Bình Dương
1.7,Tỷ lệ hộ cận nghèo/số hộ cận nghèo dân tộc thiểu số theo chuẩn nghèo đa chiều giai đoạn 2022-2026,rate_percent,2022,0,old_63,74,Bình Dương
1.7,Tỷ lệ hộ cận nghèo/số hộ cận nghèo dân tộc thiểu số theo chuẩn nghèo đa chiều giai đoạn 2022-2026,rate_percent,2023,0,old_63,74,Bình Dương
1.7,Tỷ lệ hộ cận nghèo/số hộ cận nghèo dân tộc thiểu số theo chuẩn nghèo đa chiều giai đoạn 2022-2026,rate_percent,2024,0,old_63,74,Bình Dương
1.7,Tỷ lệ hộ cận nghèo/số hộ cận nghèo dân tộc thiểu số theo chuẩn nghèo đa chiều giai đoạn 2022-2026,count_households,2021,0,old_63,74,Bình Dương
1.7,Tỷ lệ hộ cận nghèo/số hộ cận nghèo dân tộc thiểu số theo chuẩn nghèo đa chiều giai đoạn 2022-2026,count_households,2022,0,old_63,74,Bình Dương
1.7,Tỷ lệ hộ cận nghèo/số hộ cận nghèo dân tộc thiểu số theo chuẩn nghèo đa chiều giai đoạn 2022-2026,count_households,2023,11,old_63,74,Bình Dương
1.7,Tỷ lệ hộ cận nghèo/số hộ cận nghèo dân tộc thiểu số theo chuẩn nghèo đa chiều giai đoạn 2022-2026,count_households,2024,0,old_63,74,Bình Dương
1.7,Tỷ lệ hộ cận nghèo/số hộ cận nghèo dân tộc thiểu số theo chuẩn nghèo đa chiều giai đoạn 2022-2026,rate_percent,2021,2.988490714,old_63,70,Bình Phước
1.7,Tỷ lệ hộ cận nghèo/số hộ cận nghèo dân tộc thiểu số theo chuẩn nghèo đa chiều giai đoạn 2022-2026,rate_percent,2022,3.561871606,old_63,70,Bình Phước
1.7,Tỷ lệ hộ cận nghèo/số hộ cận nghèo dân tộc thiểu số theo chuẩn nghèo đa chiều giai đoạn 2022-2026,rate_percent,2023,2.720539031,old_63,70,Bình Phước
1.7,Tỷ lệ hộ cận nghèo/số hộ cận nghèo dân tộc thiểu số theo chuẩn nghèo đa chiều giai đoạn 2022-2026,rate_percent,2024,1.815213216,old_63,70,Bình Phước
1.7,Tỷ lệ hộ cận nghèo/số hộ cận nghèo dân tộc thiểu số theo chuẩn nghèo đa chiều giai đoạn 2022-2026,count_households,2021,1371,old_63,70,Bình Phước
1.7,Tỷ lệ hộ cận nghèo/số hộ cận nghèo dân tộc thiểu số theo chuẩn nghèo đa chiều giai đoạn 2022-2026,count_households,2022,1371,old_63,70,Bình Phước
1.7,Tỷ lệ hộ cận nghèo/số hộ cận nghèo dân tộc thiểu số theo chuẩn nghèo đa chiều giai đoạn 2022-2026,count_households,2023,1179,old_63,70,Bình Phước
1.7,Tỷ lệ hộ cận nghèo/số hộ cận nghèo dân tộc thiểu số theo chuẩn nghèo đa chiều giai đoạn 2022-2026,count_households,2024,756,old_63,70,Bình Phước
1.7,Tỷ lệ hộ cận nghèo/số hộ cận nghèo dân tộc thiểu số theo chuẩn nghèo đa chiều giai đoạn 2022-2026,rate_percent,2021,1.904985889,old_63,72,Tây Ninh
1.7,Tỷ lệ hộ cận nghèo/số hộ cận nghèo dân tộc thiểu số theo chuẩn nghèo đa chiều giai đoạn 2022-2026,rate_percent,2022,2.091942149,old_63,72,Tây Ninh
1.7,Tỷ lệ hộ cận nghèo/số hộ cận nghèo dân tộc thiểu số theo chuẩn nghèo đa chiều giai đoạn 2022-2026,rate_percent,2023,0.022291574,old_63,72,Tây Ninh
1.7,Tỷ lệ hộ cận nghèo/số hộ cận nghèo dân tộc thiểu số theo chuẩn nghèo đa chiều giai đoạn 2022-2026,rate_percent,2024,0.73630925,old_63,72,Tây Ninh
1.7,Tỷ lệ hộ cận nghèo/số hộ cận nghèo dân tộc thiểu số theo chuẩn nghèo đa chiều giai đoạn 2022-2026,count_households,2021,81,old_63,72,Tây Ninh
1.7,Tỷ lệ hộ cận nghèo/số hộ cận nghèo dân tộc thiểu số theo chuẩn nghèo đa chiều giai đoạn 2022-2026,count_households,2022,81,old_63,72,Tây Ninh
1.7,Tỷ lệ hộ cận nghèo/số hộ cận nghèo dân tộc thiểu số theo chuẩn nghèo đa chiều giai đoạn 2022-2026,count_households,2023,1,old_63,72,Tây Ninh
1.7,Tỷ lệ hộ cận nghèo/số hộ cận nghèo dân tộc thiểu số theo chuẩn nghèo đa chiều giai đoạn 2022-2026,count_households,2024,32,old_63,72,Tây Ninh
1.7,Tỷ lệ hộ cận nghèo/số hộ cận nghèo dân tộc thiểu số theo chuẩn nghèo đa chiều giai đoạn 2022-2026,rate_percent,2021,1.424126376,old_63,77,Bà Rịa - Vũng Tàu
1.7,Tỷ lệ hộ cận nghèo/số hộ cận nghèo dân tộc thiểu số theo chuẩn nghèo đa chiều giai đoạn 2022-2026,rate_percent,2022,0,old_63,77,Bà Rịa - Vũng Tàu
1.7,Tỷ lệ hộ cận nghèo/số hộ cận nghèo dân tộc thiểu số theo chuẩn nghèo đa chiều giai đoạn 2022-2026,rate_percent,2023,0,old_63,77,Bà Rịa - Vũng Tàu
1.7,Tỷ lệ hộ cận nghèo/số hộ cận nghèo dân tộc thiểu số theo chuẩn nghèo đa chiều giai đoạn 2022-2026,rate_percent,2024,0,old_63,77,Bà Rịa - Vũng Tàu
1.7,Tỷ lệ hộ cận nghèo/số hộ cận nghèo dân tộc thiểu số theo chuẩn nghèo đa chiều giai đoạn 2022-2026,count_households,2021,119,old_63,77,Bà Rịa - Vũng Tàu
1.7,Tỷ lệ hộ cận nghèo/số hộ cận nghèo dân tộc thiểu số theo chuẩn nghèo đa chiều giai đoạn 2022-2026,count_households,2022,0,old_63,77,Bà Rịa - Vũng Tàu
1.7,Tỷ lệ hộ cận nghèo/số hộ cận nghèo dân tộc thiểu số theo chuẩn nghèo đa chiều giai đoạn 2022-2026,count_households,2023,0,old_63,77,Bà Rịa - Vũng Tàu
1.7,Tỷ lệ hộ cận nghèo/số hộ cận nghèo dân tộc thiểu số theo chuẩn nghèo đa chiều giai đoạn 2022-2026,count_households,2024,0,old_63,77,Bà Rịa - Vũng Tàu
1.7,Tỷ lệ hộ cận nghèo/số hộ cận nghèo dân tộc thiểu số theo chuẩn nghèo đa chiều giai đoạn 2022-2026,rate_percent,2021,0,old_63,80,Long An
1.7,Tỷ lệ hộ cận nghèo/số hộ cận nghèo dân tộc thiểu số theo chuẩn nghèo đa chiều giai đoạn 2022-2026,rate_percent,2022,34,old_63,80,Long An
1.7,Tỷ lệ hộ cận nghèo/số hộ cận nghèo dân tộc thiểu số theo chuẩn nghèo đa chiều giai đoạn 2022-2026,rate_percent,2023,18.75,old_63,80,Long An
1.7,Tỷ lệ hộ cận nghèo/số hộ cận nghèo dân tộc thiểu số theo chuẩn nghèo đa chiều giai đoạn 2022-2026,rate_percent,2024,15,old_63,80,Long An
1.7,Tỷ lệ hộ cận nghèo/số hộ cận nghèo dân tộc thiểu số theo chuẩn nghèo đa chiều giai đoạn 2022-2026,count_households,2021,0,old_63,80,Long An
1.7,Tỷ lệ hộ cận nghèo/số hộ cận nghèo dân tộc thiểu số theo chuẩn nghèo đa chiều giai đoạn 2022-2026,count_households,2022,34,old_63,80,Long An
1.7,Tỷ lệ hộ cận nghèo/số hộ cận nghèo dân tộc thiểu số theo chuẩn nghèo đa chiều giai đoạn 2022-2026,count_households,2023,21,old_63,80,Long An
1.7,Tỷ lệ hộ cận nghèo/số hộ cận nghèo dân tộc thiểu số theo chuẩn nghèo đa chiều giai đoạn 2022-2026,count_households,2024,21,old_63,80,Long An
1.7,Tỷ lệ hộ cận nghèo/số hộ cận nghèo dân tộc thiểu số theo chuẩn nghèo đa chiều giai đoạn 2022-2026,rate_percent,2021,9.433962264,old_63,82,Tiền Giang
1.7,Tỷ lệ hộ cận nghèo/số hộ cận nghèo dân tộc thiểu số theo chuẩn nghèo đa chiều giai đoạn 2022-2026,rate_percent,2022,9.433962264,old_63,82,Tiền Giang
1.7,Tỷ lệ hộ cận nghèo/số hộ cận nghèo dân tộc thiểu số theo chuẩn nghèo đa chiều giai đoạn 2022-2026,rate_percent,2023,8.474576271,old_63,82,Tiền Giang
1.7,Tỷ lệ hộ cận nghèo/số hộ cận nghèo dân tộc thiểu số theo chuẩn nghèo đa chiều giai đoạn 2022-2026,rate_percent,2024,14,old_63,82,Tiền Giang
1.7,Tỷ lệ hộ cận nghèo/số hộ cận nghèo dân tộc thiểu số theo chuẩn nghèo đa chiều giai đoạn 2022-2026,count_households,2021,5,old_63,82,Tiền Giang
1.7,Tỷ lệ hộ cận nghèo/số hộ cận nghèo dân tộc thiểu số theo chuẩn nghèo đa chiều giai đoạn 2022-2026,count_households,2022,5,old_63,82,Tiền Giang
1.7,Tỷ lệ hộ cận nghèo/số hộ cận nghèo dân tộc thiểu số theo chuẩn nghèo đa chiều giai đoạn 2022-2026,count_households,2023,5,old_63,82,Tiền Giang
1.7,Tỷ lệ hộ cận nghèo/số hộ cận nghèo dân tộc thiểu số theo chuẩn nghèo đa chiều giai đoạn 2022-2026,count_households,2024,7,old_63,82,Tiền Giang
1.7,Tỷ lệ hộ cận nghèo/số hộ cận nghèo dân tộc thiểu số theo chuẩn nghèo đa chiều giai đoạn 2022-2026,rate_percent,2021,11.82795699,old_63,83,Bến Tre
1.7,Tỷ lệ hộ cận nghèo/số hộ cận nghèo dân tộc thiểu số theo chuẩn nghèo đa chiều giai đoạn 2022-2026,rate_percent,2022,17.79065081,old_63,83,Bến Tre
1.7,Tỷ lệ hộ cận nghèo/số hộ cận nghèo dân tộc thiểu số theo chuẩn nghèo đa chiều giai đoạn 2022-2026,rate_percent,2023,14.89361702,old_63,83,Bến Tre
1.7,Tỷ lệ hộ cận nghèo/số hộ cận nghèo dân tộc thiểu số theo chuẩn nghèo đa chiều giai đoạn 2022-2026,rate_percent,2024,11.04972376,old_63,83,Bến Tre
1.7,Tỷ lệ hộ cận nghèo/số hộ cận nghèo dân tộc thiểu số theo chuẩn nghèo đa chiều giai đoạn 2022-2026,count_households,2021,22,old_63,83,Bến Tre
1.7,Tỷ lệ hộ cận nghèo/số hộ cận nghèo dân tộc thiểu số theo chuẩn nghèo đa chiều giai đoạn 2022-2026,count_households,2022,25.08481764,old_63,83,Bến Tre
1.7,Tỷ lệ hộ cận nghèo/số hộ cận nghèo dân tộc thiểu số theo chuẩn nghèo đa chiều giai đoạn 2022-2026,count_households,2023,21,old_63,83,Bến Tre
1.7,Tỷ lệ hộ cận nghèo/số hộ cận nghèo dân tộc thiểu số theo chuẩn nghèo đa chiều giai đoạn 2022-2026,count_households,2024,20,old_63,83,Bến Tre
1.7,Tỷ lệ hộ cận nghèo/số hộ cận nghèo dân tộc thiểu số theo chuẩn nghèo đa chiều giai đoạn 2022-2026,rate_percent,2021,9.788942542,old_63,84,Trà Vinh
1.7,Tỷ lệ hộ cận nghèo/số hộ cận nghèo dân tộc thiểu số theo chuẩn nghèo đa chiều giai đoạn 2022-2026,rate_percent,2022,5.764490303,old_63,84,Trà Vinh
1.7,Tỷ lệ hộ cận nghèo/số hộ cận nghèo dân tộc thiểu số theo chuẩn nghèo đa chiều giai đoạn 2022-2026,rate_percent,2023,3.19098149,old_63,84,Trà Vinh
1.7,Tỷ lệ hộ cận nghèo/số hộ cận nghèo dân tộc thiểu số theo chuẩn nghèo đa chiều giai đoạn 2022-2026,rate_percent,2024,2.636702816,old_63,84,Trà Vinh
1.7,Tỷ lệ hộ cận nghèo/số hộ cận nghèo dân tộc thiểu số theo chuẩn nghèo đa chiều giai đoạn 2022-2026,count_households,2021,9021,old_63,84,Trà Vinh
1.7,Tỷ lệ hộ cận nghèo/số hộ cận nghèo dân tộc thiểu số theo chuẩn nghèo đa chiều giai đoạn 2022-2026,count_households,2022,5285,old_63,84,Trà Vinh
1.7,Tỷ lệ hộ cận nghèo/số hộ cận nghèo dân tộc thiểu số theo chuẩn nghèo đa chiều giai đoạn 2022-2026,count_households,2023,2941,old_63,84,Trà Vinh
1.7,Tỷ lệ hộ cận nghèo/số hộ cận nghèo dân tộc thiểu số theo chuẩn nghèo đa chiều giai đoạn 2022-2026,count_households,2024,2424,old_63,84,Trà Vinh
1.7,Tỷ lệ hộ cận nghèo/số hộ cận nghèo dân tộc thiểu số theo chuẩn nghèo đa chiều giai đoạn 2022-2026,rate_percent,2021,8.892808965,old_63,86,Vĩnh Long
1.7,Tỷ lệ hộ cận nghèo/số hộ cận nghèo dân tộc thiểu số theo chuẩn nghèo đa chiều giai đoạn 2022-2026,rate_percent,2022,8.832285809,old_63,86,Vĩnh Long
1.7,Tỷ lệ hộ cận nghèo/số hộ cận nghèo dân tộc thiểu số theo chuẩn nghèo đa chiều giai đoạn 2022-2026,rate_percent,2023,7.040641099,old_63,86,Vĩnh Long
1.7,Tỷ lệ hộ cận nghèo/số hộ cận nghèo dân tộc thiểu số theo chuẩn nghèo đa chiều giai đoạn 2022-2026,rate_percent,2024,4.895821473,old_63,86,Vĩnh Long
1.7,Tỷ lệ hộ cận nghèo/số hộ cận nghèo dân tộc thiểu số theo chuẩn nghèo đa chiều giai đoạn 2022-2026,count_households,2021,857,old_63,86,Vĩnh Long
1.7,Tỷ lệ hộ cận nghèo/số hộ cận nghèo dân tộc thiểu số theo chuẩn nghèo đa chiều giai đoạn 2022-2026,count_households,2022,801,old_63,86,Vĩnh Long
1.7,Tỷ lệ hộ cận nghèo/số hộ cận nghèo dân tộc thiểu số theo chuẩn nghèo đa chiều giai đoạn 2022-2026,count_households,2023,615,old_63,86,Vĩnh Long
1.7,Tỷ lệ hộ cận nghèo/số hộ cận nghèo dân tộc thiểu số theo chuẩn nghèo đa chiều giai đoạn 2022-2026,count_households,2024,430,old_63,86,Vĩnh Long
1.7,Tỷ lệ hộ cận nghèo/số hộ cận nghèo dân tộc thiểu số theo chuẩn nghèo đa chiều giai đoạn 2022-2026,rate_percent,2021,8.591164196,old_63,92,Cần Thơ
1.7,Tỷ lệ hộ cận nghèo/số hộ cận nghèo dân tộc thiểu số theo chuẩn nghèo đa chiều giai đoạn 2022-2026,rate_percent,2022,4.272231358,old_63,92,Cần Thơ
1.7,Tỷ lệ hộ cận nghèo/số hộ cận nghèo dân tộc thiểu số theo chuẩn nghèo đa chiều giai đoạn 2022-2026,rate_percent,2023,4.284170188,old_63,92,Cần Thơ
1.7,Tỷ lệ hộ cận nghèo/số hộ cận nghèo dân tộc thiểu số theo chuẩn nghèo đa chiều giai đoạn 2022-2026,rate_percent,2024,3.503087982,old_63,92,Cần Thơ
1.7,Tỷ lệ hộ cận nghèo/số hộ cận nghèo dân tộc thiểu số theo chuẩn nghèo đa chiều giai đoạn 2022-2026,count_households,2021,597,old_63,92,Cần Thơ
1.7,Tỷ lệ hộ cận nghèo/số hộ cận nghèo dân tộc thiểu số theo chuẩn nghèo đa chiều giai đoạn 2022-2026,count_households,2022,423.2926829,old_63,92,Cần Thơ
1.7,Tỷ lệ hộ cận nghèo/số hộ cận nghèo dân tộc thiểu số theo chuẩn nghèo đa chiều giai đoạn 2022-2026,count_households,2023,436,old_63,92,Cần Thơ
1.7,Tỷ lệ hộ cận nghèo/số hộ cận nghèo dân tộc thiểu số theo chuẩn nghèo đa chiều giai đoạn 2022-2026,count_households,2024,346,old_63,92,Cần Thơ
1.7,Tỷ lệ hộ cận nghèo/số hộ cận nghèo dân tộc thiểu số theo chuẩn nghèo đa chiều giai đoạn 2022-2026,rate_percent,2021,5.472392638,old_63,93,Hậu Giang
1.7,Tỷ lệ hộ cận nghèo/số hộ cận nghèo dân tộc thiểu số theo chuẩn nghèo đa chiều giai đoạn 2022-2026,rate_percent,2022,4.983510443,old_63,93,Hậu Giang
1.7,Tỷ lệ hộ cận nghèo/số hộ cận nghèo dân tộc thiểu số theo chuẩn nghèo đa chiều giai đoạn 2022-2026,rate_percent,2023,6.661390318,old_63,93,Hậu Giang
1.7,Tỷ lệ hộ cận nghèo/số hộ cận nghèo dân tộc thiểu số theo chuẩn nghèo đa chiều giai đoạn 2022-2026,rate_percent,2024,6.13978633,old_63,93,Hậu Giang
1.7,Tỷ lệ hộ cận nghèo/số hộ cận nghèo dân tộc thiểu số theo chuẩn nghèo đa chiều giai đoạn 2022-2026,count_households,2021,446,old_63,93,Hậu Giang
1.7,Tỷ lệ hộ cận nghèo/số hộ cận nghèo dân tộc thiểu số theo chuẩn nghèo đa chiều giai đoạn 2022-2026,count_households,2022,408,old_63,93,Hậu Giang
1.7,Tỷ lệ hộ cận nghèo/số hộ cận nghèo dân tộc thiểu số theo chuẩn nghèo đa chiều giai đoạn 2022-2026,count_households,2023,505,old_63,93,Hậu Giang
1.7,Tỷ lệ hộ cận nghèo/số hộ cận nghèo dân tộc thiểu số theo chuẩn nghèo đa chiều giai đoạn 2022-2026,count_households,2024,477,old_63,93,Hậu Giang
1.7,Tỷ lệ hộ cận nghèo/số hộ cận nghèo dân tộc thiểu số theo chuẩn nghèo đa chiều giai đoạn 2022-2026,rate_percent,2021,10.40674519,old_63,94,Sóc Trăng
1.7,Tỷ lệ hộ cận nghèo/số hộ cận nghèo dân tộc thiểu số theo chuẩn nghèo đa chiều giai đoạn 2022-2026,rate_percent,2022,9.209511296,old_63,94,Sóc Trăng
1.7,Tỷ lệ hộ cận nghèo/số hộ cận nghèo dân tộc thiểu số theo chuẩn nghèo đa chiều giai đoạn 2022-2026,rate_percent,2023,7.711604571,old_63,94,Sóc Trăng
1.7,Tỷ lệ hộ cận nghèo/số hộ cận nghèo dân tộc thiểu số theo chuẩn nghèo đa chiều giai đoạn 2022-2026,rate_percent,2024,5.92321969,old_63,94,Sóc Trăng
1.7,Tỷ lệ hộ cận nghèo/số hộ cận nghèo dân tộc thiểu số theo chuẩn nghèo đa chiều giai đoạn 2022-2026,count_households,2021,12281,old_63,94,Sóc Trăng
1.7,Tỷ lệ hộ cận nghèo/số hộ cận nghèo dân tộc thiểu số theo chuẩn nghèo đa chiều giai đoạn 2022-2026,count_households,2022,10864,old_63,94,Sóc Trăng
1.7,Tỷ lệ hộ cận nghèo/số hộ cận nghèo dân tộc thiểu số theo chuẩn nghèo đa chiều giai đoạn 2022-2026,count_households,2023,9130,old_63,94,Sóc Trăng
1.7,Tỷ lệ hộ cận nghèo/số hộ cận nghèo dân tộc thiểu số theo chuẩn nghèo đa chiều giai đoạn 2022-2026,count_households,2024,7085,old_63,94,Sóc Trăng
1.7,Tỷ lệ hộ cận nghèo/số hộ cận nghèo dân tộc thiểu số theo chuẩn nghèo đa chiều giai đoạn 2022-2026,rate_percent,2021,7.091727548,old_63,89,An Giang
1.7,Tỷ lệ hộ cận nghèo/số hộ cận nghèo dân tộc thiểu số theo chuẩn nghèo đa chiều giai đoạn 2022-2026,rate_percent,2022,7.793361211,old_63,89,An Giang
1.7,Tỷ lệ hộ cận nghèo/số hộ cận nghèo dân tộc thiểu số theo chuẩn nghèo đa chiều giai đoạn 2022-2026,rate_percent,2023,6.600014757,old_63,89,An Giang
1.7,Tỷ lệ hộ cận nghèo/số hộ cận nghèo dân tộc thiểu số theo chuẩn nghèo đa chiều giai đoạn 2022-2026,rate_percent,2024,5.675075534,old_63,89,An Giang
1.7,Tỷ lệ hộ cận nghèo/số hộ cận nghèo dân tộc thiểu số theo chuẩn nghèo đa chiều giai đoạn 2022-2026,count_households,2021,1922,old_63,89,An Giang
1.7,Tỷ lệ hộ cận nghèo/số hộ cận nghèo dân tộc thiểu số theo chuẩn nghèo đa chiều giai đoạn 2022-2026,count_households,2022,2106,old_63,89,An Giang
1.7,Tỷ lệ hộ cận nghèo/số hộ cận nghèo dân tộc thiểu số theo chuẩn nghèo đa chiều giai đoạn 2022-2026,count_households,2023,1789,old_63,89,An Giang
1.7,Tỷ lệ hộ cận nghèo/số hộ cận nghèo dân tộc thiểu số theo chuẩn nghèo đa chiều giai đoạn 2022-2026,count_households,2024,1559,old_63,89,An Giang
1.7,Tỷ lệ hộ cận nghèo/số hộ cận nghèo dân tộc thiểu số theo chuẩn nghèo đa chiều giai đoạn 2022-2026,rate_percent,2021,46.66666667,old_63,87,Đồng Tháp
1.7,Tỷ lệ hộ cận nghèo/số hộ cận nghèo dân tộc thiểu số theo chuẩn nghèo đa chiều giai đoạn 2022-2026,rate_percent,2022,51.11111111,old_63,87,Đồng Tháp
1.7,Tỷ lệ hộ cận nghèo/số hộ cận nghèo dân tộc thiểu số theo chuẩn nghèo đa chiều giai đoạn 2022-2026,rate_percent,2023,0,old_63,87,Đồng Tháp
1.7,Tỷ lệ hộ cận nghèo/số hộ cận nghèo dân tộc thiểu số theo chuẩn nghèo đa chiều giai đoạn 2022-2026,rate_percent,2024,0,old_63,87,Đồng Tháp
1.7,Tỷ lệ hộ cận nghèo/số hộ cận nghèo dân tộc thiểu số theo chuẩn nghèo đa chiều giai đoạn 2022-2026,count_households,2021,21,old_63,87,Đồng Tháp
1.7,Tỷ lệ hộ cận nghèo/số hộ cận nghèo dân tộc thiểu số theo chuẩn nghèo đa chiều giai đoạn 2022-2026,count_households,2022,23,old_63,87,Đồng Tháp
1.7,Tỷ lệ hộ cận nghèo/số hộ cận nghèo dân tộc thiểu số theo chuẩn nghèo đa chiều giai đoạn 2022-2026,count_households,2023,0,old_63,87,Đồng Tháp
1.7,Tỷ lệ hộ cận nghèo/số hộ cận nghèo dân tộc thiểu số theo chuẩn nghèo đa chiều giai đoạn 2022-2026,count_households,2024,0,old_63,87,Đồng Tháp
1.7,Tỷ lệ hộ cận nghèo/số hộ cận nghèo dân tộc thiểu số theo chuẩn nghèo đa chiều giai đoạn 2022-2026,rate_percent,2021,6.807397668,old_63,91,Kiên Giang
1.7,Tỷ lệ hộ cận nghèo/số hộ cận nghèo dân tộc thiểu số theo chuẩn nghèo đa chiều giai đoạn 2022-2026,rate_percent,2022,5.591829659,old_63,91,Kiên Giang
1.7,Tỷ lệ hộ cận nghèo/số hộ cận nghèo dân tộc thiểu số theo chuẩn nghèo đa chiều giai đoạn 2022-2026,rate_percent,2023,3.64182091,old_63,91,Kiên Giang
1.7,Tỷ lệ hộ cận nghèo/số hộ cận nghèo dân tộc thiểu số theo chuẩn nghèo đa chiều giai đoạn 2022-2026,rate_percent,2024,2.726571809,old_63,91,Kiên Giang
1.7,Tỷ lệ hộ cận nghèo/số hộ cận nghèo dân tộc thiểu số theo chuẩn nghèo đa chiều giai đoạn 2022-2026,count_households,2021,4763,old_63,91,Kiên Giang
1.7,Tỷ lệ hộ cận nghèo/số hộ cận nghèo dân tộc thiểu số theo chuẩn nghèo đa chiều giai đoạn 2022-2026,count_households,2022,3871,old_63,91,Kiên Giang
1.7,Tỷ lệ hộ cận nghèo/số hộ cận nghèo dân tộc thiểu số theo chuẩn nghèo đa chiều giai đoạn 2022-2026,count_households,2023,2548,old_63,91,Kiên Giang
1.7,Tỷ lệ hộ cận nghèo/số hộ cận nghèo dân tộc thiểu số theo chuẩn nghèo đa chiều giai đoạn 2022-2026,count_households,2024,1945,old_63,91,Kiên Giang
1.7,Tỷ lệ hộ cận nghèo/số hộ cận nghèo dân tộc thiểu số theo chuẩn nghèo đa chiều giai đoạn 2022-2026,rate_percent,2021,9.780030693,old_63,95,Bạc Liêu
1.7,Tỷ lệ hộ cận nghèo/số hộ cận nghèo dân tộc thiểu số theo chuẩn nghèo đa chiều giai đoạn 2022-2026,rate_percent,2022,8.431741947,old_63,95,Bạc Liêu
1.7,Tỷ lệ hộ cận nghèo/số hộ cận nghèo dân tộc thiểu số theo chuẩn nghèo đa chiều giai đoạn 2022-2026,rate_percent,2023,5.578546598,old_63,95,Bạc Liêu
1.7,Tỷ lệ hộ cận nghèo/số hộ cận nghèo dân tộc thiểu số theo chuẩn nghèo đa chiều giai đoạn 2022-2026,rate_percent,2024,2.464598422,old_63,95,Bạc Liêu
1.7,Tỷ lệ hộ cận nghèo/số hộ cận nghèo dân tộc thiểu số theo chuẩn nghèo đa chiều giai đoạn 2022-2026,count_households,2021,2103,old_63,95,Bạc Liêu
1.7,Tỷ lệ hộ cận nghèo/số hộ cận nghèo dân tộc thiểu số theo chuẩn nghèo đa chiều giai đoạn 2022-2026,count_households,2022,1835,old_63,95,Bạc Liêu
1.7,Tỷ lệ hộ cận nghèo/số hộ cận nghèo dân tộc thiểu số theo chuẩn nghèo đa chiều giai đoạn 2022-2026,count_households,2023,1011,old_63,95,Bạc Liêu
1.7,Tỷ lệ hộ cận nghèo/số hộ cận nghèo dân tộc thiểu số theo chuẩn nghèo đa chiều giai đoạn 2022-2026,count_households,2024,456,old_63,95,Bạc Liêu
1.7,Tỷ lệ hộ cận nghèo/số hộ cận nghèo dân tộc thiểu số theo chuẩn nghèo đa chiều giai đoạn 2022-2026,rate_percent,2021,4.680054459,old_63,96,Cà Mau
1.7,Tỷ lệ hộ cận nghèo/số hộ cận nghèo dân tộc thiểu số theo chuẩn nghèo đa chiều giai đoạn 2022-2026,rate_percent,2022,4.571143617,old_63,96,Cà Mau
1.7,Tỷ lệ hộ cận nghèo/số hộ cận nghèo dân tộc thiểu số theo chuẩn nghèo đa chiều giai đoạn 2022-2026,rate_percent,2023,4.288032801,old_63,96,Cà Mau
1.7,Tỷ lệ hộ cận nghèo/số hộ cận nghèo dân tộc thiểu số theo chuẩn nghèo đa chiều giai đoạn 2022-2026,rate_percent,2024,3.504043127,old_63,96,Cà Mau
1.7,Tỷ lệ hộ cận nghèo/số hộ cận nghèo dân tộc thiểu số theo chuẩn nghèo đa chiều giai đoạn 2022-2026,count_households,2021,550,old_63,96,Cà Mau
1.7,Tỷ lệ hộ cận nghèo/số hộ cận nghèo dân tộc thiểu số theo chuẩn nghèo đa chiều giai đoạn 2022-2026,count_households,2022,550,old_63,96,Cà Mau
1.7,Tỷ lệ hộ cận nghèo/số hộ cận nghèo dân tộc thiểu số theo chuẩn nghèo đa chiều giai đoạn 2022-2026,count_households,2023,502,old_63,96,Cà Mau
1.7,Tỷ lệ hộ cận nghèo/số hộ cận nghèo dân tộc thiểu số theo chuẩn nghèo đa chiều giai đoạn 2022-2026,count_households,2024,403,old_63,96,Cà Mau
1.7.M,Tỷ lệ hộ cận nghèo/số hộ cận nghèo dân tộc thiểu số theo chuẩn nghèo đa chiều giai đoạn 2022-2026,rate_percent,2021,3.403234406,new_34,1,Hà Nội
1.7.M,Tỷ lệ hộ cận nghèo/số hộ cận nghèo dân tộc thiểu số theo chuẩn nghèo đa chiều giai đoạn 2022-2026,rate_percent,2022,4.107238606,new_34,1,Hà Nội
1.7.M,Tỷ lệ hộ cận nghèo/số hộ cận nghèo dân tộc thiểu số theo chuẩn nghèo đa chiều giai đoạn 2022-2026,rate_percent,2023,1.301073831,new_34,1,Hà Nội
1.7.M,Tỷ lệ hộ cận nghèo/số hộ cận nghèo dân tộc thiểu số theo chuẩn nghèo đa chiều giai đoạn 2022-2026,rate_percent,2024,0.890230686,new_34,1,Hà Nội
1.7.M,Tỷ lệ hộ cận nghèo/số hộ cận nghèo dân tộc thiểu số theo chuẩn nghèo đa chiều giai đoạn 2022-2026,count_households,2021,383,new_34,1,Hà Nội
1.7.M,Tỷ lệ hộ cận nghèo/số hộ cận nghèo dân tộc thiểu số theo chuẩn nghèo đa chiều giai đoạn 2022-2026,count_households,2022,383,new_34,1,Hà Nội
1.7.M,Tỷ lệ hộ cận nghèo/số hộ cận nghèo dân tộc thiểu số theo chuẩn nghèo đa chiều giai đoạn 2022-2026,count_households,2023,292,new_34,1,Hà Nội
1.7.M,Tỷ lệ hộ cận nghèo/số hộ cận nghèo dân tộc thiểu số theo chuẩn nghèo đa chiều giai đoạn 2022-2026,count_households,2024,115,new_34,1,Hà Nội
1.7.M,Tỷ lệ hộ cận nghèo/số hộ cận nghèo dân tộc thiểu số theo chuẩn nghèo đa chiều giai đoạn 2022-2026,rate_percent,2021,5.053660975,new_34,24,Bắc Ninh
1.7.M,Tỷ lệ hộ cận nghèo/số hộ cận nghèo dân tộc thiểu số theo chuẩn nghèo đa chiều giai đoạn 2022-2026,rate_percent,2022,17.09051073,new_34,24,Bắc Ninh
1.7.M,Tỷ lệ hộ cận nghèo/số hộ cận nghèo dân tộc thiểu số theo chuẩn nghèo đa chiều giai đoạn 2022-2026,rate_percent,2023,20.1448288,new_34,24,Bắc Ninh
1.7.M,Tỷ lệ hộ cận nghèo/số hộ cận nghèo dân tộc thiểu số theo chuẩn nghèo đa chiều giai đoạn 2022-2026,rate_percent,2024,52.72334516,new_34,24,Bắc Ninh
1.7.M,Tỷ lệ hộ cận nghèo/số hộ cận nghèo dân tộc thiểu số theo chuẩn nghèo đa chiều giai đoạn 2022-2026,count_households,2021,6470,new_34,24,Bắc Ninh
1.7.M,Tỷ lệ hộ cận nghèo/số hộ cận nghèo dân tộc thiểu số theo chuẩn nghèo đa chiều giai đoạn 2022-2026,count_households,2022,6077,new_34,24,Bắc Ninh
1.7.M,Tỷ lệ hộ cận nghèo/số hộ cận nghèo dân tộc thiểu số theo chuẩn nghèo đa chiều giai đoạn 2022-2026,count_households,2023,4596,new_34,24,Bắc Ninh
1.7.M,Tỷ lệ hộ cận nghèo/số hộ cận nghèo dân tộc thiểu số theo chuẩn nghèo đa chiều giai đoạn 2022-2026,count_households,2024,3533,new_34,24,Bắc Ninh
1.7.M,Tỷ lệ hộ cận nghèo/số hộ cận nghèo dân tộc thiểu số theo chuẩn nghèo đa chiều giai đoạn 2022-2026,rate_percent,2021,7.245666157,new_34,22,Quảng Ninh
1.7.M,Tỷ lệ hộ cận nghèo/số hộ cận nghèo dân tộc thiểu số theo chuẩn nghèo đa chiều giai đoạn 2022-2026,rate_percent,2022,1.095951138,new_34,22,Quảng Ninh
1.7.M,Tỷ lệ hộ cận nghèo/số hộ cận nghèo dân tộc thiểu số theo chuẩn nghèo đa chiều giai đoạn 2022-2026,rate_percent,2023,0.522420549,new_34,22,Quảng Ninh
1.7.M,Tỷ lệ hộ cận nghèo/số hộ cận nghèo dân tộc thiểu số theo chuẩn nghèo đa chiều giai đoạn 2022-2026,rate_percent,2024,0.319573901,new_34,22,Quảng Ninh
1.7.M,Tỷ lệ hộ cận nghèo/số hộ cận nghèo dân tộc thiểu số theo chuẩn nghèo đa chiều giai đoạn 2022-2026,count_households,2021,2512,new_34,22,Quảng Ninh
1.7.M,Tỷ lệ hộ cận nghèo/số hộ cận nghèo dân tộc thiểu số theo chuẩn nghèo đa chiều giai đoạn 2022-2026,count_households,2022,445,new_34,22,Quảng Ninh
1.7.M,Tỷ lệ hộ cận nghèo/số hộ cận nghèo dân tộc thiểu số theo chuẩn nghèo đa chiều giai đoạn 2022-2026,count_households,2023,216,new_34,22,Quảng Ninh
1.7.M,Tỷ lệ hộ cận nghèo/số hộ cận nghèo dân tộc thiểu số theo chuẩn nghèo đa chiều giai đoạn 2022-2026,count_households,2024,24,new_34,22,Quảng Ninh
1.7.M,Tỷ lệ hộ cận nghèo/số hộ cận nghèo dân tộc thiểu số theo chuẩn nghèo đa chiều giai đoạn 2022-2026,rate_percent,2021,2.369920167,new_34,31,Hải Phòng
1.7.M,Tỷ lệ hộ cận nghèo/số hộ cận nghèo dân tộc thiểu số theo chuẩn nghèo đa chiều giai đoạn 2022-2026,rate_percent,2022,1.991103788,new_34,31,Hải Phòng
1.7.M,Tỷ lệ hộ cận nghèo/số hộ cận nghèo dân tộc thiểu số theo chuẩn nghèo đa chiều giai đoạn 2022-2026,rate_percent,2023,1.120751988,new_34,31,Hải Phòng
1.7.M,Tỷ lệ hộ cận nghèo/số hộ cận nghèo dân tộc thiểu số theo chuẩn nghèo đa chiều giai đoạn 2022-2026,rate_percent,2024,1.176615445,new_34,31,Hải Phòng
1.7.M,Tỷ lệ hộ cận nghèo/số hộ cận nghèo dân tộc thiểu số theo chuẩn nghèo đa chiều giai đoạn 2022-2026,count_households,2021,30,new_34,31,Hải Phòng
1.7.M,Tỷ lệ hộ cận nghèo/số hộ cận nghèo dân tộc thiểu số theo chuẩn nghèo đa chiều giai đoạn 2022-2026,count_households,2022,36,new_34,31,Hải Phòng
1.7.M,Tỷ lệ hộ cận nghèo/số hộ cận nghèo dân tộc thiểu số theo chuẩn nghèo đa chiều giai đoạn 2022-2026,count_households,2023,31,new_34,31,Hải Phòng
1.7.M,Tỷ lệ hộ cận nghèo/số hộ cận nghèo dân tộc thiểu số theo chuẩn nghèo đa chiều giai đoạn 2022-2026,count_households,2024,15,new_34,31,Hải Phòng
1.7.M,Tỷ lệ hộ cận nghèo/số hộ cận nghèo dân tộc thiểu số theo chuẩn nghèo đa chiều giai đoạn 2022-2026,rate_percent,2021,0.64516129,new_34,33,Hưng Yên
1.7.M,Tỷ lệ hộ cận nghèo/số hộ cận nghèo dân tộc thiểu số theo chuẩn nghèo đa chiều giai đoạn 2022-2026,rate_percent,2022,5.360141405,new_34,33,Hưng Yên
1.7.M,Tỷ lệ hộ cận nghèo/số hộ cận nghèo dân tộc thiểu số theo chuẩn nghèo đa chiều giai đoạn 2022-2026,rate_percent,2023,7.142857143,new_34,33,Hưng Yên
1.7.M,Tỷ lệ hộ cận nghèo/số hộ cận nghèo dân tộc thiểu số theo chuẩn nghèo đa chiều giai đoạn 2022-2026,rate_percent,2024,9.574468085,new_34,33,Hưng Yên
1.7.M,Tỷ lệ hộ cận nghèo/số hộ cận nghèo dân tộc thiểu số theo chuẩn nghèo đa chiều giai đoạn 2022-2026,count_households,2021,2,new_34,33,Hưng Yên
1.7.M,Tỷ lệ hộ cận nghèo/số hộ cận nghèo dân tộc thiểu số theo chuẩn nghèo đa chiều giai đoạn 2022-2026,count_households,2022,11,new_34,33,Hưng Yên
1.7.M,Tỷ lệ hộ cận nghèo/số hộ cận nghèo dân tộc thiểu số theo chuẩn nghèo đa chiều giai đoạn 2022-2026,count_households,2023,5,new_34,33,Hưng Yên
1.7.M,Tỷ lệ hộ cận nghèo/số hộ cận nghèo dân tộc thiểu số theo chuẩn nghèo đa chiều giai đoạn 2022-2026,count_households,2024,9,new_34,33,Hưng Yên
1.7.M,Tỷ lệ hộ cận nghèo/số hộ cận nghèo dân tộc thiểu số theo chuẩn nghèo đa chiều giai đoạn 2022-2026,rate_percent,2021,11.35191969,new_34,37,Ninh Bình
1.7.M,Tỷ lệ hộ cận nghèo/số hộ cận nghèo dân tộc thiểu số theo chuẩn nghèo đa chiều giai đoạn 2022-2026,rate_percent,2022,8.945272989,new_34,37,Ninh Bình
1.7.M,Tỷ lệ hộ cận nghèo/số hộ cận nghèo dân tộc thiểu số theo chuẩn nghèo đa chiều giai đoạn 2022-2026,rate_percent,2023,11.33179952,new_34,37,Ninh Bình
1.7.M,Tỷ lệ hộ cận nghèo/số hộ cận nghèo dân tộc thiểu số theo chuẩn nghèo đa chiều giai đoạn 2022-2026,rate_percent,2024,0.96277371,new_34,37,Ninh Bình
1.7.M,Tỷ lệ hộ cận nghèo/số hộ cận nghèo dân tộc thiểu số theo chuẩn nghèo đa chiều giai đoạn 2022-2026,count_households,2021,464,new_34,37,Ninh Bình
1.7.M,Tỷ lệ hộ cận nghèo/số hộ cận nghèo dân tộc thiểu số theo chuẩn nghèo đa chiều giai đoạn 2022-2026,count_households,2022,401,new_34,37,Ninh Bình
1.7.M,Tỷ lệ hộ cận nghèo/số hộ cận nghèo dân tộc thiểu số theo chuẩn nghèo đa chiều giai đoạn 2022-2026,count_households,2023,292,new_34,37,Ninh Bình
1.7.M,Tỷ lệ hộ cận nghèo/số hộ cận nghèo dân tộc thiểu số theo chuẩn nghèo đa chiều giai đoạn 2022-2026,count_households,2024,256,new_34,37,Ninh Bình
1.7.M,Tỷ lệ hộ cận nghèo/số hộ cận nghèo dân tộc thiểu số theo chuẩn nghèo đa chiều giai đoạn 2022-2026,rate_percent,2021,13.72631138,new_34,4,Cao Bằng
1.7.M,Tỷ lệ hộ cận nghèo/số hộ cận nghèo dân tộc thiểu số theo chuẩn nghèo đa chiều giai đoạn 2022-2026,rate_percent,2022,15.15625749,new_34,4,Cao Bằng
1.7.M,Tỷ lệ hộ cận nghèo/số hộ cận nghèo dân tộc thiểu số theo chuẩn nghèo đa chiều giai đoạn 2022-2026,rate_percent,2023,15.74043661,new_34,4,Cao Bằng
1.7.M,Tỷ lệ hộ cận nghèo/số hộ cận nghèo dân tộc thiểu số theo chuẩn nghèo đa chiều giai đoạn 2022-2026,rate_percent,2024,15.64500354,new_34,4,Cao Bằng
1.7.M,Tỷ lệ hộ cận nghèo/số hộ cận nghèo dân tộc thiểu số theo chuẩn nghèo đa chiều giai đoạn 2022-2026,count_households,2021,17043,new_34,4,Cao Bằng
1.7.M,Tỷ lệ hộ cận nghèo/số hộ cận nghèo dân tộc thiểu số theo chuẩn nghèo đa chiều giai đoạn 2022-2026,count_households,2022,18982,new_34,4,Cao Bằng
1.7.M,Tỷ lệ hộ cận nghèo/số hộ cận nghèo dân tộc thiểu số theo chuẩn nghèo đa chiều giai đoạn 2022-2026,count_households,2023,19648,new_34,4,Cao Bằng
1.7.M,Tỷ lệ hộ cận nghèo/số hộ cận nghèo dân tộc thiểu số theo chuẩn nghèo đa chiều giai đoạn 2022-2026,count_households,2024,19675,new_34,4,Cao Bằng
1.7.M,Tỷ lệ hộ cận nghèo/số hộ cận nghèo dân tộc thiểu số theo chuẩn nghèo đa chiều giai đoạn 2022-2026,rate_percent,2021,13.11134466,new_34,8,Tuyên Quang
1.7.M,Tỷ lệ hộ cận nghèo/số hộ cận nghèo dân tộc thiểu số theo chuẩn nghèo đa chiều giai đoạn 2022-2026,rate_percent,2022,12.82577904,new_34,8,Tuyên Quang
1.7.M,Tỷ lệ hộ cận nghèo/số hộ cận nghèo dân tộc thiểu số theo chuẩn nghèo đa chiều giai đoạn 2022-2026,rate_percent,2023,11.41141213,new_34,8,Tuyên Quang
1.7.M,Tỷ lệ hộ cận nghèo/số hộ cận nghèo dân tộc thiểu số theo chuẩn nghèo đa chiều giai đoạn 2022-2026,rate_percent,2024,9.826560236,new_34,8,Tuyên Quang
1.7.M,Tỷ lệ hộ cận nghèo/số hộ cận nghèo dân tộc thiểu số theo chuẩn nghèo đa chiều giai đoạn 2022-2026,count_households,2021,36350,new_34,8,Tuyên Quang
1.7.M,Tỷ lệ hộ cận nghèo/số hộ cận nghèo dân tộc thiểu số theo chuẩn nghèo đa chiều giai đoạn 2022-2026,count_households,2022,35987,new_34,8,Tuyên Quang
1.7.M,Tỷ lệ hộ cận nghèo/số hộ cận nghèo dân tộc thiểu số theo chuẩn nghèo đa chiều giai đoạn 2022-2026,count_households,2023,32429,new_34,8,Tuyên Quang
1.7.M,Tỷ lệ hộ cận nghèo/số hộ cận nghèo dân tộc thiểu số theo chuẩn nghèo đa chiều giai đoạn 2022-2026,count_households,2024,28854,new_34,8,Tuyên Quang
1.7.M,Tỷ lệ hộ cận nghèo/số hộ cận nghèo dân tộc thiểu số theo chuẩn nghèo đa chiều giai đoạn 2022-2026,rate_percent,2021,12.40927219,new_34,15,Lào Cai
1.7.M,Tỷ lệ hộ cận nghèo/số hộ cận nghèo dân tộc thiểu số theo chuẩn nghèo đa chiều giai đoạn 2022-2026,rate_percent,2022,13.44077071,new_34,15,Lào Cai
1.7.M,Tỷ lệ hộ cận nghèo/số hộ cận nghèo dân tộc thiểu số theo chuẩn nghèo đa chiều giai đoạn 2022-2026,rate_percent,2023,11.75944525,new_34,15,Lào Cai
1.7.M,Tỷ lệ hộ cận nghèo/số hộ cận nghèo dân tộc thiểu số theo chuẩn nghèo đa chiều giai đoạn 2022-2026,rate_percent,2024,9.987041186,new_34,15,Lào Cai
1.7.M,Tỷ lệ hộ cận nghèo/số hộ cận nghèo dân tộc thiểu số theo chuẩn nghèo đa chiều giai đoạn 2022-2026,count_households,2021,26532,new_34,15,Lào Cai
1.7.M,Tỷ lệ hộ cận nghèo/số hộ cận nghèo dân tộc thiểu số theo chuẩn nghèo đa chiều giai đoạn 2022-2026,count_households,2022,28300,new_34,15,Lào Cai
1.7.M,Tỷ lệ hộ cận nghèo/số hộ cận nghèo dân tộc thiểu số theo chuẩn nghèo đa chiều giai đoạn 2022-2026,count_households,2023,25000,new_34,15,Lào Cai
1.7.M,Tỷ lệ hộ cận nghèo/số hộ cận nghèo dân tộc thiểu số theo chuẩn nghèo đa chiều giai đoạn 2022-2026,count_households,2024,21538,new_34,15,Lào Cai
1.7.M,Tỷ lệ hộ cận nghèo/số hộ cận nghèo dân tộc thiểu số theo chuẩn nghèo đa chiều giai đoạn 2022-2026,rate_percent,2021,8.699592932,new_34,19,Thái Nguyên
1.7.M,Tỷ lệ hộ cận nghèo/số hộ cận nghèo dân tộc thiểu số theo chuẩn nghèo đa chiều giai đoạn 2022-2026,rate_percent,2022,8.102812907,new_34,19,Thái Nguyên
1.7.M,Tỷ lệ hộ cận nghèo/số hộ cận nghèo dân tộc thiểu số theo chuẩn nghèo đa chiều giai đoạn 2022-2026,rate_percent,2023,7.369006031,new_34,19,Thái Nguyên
1.7.M,Tỷ lệ hộ cận nghèo/số hộ cận nghèo dân tộc thiểu số theo chuẩn nghèo đa chiều giai đoạn 2022-2026,rate_percent,2024,6.9098817,new_34,19,Thái Nguyên
1.7.M,Tỷ lệ hộ cận nghèo/số hộ cận nghèo dân tộc thiểu số theo chuẩn nghèo đa chiều giai đoạn 2022-2026,count_households,2021,13941,new_34,19,Thái Nguyên
1.7.M,Tỷ lệ hộ cận nghèo/số hộ cận nghèo dân tộc thiểu số theo chuẩn nghèo đa chiều giai đoạn 2022-2026,count_households,2022,12941,new_34,19,Thái Nguyên
1.7.M,Tỷ lệ hộ cận nghèo/số hộ cận nghèo dân tộc thiểu số theo chuẩn nghèo đa chiều giai đoạn 2022-2026,count_households,2023,11634,new_34,19,Thái Nguyên
1.7.M,Tỷ lệ hộ cận nghèo/số hộ cận nghèo dân tộc thiểu số theo chuẩn nghèo đa chiều giai đoạn 2022-2026,count_households,2024,11118,new_34,19,Thái Nguyên
1.7.M,Tỷ lệ hộ cận nghèo/số hộ cận nghèo dân tộc thiểu số theo chuẩn nghèo đa chiều giai đoạn 2022-2026,rate_percent,2021,13.82471399,new_34,20,Lạng Sơn
1.7.M,Tỷ lệ hộ cận nghèo/số hộ cận nghèo dân tộc thiểu số theo chuẩn nghèo đa chiều giai đoạn 2022-2026,rate_percent,2022,12.25770525,new_34,20,Lạng Sơn
1.7.M,Tỷ lệ hộ cận nghèo/số hộ cận nghèo dân tộc thiểu số theo chuẩn nghèo đa chiều giai đoạn 2022-2026,rate_percent,2023,10.62236753,new_34,20,Lạng Sơn
1.7.M,Tỷ lệ hộ cận nghèo/số hộ cận nghèo dân tộc thiểu số theo chuẩn nghèo đa chiều giai đoạn 2022-2026,rate_percent,2024,9.367133382,new_34,20,Lạng Sơn
1.7.M,Tỷ lệ hộ cận nghèo/số hộ cận nghèo dân tộc thiểu số theo chuẩn nghèo đa chiều giai đoạn 2022-2026,count_households,2021,22380,new_34,20,Lạng Sơn
1.7.M,Tỷ lệ hộ cận nghèo/số hộ cận nghèo dân tộc thiểu số theo chuẩn nghèo đa chiều giai đoạn 2022-2026,count_households,2022,19591,new_34,20,Lạng Sơn
1.7.M,Tỷ lệ hộ cận nghèo/số hộ cận nghèo dân tộc thiểu số theo chuẩn nghèo đa chiều giai đoạn 2022-2026,count_households,2023,17805,new_34,20,Lạng Sơn
1.7.M,Tỷ lệ hộ cận nghèo/số hộ cận nghèo dân tộc thiểu số theo chuẩn nghèo đa chiều giai đoạn 2022-2026,count_households,2024,15889,new_34,20,Lạng Sơn
1.7.M,Tỷ lệ hộ cận nghèo/số hộ cận nghèo dân tộc thiểu số theo chuẩn nghèo đa chiều giai đoạn 2022-2026,rate_percent,2021,10.04919714,new_34,25,Phú Thọ
1.7.M,Tỷ lệ hộ cận nghèo/số hộ cận nghèo dân tộc thiểu số theo chuẩn nghèo đa chiều giai đoạn 2022-2026,rate_percent,2022,5.827616121,new_34,25,Phú Thọ
1.7.M,Tỷ lệ hộ cận nghèo/số hộ cận nghèo dân tộc thiểu số theo chuẩn nghèo đa chiều giai đoạn 2022-2026,rate_percent,2023,5.447953275,new_34,25,Phú Thọ
1.7.M,Tỷ lệ hộ cận nghèo/số hộ cận nghèo dân tộc thiểu số theo chuẩn nghèo đa chiều giai đoạn 2022-2026,rate_percent,2024,7.016289676,new_34,25,Phú Thọ
1.7.M,Tỷ lệ hộ cận nghèo/số hộ cận nghèo dân tộc thiểu số theo chuẩn nghèo đa chiều giai đoạn 2022-2026,count_households,2021,29343,new_34,25,Phú Thọ
1.7.M,Tỷ lệ hộ cận nghèo/số hộ cận nghèo dân tộc thiểu số theo chuẩn nghèo đa chiều giai đoạn 2022-2026,count_households,2022,11885,new_34,25,Phú Thọ
1.7.M,Tỷ lệ hộ cận nghèo/số hộ cận nghèo dân tộc thiểu số theo chuẩn nghèo đa chiều giai đoạn 2022-2026,count_households,2023,11196,new_34,25,Phú Thọ
1.7.M,Tỷ lệ hộ cận nghèo/số hộ cận nghèo dân tộc thiểu số theo chuẩn nghèo đa chiều giai đoạn 2022-2026,count_households,2024,21080,new_34,25,Phú Thọ
1.7.M,Tỷ lệ hộ cận nghèo/số hộ cận nghèo dân tộc thiểu số theo chuẩn nghèo đa chiều giai đoạn 2022-2026,rate_percent,2021,9.559684447,new_34,11,Điện Biên
1.7.M,Tỷ lệ hộ cận nghèo/số hộ cận nghèo dân tộc thiểu số theo chuẩn nghèo đa chiều giai đoạn 2022-2026,rate_percent,2022,12.06966079,new_34,11,Điện Biên
1.7.M,Tỷ lệ hộ cận nghèo/số hộ cận nghèo dân tộc thiểu số theo chuẩn nghèo đa chiều giai đoạn 2022-2026,rate_percent,2023,14.26433362,new_34,11,Điện Biên
1.7.M,Tỷ lệ hộ cận nghèo/số hộ cận nghèo dân tộc thiểu số theo chuẩn nghèo đa chiều giai đoạn 2022-2026,rate_percent,2024,15.13859664,new_34,11,Điện Biên
1.7.M,Tỷ lệ hộ cận nghèo/số hộ cận nghèo dân tộc thiểu số theo chuẩn nghèo đa chiều giai đoạn 2022-2026,count_households,2021,9961,new_34,11,Điện Biên
1.7.M,Tỷ lệ hộ cận nghèo/số hộ cận nghèo dân tộc thiểu số theo chuẩn nghèo đa chiều giai đoạn 2022-2026,count_households,2022,12870,new_34,11,Điện Biên
1.7.M,Tỷ lệ hộ cận nghèo/số hộ cận nghèo dân tộc thiểu số theo chuẩn nghèo đa chiều giai đoạn 2022-2026,count_households,2023,15440,new_34,11,Điện Biên
1.7.M,Tỷ lệ hộ cận nghèo/số hộ cận nghèo dân tộc thiểu số theo chuẩn nghèo đa chiều giai đoạn 2022-2026,count_households,2024,16619,new_34,11,Điện Biên
1.7.M,Tỷ lệ hộ cận nghèo/số hộ cận nghèo dân tộc thiểu số theo chuẩn nghèo đa chiều giai đoạn 2022-2026,rate_percent,2021,13.14920881,new_34,12,Lai Châu
1.7.M,Tỷ lệ hộ cận nghèo/số hộ cận nghèo dân tộc thiểu số theo chuẩn nghèo đa chiều giai đoạn 2022-2026,rate_percent,2022,13.61224636,new_34,12,Lai Châu
1.7.M,Tỷ lệ hộ cận nghèo/số hộ cận nghèo dân tộc thiểu số theo chuẩn nghèo đa chiều giai đoạn 2022-2026,rate_percent,2023,12.11843473,new_34,12,Lai Châu
1.7.M,Tỷ lệ hộ cận nghèo/số hộ cận nghèo dân tộc thiểu số theo chuẩn nghèo đa chiều giai đoạn 2022-2026,rate_percent,2024,11.56957363,new_34,12,Lai Châu
1.7.M,Tỷ lệ hộ cận nghèo/số hộ cận nghèo dân tộc thiểu số theo chuẩn nghèo đa chiều giai đoạn 2022-2026,count_households,2021,10836,new_34,12,Lai Châu
1.7.M,Tỷ lệ hộ cận nghèo/số hộ cận nghèo dân tộc thiểu số theo chuẩn nghèo đa chiều giai đoạn 2022-2026,count_households,2022,11391,new_34,12,Lai Châu
1.7.M,Tỷ lệ hộ cận nghèo/số hộ cận nghèo dân tộc thiểu số theo chuẩn nghèo đa chiều giai đoạn 2022-2026,count_households,2023,10842,new_34,12,Lai Châu
1.7.M,Tỷ lệ hộ cận nghèo/số hộ cận nghèo dân tộc thiểu số theo chuẩn nghèo đa chiều giai đoạn 2022-2026,count_households,2024,9926,new_34,12,Lai Châu
1.7.M,Tỷ lệ hộ cận nghèo/số hộ cận nghèo dân tộc thiểu số theo chuẩn nghèo đa chiều giai đoạn 2022-2026,rate_percent,2021,12.16994057,new_34,14,Sơn La
1.7.M,Tỷ lệ hộ cận nghèo/số hộ cận nghèo dân tộc thiểu số theo chuẩn nghèo đa chiều giai đoạn 2022-2026,rate_percent,2022,12.04090426,new_34,14,Sơn La
1.7.M,Tỷ lệ hộ cận nghèo/số hộ cận nghèo dân tộc thiểu số theo chuẩn nghèo đa chiều giai đoạn 2022-2026,rate_percent,2023,10.36488304,new_34,14,Sơn La
1.7.M,Tỷ lệ hộ cận nghèo/số hộ cận nghèo dân tộc thiểu số theo chuẩn nghèo đa chiều giai đoạn 2022-2026,rate_percent,2024,10.03197292,new_34,14,Sơn La
1.7.M,Tỷ lệ hộ cận nghèo/số hộ cận nghèo dân tộc thiểu số theo chuẩn nghèo đa chiều giai đoạn 2022-2026,count_households,2021,28691,new_34,14,Sơn La
1.7.M,Tỷ lệ hộ cận nghèo/số hộ cận nghèo dân tộc thiểu số theo chuẩn nghèo đa chiều giai đoạn 2022-2026,count_households,2022,28224,new_34,14,Sơn La
1.7.M,Tỷ lệ hộ cận nghèo/số hộ cận nghèo dân tộc thiểu số theo chuẩn nghèo đa chiều giai đoạn 2022-2026,count_households,2023,26892,new_34,14,Sơn La
1.7.M,Tỷ lệ hộ cận nghèo/số hộ cận nghèo dân tộc thiểu số theo chuẩn nghèo đa chiều giai đoạn 2022-2026,count_households,2024,24003,new_34,14,Sơn La
1.7.M,Tỷ lệ hộ cận nghèo/số hộ cận nghèo dân tộc thiểu số theo chuẩn nghèo đa chiều giai đoạn 2022-2026,rate_percent,2021,26.02737064,new_34,38,Thanh Hóa
1.7.M,Tỷ lệ hộ cận nghèo/số hộ cận nghèo dân tộc thiểu số theo chuẩn nghèo đa chiều giai đoạn 2022-2026,rate_percent,2022,21.19618675,new_34,38,Thanh Hóa
1.7.M,Tỷ lệ hộ cận nghèo/số hộ cận nghèo dân tộc thiểu số theo chuẩn nghèo đa chiều giai đoạn 2022-2026,rate_percent,2023,17.91064414,new_34,38,Thanh Hóa
1.7.M,Tỷ lệ hộ cận nghèo/số hộ cận nghèo dân tộc thiểu số theo chuẩn nghèo đa chiều giai đoạn 2022-2026,rate_percent,2024,14.43209268,new_34,38,Thanh Hóa
1.7.M,Tỷ lệ hộ cận nghèo/số hộ cận nghèo dân tộc thiểu số theo chuẩn nghèo đa chiều giai đoạn 2022-2026,count_households,2021,40186,new_34,38,Thanh Hóa
1.7.M,Tỷ lệ hộ cận nghèo/số hộ cận nghèo dân tộc thiểu số theo chuẩn nghèo đa chiều giai đoạn 2022-2026,count_households,2022,34263,new_34,38,Thanh Hóa
1.7.M,Tỷ lệ hộ cận nghèo/số hộ cận nghèo dân tộc thiểu số theo chuẩn nghèo đa chiều giai đoạn 2022-2026,count_households,2023,28587,new_34,38,Thanh Hóa
1.7.M,Tỷ lệ hộ cận nghèo/số hộ cận nghèo dân tộc thiểu số theo chuẩn nghèo đa chiều giai đoạn 2022-2026,count_households,2024,23719,new_34,38,Thanh Hóa
1.7.M,Tỷ lệ hộ cận nghèo/số hộ cận nghèo dân tộc thiểu số theo chuẩn nghèo đa chiều giai đoạn 2022-2026,rate_percent,2021,18.57199049,new_34,40,Nghệ An
1.7.M,Tỷ lệ hộ cận nghèo/số hộ cận nghèo dân tộc thiểu số theo chuẩn nghèo đa chiều giai đoạn 2022-2026,rate_percent,2022,22.29282363,new_34,40,Nghệ An
1.7.M,Tỷ lệ hộ cận nghèo/số hộ cận nghèo dân tộc thiểu số theo chuẩn nghèo đa chiều giai đoạn 2022-2026,rate_percent,2023,22.33247272,new_34,40,Nghệ An
1.7.M,Tỷ lệ hộ cận nghèo/số hộ cận nghèo dân tộc thiểu số theo chuẩn nghèo đa chiều giai đoạn 2022-2026,rate_percent,2024,22.61455431,new_34,40,Nghệ An
1.7.M,Tỷ lệ hộ cận nghèo/số hộ cận nghèo dân tộc thiểu số theo chuẩn nghèo đa chiều giai đoạn 2022-2026,count_households,2021,20775,new_34,40,Nghệ An
1.7.M,Tỷ lệ hộ cận nghèo/số hộ cận nghèo dân tộc thiểu số theo chuẩn nghèo đa chiều giai đoạn 2022-2026,count_households,2022,25892,new_34,40,Nghệ An
1.7.M,Tỷ lệ hộ cận nghèo/số hộ cận nghèo dân tộc thiểu số theo chuẩn nghèo đa chiều giai đoạn 2022-2026,count_households,2023,24825,new_34,40,Nghệ An
1.7.M,Tỷ lệ hộ cận nghèo/số hộ cận nghèo dân tộc thiểu số theo chuẩn nghèo đa chiều giai đoạn 2022-2026,count_households,2024,25644,new_34,40,Nghệ An
1.7.M,Tỷ lệ hộ cận nghèo/số hộ cận nghèo dân tộc thiểu số theo chuẩn nghèo đa chiều giai đoạn 2022-2026,rate_percent,2021,7.213578501,new_34,42,Hà Tĩnh
1.7.M,Tỷ lệ hộ cận nghèo/số hộ cận nghèo dân tộc thiểu số theo chuẩn nghèo đa chiều giai đoạn 2022-2026,rate_percent,2022,9.539473684,new_34,42,Hà Tĩnh
1.7.M,Tỷ lệ hộ cận nghèo/số hộ cận nghèo dân tộc thiểu số theo chuẩn nghèo đa chiều giai đoạn 2022-2026,rate_percent,2023,6.591865358,new_34,42,Hà Tĩnh
1.7.M,Tỷ lệ hộ cận nghèo/số hộ cận nghèo dân tộc thiểu số theo chuẩn nghèo đa chiều giai đoạn 2022-2026,rate_percent,2024,6.139154161,new_34,42,Hà Tĩnh
1.7.M,Tỷ lệ hộ cận nghèo/số hộ cận nghèo dân tộc thiểu số theo chuẩn nghèo đa chiều giai đoạn 2022-2026,count_households,2021,51,new_34,42,Hà Tĩnh
1.7.M,Tỷ lệ hộ cận nghèo/số hộ cận nghèo dân tộc thiểu số theo chuẩn nghèo đa chiều giai đoạn 2022-2026,count_households,2022,58,new_34,42,Hà Tĩnh
1.7.M,Tỷ lệ hộ cận nghèo/số hộ cận nghèo dân tộc thiểu số theo chuẩn nghèo đa chiều giai đoạn 2022-2026,count_households,2023,47,new_34,42,Hà Tĩnh
1.7.M,Tỷ lệ hộ cận nghèo/số hộ cận nghèo dân tộc thiểu số theo chuẩn nghèo đa chiều giai đoạn 2022-2026,count_households,2024,45,new_34,42,Hà Tĩnh
1.7.M,Tỷ lệ hộ cận nghèo/số hộ cận nghèo dân tộc thiểu số theo chuẩn nghèo đa chiều giai đoạn 2022-2026,rate_percent,2021,11.91734197,new_34,44,Quảng Trị
1.7.M,Tỷ lệ hộ cận nghèo/số hộ cận nghèo dân tộc thiểu số theo chuẩn nghèo đa chiều giai đoạn 2022-2026,rate_percent,2022,16.1536753,new_34,44,Quảng Trị
1.7.M,Tỷ lệ hộ cận nghèo/số hộ cận nghèo dân tộc thiểu số theo chuẩn nghèo đa chiều giai đoạn 2022-2026,rate_percent,2023,17.60468681,new_34,44,Quảng Trị
1.7.M,Tỷ lệ hộ cận nghèo/số hộ cận nghèo dân tộc thiểu số theo chuẩn nghèo đa chiều giai đoạn 2022-2026,rate_percent,2024,20.4394669,new_34,44,Quảng Trị
1.7.M,Tỷ lệ hộ cận nghèo/số hộ cận nghèo dân tộc thiểu số theo chuẩn nghèo đa chiều giai đoạn 2022-2026,count_households,2021,3121,new_34,44,Quảng Trị
1.7.M,Tỷ lệ hộ cận nghèo/số hộ cận nghèo dân tộc thiểu số theo chuẩn nghèo đa chiều giai đoạn 2022-2026,count_households,2022,4319,new_34,44,Quảng Trị
1.7.M,Tỷ lệ hộ cận nghèo/số hộ cận nghèo dân tộc thiểu số theo chuẩn nghèo đa chiều giai đoạn 2022-2026,count_households,2023,4889,new_34,44,Quảng Trị
1.7.M,Tỷ lệ hộ cận nghèo/số hộ cận nghèo dân tộc thiểu số theo chuẩn nghèo đa chiều giai đoạn 2022-2026,count_households,2024,5608,new_34,44,Quảng Trị
1.7.M,Tỷ lệ hộ cận nghèo/số hộ cận nghèo dân tộc thiểu số theo chuẩn nghèo đa chiều giai đoạn 2022-2026,rate_percent,2021,21.91167058,new_34,46,Huế
1.7.M,Tỷ lệ hộ cận nghèo/số hộ cận nghèo dân tộc thiểu số theo chuẩn nghèo đa chiều giai đoạn 2022-2026,rate_percent,2022,8.690509324,new_34,46,Huế
1.7.M,Tỷ lệ hộ cận nghèo/số hộ cận nghèo dân tộc thiểu số theo chuẩn nghèo đa chiều giai đoạn 2022-2026,rate_percent,2023,14.89276408,new_34,46,Huế
1.7.M,Tỷ lệ hộ cận nghèo/số hộ cận nghèo dân tộc thiểu số theo chuẩn nghèo đa chiều giai đoạn 2022-2026,rate_percent,2024,10.37958533,new_34,46,Huế
1.7.M,Tỷ lệ hộ cận nghèo/số hộ cận nghèo dân tộc thiểu số theo chuẩn nghèo đa chiều giai đoạn 2022-2026,count_households,2021,2054,new_34,46,Huế
1.7.M,Tỷ lệ hộ cận nghèo/số hộ cận nghèo dân tộc thiểu số theo chuẩn nghèo đa chiều giai đoạn 2022-2026,count_households,2022,1249,new_34,46,Huế
1.7.M,Tỷ lệ hộ cận nghèo/số hộ cận nghèo dân tộc thiểu số theo chuẩn nghèo đa chiều giai đoạn 2022-2026,count_households,2023,2229,new_34,46,Huế
1.7.M,Tỷ lệ hộ cận nghèo/số hộ cận nghèo dân tộc thiểu số theo chuẩn nghèo đa chiều giai đoạn 2022-2026,count_households,2024,1627,new_34,46,Huế
1.7.M,Tỷ lệ hộ cận nghèo/số hộ cận nghèo dân tộc thiểu số theo chuẩn nghèo đa chiều giai đoạn 2022-2026,rate_percent,2021,43.86250931,new_34,48,Đà Nẵng
1.7.M,Tỷ lệ hộ cận nghèo/số hộ cận nghèo dân tộc thiểu số theo chuẩn nghèo đa chiều giai đoạn 2022-2026,rate_percent,2022,3.551900475,new_34,48,Đà Nẵng
1.7.M,Tỷ lệ hộ cận nghèo/số hộ cận nghèo dân tộc thiểu số theo chuẩn nghèo đa chiều giai đoạn 2022-2026,rate_percent,2023,4.030370394,new_34,48,Đà Nẵng
1.7.M,Tỷ lệ hộ cận nghèo/số hộ cận nghèo dân tộc thiểu số theo chuẩn nghèo đa chiều giai đoạn 2022-2026,rate_percent,2024,4.083790468,new_34,48,Đà Nẵng
1.7.M,Tỷ lệ hộ cận nghèo/số hộ cận nghèo dân tộc thiểu số theo chuẩn nghèo đa chiều giai đoạn 2022-2026,count_households,2021,2803,new_34,48,Đà Nẵng
1.7.M,Tỷ lệ hộ cận nghèo/số hộ cận nghèo dân tộc thiểu số theo chuẩn nghèo đa chiều giai đoạn 2022-2026,count_households,2022,2435,new_34,48,Đà Nẵng
1.7.M,Tỷ lệ hộ cận nghèo/số hộ cận nghèo dân tộc thiểu số theo chuẩn nghèo đa chiều giai đoạn 2022-2026,count_households,2023,2932,new_34,48,Đà Nẵng
1.7.M,Tỷ lệ hộ cận nghèo/số hộ cận nghèo dân tộc thiểu số theo chuẩn nghèo đa chiều giai đoạn 2022-2026,count_households,2024,3060,new_34,48,Đà Nẵng
1.7.M,Tỷ lệ hộ cận nghèo/số hộ cận nghèo dân tộc thiểu số theo chuẩn nghèo đa chiều giai đoạn 2022-2026,rate_percent,2021,13.0023804,new_34,51,Quảng Ngãi
1.7.M,Tỷ lệ hộ cận nghèo/số hộ cận nghèo dân tộc thiểu số theo chuẩn nghèo đa chiều giai đoạn 2022-2026,rate_percent,2022,12.37682361,new_34,51,Quảng Ngãi
1.7.M,Tỷ lệ hộ cận nghèo/số hộ cận nghèo dân tộc thiểu số theo chuẩn nghèo đa chiều giai đoạn 2022-2026,rate_percent,2023,10.10329302,new_34,51,Quảng Ngãi
1.7.M,Tỷ lệ hộ cận nghèo/số hộ cận nghèo dân tộc thiểu số theo chuẩn nghèo đa chiều giai đoạn 2022-2026,rate_percent,2024,7.865692336,new_34,51,Quảng Ngãi
1.7.M,Tỷ lệ hộ cận nghèo/số hộ cận nghèo dân tộc thiểu số theo chuẩn nghèo đa chiều giai đoạn 2022-2026,count_households,2021,16376,new_34,51,Quảng Ngãi
1.7.M,Tỷ lệ hộ cận nghèo/số hộ cận nghèo dân tộc thiểu số theo chuẩn nghèo đa chiều giai đoạn 2022-2026,count_households,2022,15602,new_34,51,Quảng Ngãi
1.7.M,Tỷ lệ hộ cận nghèo/số hộ cận nghèo dân tộc thiểu số theo chuẩn nghèo đa chiều giai đoạn 2022-2026,count_households,2023,12864,new_34,51,Quảng Ngãi
1.7.M,Tỷ lệ hộ cận nghèo/số hộ cận nghèo dân tộc thiểu số theo chuẩn nghèo đa chiều giai đoạn 2022-2026,count_households,2024,10094,new_34,51,Quảng Ngãi
1.7.M,Tỷ lệ hộ cận nghèo/số hộ cận nghèo dân tộc thiểu số theo chuẩn nghèo đa chiều giai đoạn 2022-2026,rate_percent,2021,18.37253767,new_34,56,Khánh Hòa
1.7.M,Tỷ lệ hộ cận nghèo/số hộ cận nghèo dân tộc thiểu số theo chuẩn nghèo đa chiều giai đoạn 2022-2026,rate_percent,2022,16.06639864,new_34,56,Khánh Hòa
1.7.M,Tỷ lệ hộ cận nghèo/số hộ cận nghèo dân tộc thiểu số theo chuẩn nghèo đa chiều giai đoạn 2022-2026,rate_percent,2023,13.54836208,new_34,56,Khánh Hòa
1.7.M,Tỷ lệ hộ cận nghèo/số hộ cận nghèo dân tộc thiểu số theo chuẩn nghèo đa chiều giai đoạn 2022-2026,rate_percent,2024,10.27768166,new_34,56,Khánh Hòa
1.7.M,Tỷ lệ hộ cận nghèo/số hộ cận nghèo dân tộc thiểu số theo chuẩn nghèo đa chiều giai đoạn 2022-2026,count_households,2021,9179,new_34,56,Khánh Hòa
1.7.M,Tỷ lệ hộ cận nghèo/số hộ cận nghèo dân tộc thiểu số theo chuẩn nghèo đa chiều giai đoạn 2022-2026,count_households,2022,8112,new_34,56,Khánh Hòa
1.7.M,Tỷ lệ hộ cận nghèo/số hộ cận nghèo dân tộc thiểu số theo chuẩn nghèo đa chiều giai đoạn 2022-2026,count_households,2023,7014,new_34,56,Khánh Hòa
1.7.M,Tỷ lệ hộ cận nghèo/số hộ cận nghèo dân tộc thiểu số theo chuẩn nghèo đa chiều giai đoạn 2022-2026,count_households,2024,5585,new_34,56,Khánh Hòa
1.7.M,Tỷ lệ hộ cận nghèo/số hộ cận nghèo dân tộc thiểu số theo chuẩn nghèo đa chiều giai đoạn 2022-2026,rate_percent,2021,17.73275053,new_34,52,Gia Lai
1.7.M,Tỷ lệ hộ cận nghèo/số hộ cận nghèo dân tộc thiểu số theo chuẩn nghèo đa chiều giai đoạn 2022-2026,rate_percent,2022,18.80736575,new_34,52,Gia Lai
1.7.M,Tỷ lệ hộ cận nghèo/số hộ cận nghèo dân tộc thiểu số theo chuẩn nghèo đa chiều giai đoạn 2022-2026,rate_percent,2023,15.89855442,new_34,52,Gia Lai
1.7.M,Tỷ lệ hộ cận nghèo/số hộ cận nghèo dân tộc thiểu số theo chuẩn nghèo đa chiều giai đoạn 2022-2026,rate_percent,2024,14.92918334,new_34,52,Gia Lai
1.7.M,Tỷ lệ hộ cận nghèo/số hộ cận nghèo dân tộc thiểu số theo chuẩn nghèo đa chiều giai đoạn 2022-2026,count_households,2021,27205,new_34,52,Gia Lai
1.7.M,Tỷ lệ hộ cận nghèo/số hộ cận nghèo dân tộc thiểu số theo chuẩn nghèo đa chiều giai đoạn 2022-2026,count_households,2022,30603,new_34,52,Gia Lai
1.7.M,Tỷ lệ hộ cận nghèo/số hộ cận nghèo dân tộc thiểu số theo chuẩn nghèo đa chiều giai đoạn 2022-2026,count_households,2023,29585,new_34,52,Gia Lai
1.7.M,Tỷ lệ hộ cận nghèo/số hộ cận nghèo dân tộc thiểu số theo chuẩn nghèo đa chiều giai đoạn 2022-2026,count_households,2024,29156,new_34,52,Gia Lai
1.7.M,Tỷ lệ hộ cận nghèo/số hộ cận nghèo dân tộc thiểu số theo chuẩn nghèo đa chiều giai đoạn 2022-2026,rate_percent,2021,18.97830402,new_34,66,Đắk Lắk
1.7.M,Tỷ lệ hộ cận nghèo/số hộ cận nghèo dân tộc thiểu số theo chuẩn nghèo đa chiều giai đoạn 2022-2026,rate_percent,2022,18.67176597,new_34,66,Đắk Lắk
1.7.M,Tỷ lệ hộ cận nghèo/số hộ cận nghèo dân tộc thiểu số theo chuẩn nghèo đa chiều giai đoạn 2022-2026,rate_percent,2023,17.85960611,new_34,66,Đắk Lắk
1.7.M,Tỷ lệ hộ cận nghèo/số hộ cận nghèo dân tộc thiểu số theo chuẩn nghèo đa chiều giai đoạn 2022-2026,rate_percent,2024,15.85906425,new_34,66,Đắk Lắk
1.7.M,Tỷ lệ hộ cận nghèo/số hộ cận nghèo dân tộc thiểu số theo chuẩn nghèo đa chiều giai đoạn 2022-2026,count_households,2021,24062,new_34,66,Đắk Lắk
1.7.M,Tỷ lệ hộ cận nghèo/số hộ cận nghèo dân tộc thiểu số theo chuẩn nghèo đa chiều giai đoạn 2022-2026,count_households,2022,24453,new_34,66,Đắk Lắk
1.7.M,Tỷ lệ hộ cận nghèo/số hộ cận nghèo dân tộc thiểu số theo chuẩn nghèo đa chiều giai đoạn 2022-2026,count_households,2023,22511,new_34,66,Đắk Lắk
1.7.M,Tỷ lệ hộ cận nghèo/số hộ cận nghèo dân tộc thiểu số theo chuẩn nghèo đa chiều giai đoạn 2022-2026,count_households,2024,20112,new_34,66,Đắk Lắk
1.7.M,Tỷ lệ hộ cận nghèo/số hộ cận nghèo dân tộc thiểu số theo chuẩn nghèo đa chiều giai đoạn 2022-2026,rate_percent,2021,11.50828019,new_34,68,Lâm Đồng
1.7.M,Tỷ lệ hộ cận nghèo/số hộ cận nghèo dân tộc thiểu số theo chuẩn nghèo đa chiều giai đoạn 2022-2026,rate_percent,2022,11.67300955,new_34,68,Lâm Đồng
1.7.M,Tỷ lệ hộ cận nghèo/số hộ cận nghèo dân tộc thiểu số theo chuẩn nghèo đa chiều giai đoạn 2022-2026,rate_percent,2023,10.25283506,new_34,68,Lâm Đồng
1.7.M,Tỷ lệ hộ cận nghèo/số hộ cận nghèo dân tộc thiểu số theo chuẩn nghèo đa chiều giai đoạn 2022-2026,rate_percent,2024,7.578737685,new_34,68,Lâm Đồng
1.7.M,Tỷ lệ hộ cận nghèo/số hộ cận nghèo dân tộc thiểu số theo chuẩn nghèo đa chiều giai đoạn 2022-2026,count_households,2021,16018,new_34,68,Lâm Đồng
1.7.M,Tỷ lệ hộ cận nghèo/số hộ cận nghèo dân tộc thiểu số theo chuẩn nghèo đa chiều giai đoạn 2022-2026,count_households,2022,16725,new_34,68,Lâm Đồng
1.7.M,Tỷ lệ hộ cận nghèo/số hộ cận nghèo dân tộc thiểu số theo chuẩn nghèo đa chiều giai đoạn 2022-2026,count_households,2023,14350,new_34,68,Lâm Đồng
1.7.M,Tỷ lệ hộ cận nghèo/số hộ cận nghèo dân tộc thiểu số theo chuẩn nghèo đa chiều giai đoạn 2022-2026,count_households,2024,10390,new_34,68,Lâm Đồng
1.7.M,Tỷ lệ hộ cận nghèo/số hộ cận nghèo dân tộc thiểu số theo chuẩn nghèo đa chiều giai đoạn 2022-2026,rate_percent,2021,0.952492944,new_34,80,Tây Ninh
1.7.M,Tỷ lệ hộ cận nghèo/số hộ cận nghèo dân tộc thiểu số theo chuẩn nghèo đa chiều giai đoạn 2022-2026,rate_percent,2022,18.04597107,new_34,80,Tây Ninh
1.7.M,Tỷ lệ hộ cận nghèo/số hộ cận nghèo dân tộc thiểu số theo chuẩn nghèo đa chiều giai đoạn 2022-2026,rate_percent,2023,9.386145787,new_34,80,Tây Ninh
1.7.M,Tỷ lệ hộ cận nghèo/số hộ cận nghèo dân tộc thiểu số theo chuẩn nghèo đa chiều giai đoạn 2022-2026,rate_percent,2024,7.868154625,new_34,80,Tây Ninh
1.7.M,Tỷ lệ hộ cận nghèo/số hộ cận nghèo dân tộc thiểu số theo chuẩn nghèo đa chiều giai đoạn 2022-2026,count_households,2021,81,new_34,80,Tây Ninh
1.7.M,Tỷ lệ hộ cận nghèo/số hộ cận nghèo dân tộc thiểu số theo chuẩn nghèo đa chiều giai đoạn 2022-2026,count_households,2022,115,new_34,80,Tây Ninh
1.7.M,Tỷ lệ hộ cận nghèo/số hộ cận nghèo dân tộc thiểu số theo chuẩn nghèo đa chiều giai đoạn 2022-2026,count_households,2023,22,new_34,80,Tây Ninh
1.7.M,Tỷ lệ hộ cận nghèo/số hộ cận nghèo dân tộc thiểu số theo chuẩn nghèo đa chiều giai đoạn 2022-2026,count_households,2024,53,new_34,80,Tây Ninh
1.7.M,Tỷ lệ hộ cận nghèo/số hộ cận nghèo dân tộc thiểu số theo chuẩn nghèo đa chiều giai đoạn 2022-2026,rate_percent,2021,1.587436212,new_34,75,Đồng Nai
1.7.M,Tỷ lệ hộ cận nghèo/số hộ cận nghèo dân tộc thiểu số theo chuẩn nghèo đa chiều giai đoạn 2022-2026,rate_percent,2022,1.871245022,new_34,75,Đồng Nai
1.7.M,Tỷ lệ hộ cận nghèo/số hộ cận nghèo dân tộc thiểu số theo chuẩn nghèo đa chiều giai đoạn 2022-2026,rate_percent,2023,2.330946055,new_34,75,Đồng Nai
1.7.M,Tỷ lệ hộ cận nghèo/số hộ cận nghèo dân tộc thiểu số theo chuẩn nghèo đa chiều giai đoạn 2022-2026,rate_percent,2024,0.928051664,new_34,75,Đồng Nai
1.7.M,Tỷ lệ hộ cận nghèo/số hộ cận nghèo dân tộc thiểu số theo chuẩn nghèo đa chiều giai đoạn 2022-2026,count_households,2021,1446,new_34,75,Đồng Nai
1.7.M,Tỷ lệ hộ cận nghèo/số hộ cận nghèo dân tộc thiểu số theo chuẩn nghèo đa chiều giai đoạn 2022-2026,count_households,2022,1446,new_34,75,Đồng Nai
1.7.M,Tỷ lệ hộ cận nghèo/số hộ cận nghèo dân tộc thiểu số theo chuẩn nghèo đa chiều giai đoạn 2022-2026,count_households,2023,2039,new_34,75,Đồng Nai
1.7.M,Tỷ lệ hộ cận nghèo/số hộ cận nghèo dân tộc thiểu số theo chuẩn nghèo đa chiều giai đoạn 2022-2026,count_households,2024,775,new_34,75,Đồng Nai
1.7.M,Tỷ lệ hộ cận nghèo/số hộ cận nghèo dân tộc thiểu số theo chuẩn nghèo đa chiều giai đoạn 2022-2026,rate_percent,2021,0.474708792,new_34,79,TP. Hồ Chí Minh
1.7.M,Tỷ lệ hộ cận nghèo/số hộ cận nghèo dân tộc thiểu số theo chuẩn nghèo đa chiều giai đoạn 2022-2026,rate_percent,2022,0,new_34,79,TP. Hồ Chí Minh
1.7.M,Tỷ lệ hộ cận nghèo/số hộ cận nghèo dân tộc thiểu số theo chuẩn nghèo đa chiều giai đoạn 2022-2026,rate_percent,2023,0,new_34,79,TP. Hồ Chí Minh
1.7.M,Tỷ lệ hộ cận nghèo/số hộ cận nghèo dân tộc thiểu số theo chuẩn nghèo đa chiều giai đoạn 2022-2026,rate_percent,2024,0,new_34,79,TP. Hồ Chí Minh
1.7.M,Tỷ lệ hộ cận nghèo/số hộ cận nghèo dân tộc thiểu số theo chuẩn nghèo đa chiều giai đoạn 2022-2026,count_households,2021,119,new_34,79,TP. Hồ Chí Minh
1.7.M,Tỷ lệ hộ cận nghèo/số hộ cận nghèo dân tộc thiểu số theo chuẩn nghèo đa chiều giai đoạn 2022-2026,count_households,2022,0,new_34,79,TP. Hồ Chí Minh
1.7.M,Tỷ lệ hộ cận nghèo/số hộ cận nghèo dân tộc thiểu số theo chuẩn nghèo đa chiều giai đoạn 2022-2026,count_households,2023,11,new_34,79,TP. Hồ Chí Minh
1.7.M,Tỷ lệ hộ cận nghèo/số hộ cận nghèo dân tộc thiểu số theo chuẩn nghèo đa chiều giai đoạn 2022-2026,count_households,2024,0,new_34,79,TP. Hồ Chí Minh
1.7.M,Tỷ lệ hộ cận nghèo/số hộ cận nghèo dân tộc thiểu số theo chuẩn nghèo đa chiều giai đoạn 2022-2026,rate_percent,2021,10.16990283,new_34,86,Vĩnh Long
1.7.M,Tỷ lệ hộ cận nghèo/số hộ cận nghèo dân tộc thiểu số theo chuẩn nghèo đa chiều giai đoạn 2022-2026,rate_percent,2022,10.79580897,new_34,86,Vĩnh Long
1.7.M,Tỷ lệ hộ cận nghèo/số hộ cận nghèo dân tộc thiểu số theo chuẩn nghèo đa chiều giai đoạn 2022-2026,rate_percent,2023,8.37507987,new_34,86,Vĩnh Long
1.7.M,Tỷ lệ hộ cận nghèo/số hộ cận nghèo dân tộc thiểu số theo chuẩn nghèo đa chiều giai đoạn 2022-2026,rate_percent,2024,6.194082682,new_34,86,Vĩnh Long
1.7.M,Tỷ lệ hộ cận nghèo/số hộ cận nghèo dân tộc thiểu số theo chuẩn nghèo đa chiều giai đoạn 2022-2026,count_households,2021,9900,new_34,86,Vĩnh Long
1.7.M,Tỷ lệ hộ cận nghèo/số hộ cận nghèo dân tộc thiểu số theo chuẩn nghèo đa chiều giai đoạn 2022-2026,count_households,2022,6111.084818,new_34,86,Vĩnh Long
1.7.M,Tỷ lệ hộ cận nghèo/số hộ cận nghèo dân tộc thiểu số theo chuẩn nghèo đa chiều giai đoạn 2022-2026,count_households,2023,3577,new_34,86,Vĩnh Long
1.7.M,Tỷ lệ hộ cận nghèo/số hộ cận nghèo dân tộc thiểu số theo chuẩn nghèo đa chiều giai đoạn 2022-2026,count_households,2024,2874,new_34,86,Vĩnh Long
1.7.M,Tỷ lệ hộ cận nghèo/số hộ cận nghèo dân tộc thiểu số theo chuẩn nghèo đa chiều giai đoạn 2022-2026,rate_percent,2021,28.05031447,new_34,82,Đồng Tháp
1.7.M,Tỷ lệ hộ cận nghèo/số hộ cận nghèo dân tộc thiểu số theo chuẩn nghèo đa chiều giai đoạn 2022-2026,rate_percent,2022,30.27253669,new_34,82,Đồng Tháp
1.7.M,Tỷ lệ hộ cận nghèo/số hộ cận nghèo dân tộc thiểu số theo chuẩn nghèo đa chiều giai đoạn 2022-2026,rate_percent,2023,4.237288136,new_34,82,Đồng Tháp
1.7.M,Tỷ lệ hộ cận nghèo/số hộ cận nghèo dân tộc thiểu số theo chuẩn nghèo đa chiều giai đoạn 2022-2026,rate_percent,2024,7,new_34,82,Đồng Tháp
1.7.M,Tỷ lệ hộ cận nghèo/số hộ cận nghèo dân tộc thiểu số theo chuẩn nghèo đa chiều giai đoạn 2022-2026,count_households,2021,26,new_34,82,Đồng Tháp
1.7.M,Tỷ lệ hộ cận nghèo/số hộ cận nghèo dân tộc thiểu số theo chuẩn nghèo đa chiều giai đoạn 2022-2026,count_households,2022,28,new_34,82,Đồng Tháp
1.7.M,Tỷ lệ hộ cận nghèo/số hộ cận nghèo dân tộc thiểu số theo chuẩn nghèo đa chiều giai đoạn 2022-2026,count_households,2023,5,new_34,82,Đồng Tháp
1.7.M,Tỷ lệ hộ cận nghèo/số hộ cận nghèo dân tộc thiểu số theo chuẩn nghèo đa chiều giai đoạn 2022-2026,count_households,2024,7,new_34,82,Đồng Tháp
1.7.M,Tỷ lệ hộ cận nghèo/số hộ cận nghèo dân tộc thiểu số theo chuẩn nghèo đa chiều giai đoạn 2022-2026,rate_percent,2021,6.949562608,new_34,91,An Giang
1.7.M,Tỷ lệ hộ cận nghèo/số hộ cận nghèo dân tộc thiểu số theo chuẩn nghèo đa chiều giai đoạn 2022-2026,rate_percent,2022,6.692595435,new_34,91,An Giang
1.7.M,Tỷ lệ hộ cận nghèo/số hộ cận nghèo dân tộc thiểu số theo chuẩn nghèo đa chiều giai đoạn 2022-2026,rate_percent,2023,5.120917834,new_34,91,An Giang
1.7.M,Tỷ lệ hộ cận nghèo/số hộ cận nghèo dân tộc thiểu số theo chuẩn nghèo đa chiều giai đoạn 2022-2026,rate_percent,2024,4.200823672,new_34,91,An Giang
1.7.M,Tỷ lệ hộ cận nghèo/số hộ cận nghèo dân tộc thiểu số theo chuẩn nghèo đa chiều giai đoạn 2022-2026,count_households,2021,6685,new_34,91,An Giang
1.7.M,Tỷ lệ hộ cận nghèo/số hộ cận nghèo dân tộc thiểu số theo chuẩn nghèo đa chiều giai đoạn 2022-2026,count_households,2022,5977,new_34,91,An Giang
1.7.M,Tỷ lệ hộ cận nghèo/số hộ cận nghèo dân tộc thiểu số theo chuẩn nghèo đa chiều giai đoạn 2022-2026,count_households,2023,4337,new_34,91,An Giang
1.7.M,Tỷ lệ hộ cận nghèo/số hộ cận nghèo dân tộc thiểu số theo chuẩn nghèo đa chiều giai đoạn 2022-2026,count_households,2024,3504,new_34,91,An Giang
1.7.M,Tỷ lệ hộ cận nghèo/số hộ cận nghèo dân tộc thiểu số theo chuẩn nghèo đa chiều giai đoạn 2022-2026,rate_percent,2021,8.156767342,new_34,92,Cần Thơ
1.7.M,Tỷ lệ hộ cận nghèo/số hộ cận nghèo dân tộc thiểu số theo chuẩn nghèo đa chiều giai đoạn 2022-2026,rate_percent,2022,6.155084366,new_34,92,Cần Thơ
1.7.M,Tỷ lệ hộ cận nghèo/số hộ cận nghèo dân tộc thiểu số theo chuẩn nghèo đa chiều giai đoạn 2022-2026,rate_percent,2023,6.219055026,new_34,92,Cần Thơ
1.7.M,Tỷ lệ hộ cận nghèo/số hộ cận nghèo dân tộc thiểu số theo chuẩn nghèo đa chiều giai đoạn 2022-2026,rate_percent,2024,5.188698001,new_34,92,Cần Thơ
1.7.M,Tỷ lệ hộ cận nghèo/số hộ cận nghèo dân tộc thiểu số theo chuẩn nghèo đa chiều giai đoạn 2022-2026,count_households,2021,13324,new_34,92,Cần Thơ
1.7.M,Tỷ lệ hộ cận nghèo/số hộ cận nghèo dân tộc thiểu số theo chuẩn nghèo đa chiều giai đoạn 2022-2026,count_households,2022,11695.29268,new_34,92,Cần Thơ
1.7.M,Tỷ lệ hộ cận nghèo/số hộ cận nghèo dân tộc thiểu số theo chuẩn nghèo đa chiều giai đoạn 2022-2026,count_households,2023,10071,new_34,92,Cần Thơ
1.7.M,Tỷ lệ hộ cận nghèo/số hộ cận nghèo dân tộc thiểu số theo chuẩn nghèo đa chiều giai đoạn 2022-2026,count_households,2024,7908,new_34,92,Cần Thơ
1.7.M,Tỷ lệ hộ cận nghèo/số hộ cận nghèo dân tộc thiểu số theo chuẩn nghèo đa chiều giai đoạn 2022-2026,rate_percent,2021,7.230042576,new_34,96,Cà Mau
1.7.M,Tỷ lệ hộ cận nghèo/số hộ cận nghèo dân tộc thiểu số theo chuẩn nghèo đa chiều giai đoạn 2022-2026,rate_percent,2022,6.501442782,new_34,96,Cà Mau
1.7.M,Tỷ lệ hộ cận nghèo/số hộ cận nghèo dân tộc thiểu số theo chuẩn nghèo đa chiều giai đoạn 2022-2026,rate_percent,2023,4.9332897,new_34,96,Cà Mau
1.7.M,Tỷ lệ hộ cận nghèo/số hộ cận nghèo dân tộc thiểu số theo chuẩn nghèo đa chiều giai đoạn 2022-2026,rate_percent,2024,2.984320774,new_34,96,Cà Mau
1.7.M,Tỷ lệ hộ cận nghèo/số hộ cận nghèo dân tộc thiểu số theo chuẩn nghèo đa chiều giai đoạn 2022-2026,count_households,2021,2653,new_34,96,Cà Mau
1.7.M,Tỷ lệ hộ cận nghèo/số hộ cận nghèo dân tộc thiểu số theo chuẩn nghèo đa chiều giai đoạn 2022-2026,count_households,2022,2385,new_34,96,Cà Mau
1.7.M,Tỷ lệ hộ cận nghèo/số hộ cận nghèo dân tộc thiểu số theo chuẩn nghèo đa chiều giai đoạn 2022-2026,count_households,2023,1513,new_34,96,Cà Mau
1.7.M,Tỷ lệ hộ cận nghèo/số hộ cận nghèo dân tộc thiểu số theo chuẩn nghèo đa chiều giai đoạn 2022-2026,count_households,2024,859,new_34,96,Cà Mau